timestamp,differential_potential_CH1,differential_potential_CH2
2022-03-03 04:00:00,3.89,-3.176
2022-03-03 04:00:00,3.89,-3.176
2022-03-03 04:00:01,4.015,-3.224
2022-03-03 04:00:03,4.203,-3.383
2022-03-03 04:00:05,4.214,-3.366
2022-03-03 04:00:07,4.214,-3.4
2022-03-03 04:00:08,4.035,-3.258
2022-03-03 04:00:10,3.95,-3.156
2022-03-03 04:00:12,3.915,-3.145
2022-03-03 04:00:14,4.094,-3.322
2022-03-03 04:00:15,4.188,-3.39
2022-03-03 04:00:17,4.206,-3.368
2022-03-03 04:00:19,4.213,-3.36
2022-03-03 04:00:20,3.865,-3.221
2022-03-03 04:00:22,3.903,-3.1750000000000003
2022-03-03 04:00:24,4.077,-3.254
2022-03-03 04:00:26,4.227,-3.408
2022-03-03 04:00:27,4.226,-3.37
2022-03-03 04:00:29,4.183,-3.35
2022-03-03 04:00:31,3.8970000000000002,-3.188
2022-03-03 04:00:33,3.864,-3.174
2022-03-03 04:00:34,3.985,-3.178
2022-03-03 04:00:36,4.119,-3.363
2022-03-03 04:00:38,4.186,-3.332
2022-03-03 04:00:40,4.2010000000000005,-3.354
2022-03-03 04:00:41,4.119,-3.251
2022-03-03 04:00:43,3.89,-3.169
2022-03-03 04:00:45,3.927,-3.1710000000000003
2022-03-03 04:00:47,4.027,-3.257
2022-03-03 04:00:48,4.16,-3.406
2022-03-03 04:00:50,4.168,-3.368
2022-03-03 04:00:52,4.1770000000000005,-3.326
2022-03-03 04:00:53,4.105,-3.295
2022-03-03 04:00:55,3.888,-3.196
2022-03-03 04:00:57,3.902,-3.193
2022-03-03 04:00:59,4.081,-3.3120000000000003
2022-03-03 04:01:00,4.174,-3.3970000000000002
2022-03-03 04:01:02,4.198,-3.352
2022-03-03 04:01:04,4.233,-3.404
2022-03-03 04:01:06,4.053,-3.2640000000000002
2022-03-03 04:01:07,3.902,-3.145
2022-03-03 04:01:09,3.891,-3.1830000000000003
2022-03-03 04:01:11,4.138,-3.299
2022-03-03 04:01:13,4.194,-3.458
2022-03-03 04:01:14,4.206,-3.351
2022-03-03 04:01:16,4.212,-3.359
2022-03-03 04:01:18,4.138,-3.335
2022-03-03 04:01:20,3.975,-3.2560000000000002
2022-03-03 04:01:21,3.868,-3.16
2022-03-03 04:01:23,3.983,-3.232
2022-03-03 04:01:25,4.122,-3.347
2022-03-03 04:01:26,4.18,-3.3810000000000002
2022-03-03 04:01:28,4.178,-3.358
2022-03-03 04:01:30,4.19,-3.414
2022-03-03 04:01:32,4.059,-3.287
2022-03-03 04:01:33,3.9130000000000003,-3.157
2022-03-03 04:01:35,3.914,-3.1390000000000002
2022-03-03 04:01:37,4.0440000000000005,-3.325
2022-03-03 04:01:39,4.228,-3.395
2022-03-03 04:01:40,4.223,-3.357
2022-03-03 04:01:42,4.1610000000000005,-3.374
2022-03-03 04:01:44,4.104,-3.321
2022-03-03 04:01:46,4.04,-3.2800000000000002
2022-03-03 04:01:47,3.914,-3.188
2022-03-03 04:01:49,3.902,-3.1670000000000003
2022-03-03 04:01:51,3.907,-3.144
2022-03-03 04:01:53,4.093,-3.271
2022-03-03 04:01:54,4.147,-3.332
2022-03-03 04:01:56,4.198,-3.34
2022-03-03 04:01:58,4.2,-3.34
2022-03-03 04:02:00,4.181,-3.357
2022-03-03 04:02:01,4.198,-3.358
2022-03-03 04:02:03,4.0920000000000005,-3.282
2022-03-03 04:02:05,3.862,-3.1910000000000003
2022-03-03 04:02:06,3.895,-3.1630000000000003
2022-03-03 04:02:08,3.974,-3.165
2022-03-03 04:02:10,4.048,-3.342
2022-03-03 04:02:12,4.158,-3.358
2022-03-03 04:02:13,4.1530000000000005,-3.333
2022-03-03 04:02:15,4.167,-3.314
2022-03-03 04:02:17,4.23,-3.379
2022-03-03 04:02:19,4.073,-3.278
2022-03-03 04:02:20,3.875,-3.1870000000000003
2022-03-03 04:02:22,3.856,-3.1950000000000003
2022-03-03 04:02:24,3.956,-3.196
2022-03-03 04:02:26,4.062,-3.213
2022-03-03 04:02:27,4.124,-3.379
2022-03-03 04:02:29,4.166,-3.4170000000000003
2022-03-03 04:02:31,4.18,-3.359
2022-03-03 04:02:33,4.164,-3.342
2022-03-03 04:02:34,4.247,-3.322
2022-03-03 04:02:36,4.164,-3.363
2022-03-03 04:02:38,4.095,-3.307
2022-03-03 04:02:39,3.898,-3.144
2022-03-03 04:02:41,3.876,-3.184
2022-03-03 04:02:43,3.986,-3.247
2022-03-03 04:02:45,4.1290000000000004,-3.387
2022-03-03 04:02:46,4.144,-3.336
2022-03-03 04:02:48,4.155,-3.331
2022-03-03 04:02:50,4.176,-3.4250000000000003
2022-03-03 04:02:52,4.031,-3.285
2022-03-03 04:02:53,3.888,-3.161
2022-03-03 04:02:55,3.875,-3.192
2022-03-03 04:02:57,3.973,-3.207
2022-03-03 04:02:59,4.1,-3.314
2022-03-03 04:03:00,4.148,-3.358
2022-03-03 04:03:02,4.1610000000000005,-3.355
2022-03-03 04:03:04,4.168,-3.379
2022-03-03 04:03:06,4.2090000000000005,-3.39
2022-03-03 04:03:07,4.097,-3.317
2022-03-03 04:03:09,3.9410000000000003,-3.229
2022-03-03 04:03:11,3.879,-3.174
2022-03-03 04:03:12,3.873,-3.2
2022-03-03 04:03:14,3.997,-3.161
2022-03-03 04:03:16,4.066,-3.321
2022-03-03 04:03:18,4.189,-3.4130000000000003
2022-03-03 04:03:19,4.154,-3.347
2022-03-03 04:03:21,4.162,-3.343
2022-03-03 04:03:23,4.1770000000000005,-3.392
2022-03-03 04:03:25,4.007,-3.2760000000000002
2022-03-03 04:03:26,3.89,-3.189
2022-03-03 04:03:28,3.8890000000000002,-3.184
2022-03-03 04:03:30,4.077,-3.3200000000000003
2022-03-03 04:03:32,4.157,-3.419
2022-03-03 04:03:33,4.1850000000000005,-3.387
2022-03-03 04:03:35,4.1850000000000005,-3.423
2022-03-03 04:03:37,4.026,-3.267
2022-03-03 04:03:39,3.856,-3.129
2022-03-03 04:03:40,3.934,-3.184
2022-03-03 04:03:42,4.054,-3.3080000000000003
2022-03-03 04:03:44,4.151,-3.332
2022-03-03 04:03:46,4.179,-3.337
2022-03-03 04:03:47,4.0920000000000005,-3.359
2022-03-03 04:03:49,3.895,-3.222
2022-03-03 04:03:51,3.839,-3.1430000000000002
2022-03-03 04:03:52,3.9290000000000003,-3.178
2022-03-03 04:03:54,4.0920000000000005,-3.3200000000000003
2022-03-03 04:03:56,4.154,-3.346
2022-03-03 04:03:58,4.187,-3.348
2022-03-03 04:03:59,4.196,-3.361
2022-03-03 04:04:01,3.979,-3.2600000000000002
2022-03-03 04:04:03,3.8810000000000002,-3.1790000000000003
2022-03-03 04:04:05,3.91,-3.172
2022-03-03 04:04:06,4.085,-3.348
2022-03-03 04:04:08,4.159,-3.4210000000000003
2022-03-03 04:04:10,4.186,-3.319
2022-03-03 04:04:12,4.213,-3.327
2022-03-03 04:04:13,4.072,-3.298
2022-03-03 04:04:15,3.855,-3.1790000000000003
2022-03-03 04:04:17,3.87,-3.153
2022-03-03 04:04:19,3.89,-3.128
2022-03-03 04:04:20,4.032,-3.3000000000000003
2022-03-03 04:04:22,4.228,-3.388
2022-03-03 04:04:24,4.166,-3.338
2022-03-03 04:04:25,4.147,-3.318
2022-03-03 04:04:27,4.165,-3.372
2022-03-03 04:04:29,4.016,-3.227
2022-03-03 04:04:31,3.895,-3.129
2022-03-03 04:04:32,3.868,-3.145
2022-03-03 04:04:34,3.977,-3.213
2022-03-03 04:04:36,4.074,-3.3040000000000003
2022-03-03 04:04:38,4.131,-3.334
2022-03-03 04:04:39,4.126,-3.33
2022-03-03 04:04:41,4.154,-3.415
2022-03-03 04:04:43,3.978,-3.253
2022-03-03 04:04:45,3.842,-3.1790000000000003
2022-03-03 04:04:46,3.975,-3.166
2022-03-03 04:04:48,4.1,-3.275
2022-03-03 04:04:50,4.162,-3.325
2022-03-03 04:04:52,4.182,-3.359
2022-03-03 04:04:53,4.17,-3.318
2022-03-03 04:04:55,4.133,-3.404
2022-03-03 04:04:57,4.0,-3.229
2022-03-03 04:04:58,3.8320000000000003,-3.212
2022-03-03 04:05:00,3.883,-3.1550000000000002
2022-03-03 04:05:02,4.017,-3.233
2022-03-03 04:05:04,4.081,-3.307
2022-03-03 04:05:05,4.157,-3.387
2022-03-03 04:05:07,4.107,-3.344
2022-03-03 04:05:09,4.159,-3.282
2022-03-03 04:05:11,4.159,-3.317
2022-03-03 04:05:12,4.176,-3.31
2022-03-03 04:05:14,4.218,-3.3810000000000002
2022-03-03 04:05:16,4.124,-3.402
2022-03-03 04:05:18,4.098,-3.33
2022-03-03 04:05:19,3.97,-3.225
2022-03-03 04:05:21,3.831,-3.188
2022-03-03 04:05:23,3.865,-3.181
2022-03-03 04:05:25,3.874,-3.162
2022-03-03 04:05:26,3.8810000000000002,-3.177
2022-03-03 04:05:28,4.038,-3.261
2022-03-03 04:05:30,4.102,-3.339
2022-03-03 04:05:32,4.139,-3.365
2022-03-03 04:05:33,4.146,-3.361
2022-03-03 04:05:35,4.206,-3.365
2022-03-03 04:05:37,4.155,-3.44
2022-03-03 04:05:38,4.061,-3.267
2022-03-03 04:05:40,3.862,-3.172
2022-03-03 04:05:42,3.87,-3.112
2022-03-03 04:05:44,3.84,-3.1550000000000002
2022-03-03 04:05:45,4.013,-3.271
2022-03-03 04:05:47,4.158,-3.4450000000000003
2022-03-03 04:05:49,4.151,-3.358
2022-03-03 04:05:51,4.151,-3.311
2022-03-03 04:05:52,4.147,-3.388
2022-03-03 04:05:54,3.971,-3.274
2022-03-03 04:05:56,3.856,-3.1870000000000003
2022-03-03 04:05:58,3.86,-3.214
2022-03-03 04:05:59,4.03,-3.258
2022-03-03 04:06:01,4.069,-3.365
2022-03-03 04:06:03,4.152,-3.3810000000000002
2022-03-03 04:06:05,4.182,-3.36
2022-03-03 04:06:06,4.188,-3.383
2022-03-03 04:06:08,4.098,-3.3280000000000003
2022-03-03 04:06:10,3.9290000000000003,-3.24
2022-03-03 04:06:11,3.861,-3.177
2022-03-03 04:06:13,3.867,-3.178
2022-03-03 04:06:15,3.968,-3.25
2022-03-03 04:06:17,4.11,-3.4010000000000002
2022-03-03 04:06:18,4.163,-3.387
2022-03-03 04:06:20,4.181,-3.373
2022-03-03 04:06:22,4.05,-3.347
2022-03-03 04:06:24,3.88,-3.1870000000000003
2022-03-03 04:06:25,3.871,-3.117
2022-03-03 04:06:27,4.017,-3.157
2022-03-03 04:06:29,4.182,-3.295
2022-03-03 04:06:31,4.179,-3.263
2022-03-03 04:06:32,4.2170000000000005,-3.253
2022-03-03 04:06:34,4.018,-3.186
2022-03-03 04:06:36,3.861,-3.061
2022-03-03 04:06:38,3.876,-3.044
2022-03-03 04:06:39,4.027,-3.176
2022-03-03 04:06:41,4.158,-3.244
2022-03-03 04:06:43,4.148,-3.3040000000000003
2022-03-03 04:06:44,4.091,-3.294
2022-03-03 04:06:46,3.97,-3.206
2022-03-03 04:06:48,3.86,-3.118
2022-03-03 04:06:50,3.861,-3.0620000000000003
2022-03-03 04:06:51,4.031,-3.182
2022-03-03 04:06:53,4.141,-3.2880000000000003
2022-03-03 04:06:55,4.143,-3.326
2022-03-03 04:06:57,4.173,-3.314
2022-03-03 04:06:58,3.978,-3.23
2022-03-03 04:07:00,3.8240000000000003,-3.107
2022-03-03 04:07:02,3.865,-3.16
2022-03-03 04:07:04,4.013,-3.222
2022-03-03 04:07:05,4.133,-3.368
2022-03-03 04:07:07,4.109,-3.3160000000000003
2022-03-03 04:07:09,4.116,-3.275
2022-03-03 04:07:11,4.118,-3.371
2022-03-03 04:07:12,3.9530000000000003,-3.228
2022-03-03 04:07:14,3.862,-3.111
2022-03-03 04:07:16,3.847,-3.101
2022-03-03 04:07:18,3.9410000000000003,-3.166
2022-03-03 04:07:19,4.074,-3.317
2022-03-03 04:07:21,4.151,-3.33
2022-03-03 04:07:23,4.11,-3.327
2022-03-03 04:07:24,4.166,-3.3000000000000003
2022-03-03 04:07:26,4.045,-3.303
2022-03-03 04:07:28,3.8080000000000003,-3.168
2022-03-03 04:07:30,3.8120000000000003,-3.106
2022-03-03 04:07:31,3.94,-3.12
2022-03-03 04:07:33,4.104,-3.344
2022-03-03 04:07:35,4.139,-3.388
2022-03-03 04:07:37,4.15,-3.295
2022-03-03 04:07:38,4.143,-3.309
2022-03-03 04:07:40,4.133,-3.365
2022-03-03 04:07:42,4.035,-3.299
2022-03-03 04:07:44,3.9250000000000003,-3.222
2022-03-03 04:07:45,3.822,-3.1790000000000003
2022-03-03 04:07:47,3.858,-3.162
2022-03-03 04:07:49,3.89,-3.172
2022-03-03 04:07:51,4.011,-3.2840000000000003
2022-03-03 04:07:52,4.154,-3.3970000000000002
2022-03-03 04:07:54,4.172,-3.3200000000000003
2022-03-03 04:07:56,4.111,-3.348
2022-03-03 04:07:57,4.1370000000000005,-3.375
2022-03-03 04:07:59,4.031,-3.302
2022-03-03 04:08:01,3.827,-3.115
2022-03-03 04:08:03,3.857,-3.165
2022-03-03 04:08:04,3.9330000000000003,-3.15
2022-03-03 04:08:06,4.006,-3.254
2022-03-03 04:08:08,4.155,-3.412
2022-03-03 04:08:10,4.152,-3.329
2022-03-03 04:08:11,4.1850000000000005,-3.3890000000000002
2022-03-03 04:08:13,3.962,-3.228
2022-03-03 04:08:15,3.827,-3.157
2022-03-03 04:08:17,3.833,-3.132
2022-03-03 04:08:18,3.892,-3.165
2022-03-03 04:08:20,4.074,-3.35
2022-03-03 04:08:22,4.132,-3.311
2022-03-03 04:08:24,4.183,-3.341
2022-03-03 04:08:25,4.093,-3.2840000000000003
2022-03-03 04:08:27,3.845,-3.1870000000000003
2022-03-03 04:08:29,3.818,-3.1270000000000002
2022-03-03 04:08:30,4.008,-3.214
2022-03-03 04:08:32,4.143,-3.384
2022-03-03 04:08:34,4.14,-3.2960000000000003
2022-03-03 04:08:36,4.184,-3.327
2022-03-03 04:08:37,4.072,-3.3000000000000003
2022-03-03 04:08:39,3.8240000000000003,-3.184
2022-03-03 04:08:41,3.871,-3.141
2022-03-03 04:08:43,3.94,-3.177
2022-03-03 04:08:44,4.081,-3.314
2022-03-03 04:08:46,4.155,-3.344
2022-03-03 04:08:48,4.139,-3.35
2022-03-03 04:08:50,4.11,-3.345
2022-03-03 04:08:51,4.033,-3.285
2022-03-03 04:08:53,3.8280000000000003,-3.162
2022-03-03 04:08:55,3.837,-3.145
2022-03-03 04:08:57,3.999,-3.245
2022-03-03 04:08:58,4.173,-3.402
2022-03-03 04:09:00,4.14,-3.332
2022-03-03 04:09:02,4.168,-3.3120000000000003
2022-03-03 04:09:04,4.037,-3.2800000000000002
2022-03-03 04:09:05,3.84,-3.138
2022-03-03 04:09:07,3.858,-3.156
2022-03-03 04:09:09,3.999,-3.25
2022-03-03 04:09:10,4.136,-3.404
2022-03-03 04:09:12,4.079,-3.342
2022-03-03 04:09:14,4.09,-3.323
2022-03-03 04:09:16,4.0360000000000005,-3.348
2022-03-03 04:09:17,3.951,-3.248
2022-03-03 04:09:19,3.853,-3.1630000000000003
2022-03-03 04:09:21,3.818,-3.13
2022-03-03 04:09:23,4.005,-3.257
2022-03-03 04:09:24,4.094,-3.371
2022-03-03 04:09:26,4.105,-3.29
2022-03-03 04:09:28,4.118,-3.336
2022-03-03 04:09:30,4.157,-3.327
2022-03-03 04:09:31,4.006,-3.278
2022-03-03 04:09:33,3.883,-3.2
2022-03-03 04:09:35,3.8360000000000003,-3.1750000000000003
2022-03-03 04:09:37,3.826,-3.166
2022-03-03 04:09:38,3.869,-3.1590000000000003
2022-03-03 04:09:40,4.002,-3.271
2022-03-03 04:09:42,4.095,-3.357
2022-03-03 04:09:43,4.127,-3.329
2022-03-03 04:09:45,4.098,-3.391
2022-03-03 04:09:47,4.079,-3.293
2022-03-03 04:09:49,4.07,-3.2960000000000003
2022-03-03 04:09:50,4.027,-3.294
2022-03-03 04:09:52,3.794,-3.1390000000000002
2022-03-03 04:09:54,3.821,-3.1790000000000003
2022-03-03 04:09:56,3.894,-3.1390000000000002
2022-03-03 04:09:57,4.007,-3.236
2022-03-03 04:09:59,4.158,-3.386
2022-03-03 04:10:01,4.134,-3.297
2022-03-03 04:10:03,4.103,-3.356
2022-03-03 04:10:04,4.087,-3.402
2022-03-03 04:10:06,4.041,-3.29
2022-03-03 04:10:08,3.805,-3.216
2022-03-03 04:10:10,3.818,-3.149
2022-03-03 04:10:11,3.86,-3.173
2022-03-03 04:10:13,3.976,-3.238
2022-03-03 04:10:15,4.111,-3.345
2022-03-03 04:10:16,4.13,-3.326
2022-03-03 04:10:18,4.15,-3.305
2022-03-03 04:10:20,4.05,-3.315
2022-03-03 04:10:22,3.856,-3.136
2022-03-03 04:10:23,3.786,-3.107
2022-03-03 04:10:25,3.8970000000000002,-3.113
2022-03-03 04:10:27,4.014,-3.244
2022-03-03 04:10:29,4.103,-3.446
2022-03-03 04:10:30,4.136,-3.31
2022-03-03 04:10:32,4.1610000000000005,-3.36
2022-03-03 04:10:34,4.0,-3.232
2022-03-03 04:10:36,3.814,-3.129
2022-03-03 04:10:37,3.8240000000000003,-3.158
2022-03-03 04:10:39,3.987,-3.2
2022-03-03 04:10:41,4.047,-3.322
2022-03-03 04:10:43,4.1,-3.338
2022-03-03 04:10:44,4.081,-3.293
2022-03-03 04:10:46,4.079,-3.34
2022-03-03 04:10:48,4.167,-3.2880000000000003
2022-03-03 04:10:50,4.0360000000000005,-3.343
2022-03-03 04:10:51,3.884,-3.225
2022-03-03 04:10:53,3.818,-3.1790000000000003
2022-03-03 04:10:55,3.802,-3.165
2022-03-03 04:10:56,3.838,-3.185
2022-03-03 04:10:58,3.999,-3.313
2022-03-03 04:11:00,4.08,-3.337
2022-03-03 04:11:02,4.156,-3.3240000000000003
2022-03-03 04:11:03,4.127,-3.33
2022-03-03 04:11:05,4.1,-3.318
2022-03-03 04:11:07,4.14,-3.378
2022-03-03 04:11:09,4.011,-3.318
2022-03-03 04:11:10,3.903,-3.184
2022-03-03 04:11:12,3.835,-3.1670000000000003
2022-03-03 04:11:14,3.809,-3.154
2022-03-03 04:11:16,3.854,-3.165
2022-03-03 04:11:17,3.9250000000000003,-3.168
2022-03-03 04:11:19,3.988,-3.289
2022-03-03 04:11:21,4.067,-3.347
2022-03-03 04:11:23,4.113,-3.327
2022-03-03 04:11:24,4.13,-3.331
2022-03-03 04:11:26,4.082,-3.356
2022-03-03 04:11:28,4.1,-3.2840000000000003
2022-03-03 04:11:29,4.0600000000000005,-3.322
2022-03-03 04:11:31,4.0120000000000005,-3.242
2022-03-03 04:11:33,3.786,-3.19
2022-03-03 04:11:35,3.834,-3.112
2022-03-03 04:11:36,3.8320000000000003,-3.116
2022-03-03 04:11:38,3.882,-3.162
2022-03-03 04:11:40,3.987,-3.239
2022-03-03 04:11:42,4.122,-3.319
2022-03-03 04:11:43,4.116,-3.33
2022-03-03 04:11:45,4.094,-3.306
2022-03-03 04:11:47,4.131,-3.369
2022-03-03 04:11:49,4.0280000000000005,-3.2960000000000003
2022-03-03 04:11:50,3.8080000000000003,-3.1870000000000003
2022-03-03 04:11:52,3.838,-3.15
2022-03-03 04:11:54,3.817,-3.1670000000000003
2022-03-03 04:11:56,3.998,-3.192
2022-03-03 04:11:57,4.039,-3.339
2022-03-03 04:11:59,4.1290000000000004,-3.366
2022-03-03 04:12:01,4.117,-3.339
2022-03-03 04:12:02,4.093,-3.325
2022-03-03 04:12:04,4.141,-3.321
2022-03-03 04:12:06,3.952,-3.232
2022-03-03 04:12:08,3.85,-3.096
2022-03-03 04:12:09,3.791,-3.098
2022-03-03 04:12:11,3.8810000000000002,-3.162
2022-03-03 04:12:13,3.972,-3.211
2022-03-03 04:12:15,4.082,-3.3200000000000003
2022-03-03 04:12:16,4.088,-3.293
2022-03-03 04:12:18,4.103,-3.2920000000000003
2022-03-03 04:12:20,4.126,-3.376
2022-03-03 04:12:22,4.04,-3.341
2022-03-03 04:12:23,4.05,-3.282
2022-03-03 04:12:25,3.855,-3.1830000000000003
2022-03-03 04:12:27,3.817,-3.165
2022-03-03 04:12:29,3.791,-3.134
2022-03-03 04:12:30,3.813,-3.166
2022-03-03 04:12:32,3.918,-3.222
2022-03-03 04:12:34,4.063,-3.287
2022-03-03 04:12:36,4.148,-3.373
2022-03-03 04:12:37,4.115,-3.293
2022-03-03 04:12:39,4.114,-3.277
2022-03-03 04:12:41,4.127,-3.323
2022-03-03 04:12:42,4.173,-3.34
2022-03-03 04:12:44,4.122,-3.383
2022-03-03 04:12:46,4.045,-3.307
2022-03-03 04:12:48,3.894,-3.211
2022-03-03 04:12:49,3.799,-3.115
2022-03-03 04:12:51,3.7680000000000002,-3.113
2022-03-03 04:12:53,3.7920000000000003,-3.145
2022-03-03 04:12:55,3.983,-3.173
2022-03-03 04:12:56,3.997,-3.278
2022-03-03 04:12:58,4.109,-3.3080000000000003
2022-03-03 04:13:00,4.088,-3.322
2022-03-03 04:13:02,4.12,-3.241
2022-03-03 04:13:03,4.1610000000000005,-3.325
2022-03-03 04:13:05,4.048,-3.2880000000000003
2022-03-03 04:13:07,3.992,-3.2760000000000002
2022-03-03 04:13:09,3.7720000000000002,-3.1310000000000002
2022-03-03 04:13:10,3.802,-3.109
2022-03-03 04:13:12,3.825,-3.156
2022-03-03 04:13:14,3.7920000000000003,-3.126
2022-03-03 04:13:15,3.9410000000000003,-3.141
2022-03-03 04:13:17,3.99,-3.222
2022-03-03 04:13:19,4.142,-3.356
2022-03-03 04:13:21,4.119,-3.359
2022-03-03 04:13:22,4.104,-3.2800000000000002
2022-03-03 04:13:24,4.103,-3.3040000000000003
2022-03-03 04:13:26,4.152,-3.3080000000000003
2022-03-03 04:13:28,4.119,-3.36
2022-03-03 04:13:29,4.026,-3.271
2022-03-03 04:13:31,3.954,-3.221
2022-03-03 04:13:33,3.948,-3.208
2022-03-03 04:13:35,3.912,-3.217
2022-03-03 04:13:36,3.8080000000000003,-3.117
2022-03-03 04:13:38,3.781,-3.1350000000000002
2022-03-03 04:13:40,3.7560000000000002,-3.138
2022-03-03 04:13:42,3.7880000000000003,-3.102
2022-03-03 04:13:43,3.872,-3.104
2022-03-03 04:13:45,3.979,-3.215
2022-03-03 04:13:47,3.981,-3.225
2022-03-03 04:13:49,3.995,-3.313
2022-03-03 04:13:50,4.111,-3.371
2022-03-03 04:13:52,4.116,-3.392
2022-03-03 04:13:54,4.099,-3.419
2022-03-03 04:13:55,4.079,-3.3970000000000002
2022-03-03 04:13:57,4.098,-3.3280000000000003
2022-03-03 04:13:59,4.113,-3.315
2022-03-03 04:14:01,4.126,-3.334
2022-03-03 04:14:02,4.081,-3.3890000000000002
2022-03-03 04:14:04,4.001,-3.2840000000000003
2022-03-03 04:14:06,3.795,-3.201
2022-03-03 04:14:08,3.825,-3.1270000000000002
2022-03-03 04:14:09,3.7880000000000003,-3.125
2022-03-03 04:14:11,3.795,-3.161
2022-03-03 04:14:13,3.912,-3.156
2022-03-03 04:14:15,4.024,-3.3160000000000003
2022-03-03 04:14:16,4.142,-3.348
2022-03-03 04:14:18,4.077,-3.269
2022-03-03 04:14:20,4.075,-3.351
2022-03-03 04:14:22,4.078,-3.356
2022-03-03 04:14:23,4.018,-3.283
2022-03-03 04:14:25,3.765,-3.169
2022-03-03 04:14:27,3.785,-3.156
2022-03-03 04:14:28,3.81,-3.144
2022-03-03 04:14:30,3.867,-3.136
2022-03-03 04:14:32,3.997,-3.261
2022-03-03 04:14:34,4.136,-3.335
2022-03-03 04:14:35,4.072,-3.285
2022-03-03 04:14:37,4.106,-3.291
2022-03-03 04:14:39,4.124,-3.334
2022-03-03 04:14:41,4.094,-3.327
2022-03-03 04:14:42,3.916,-3.197
2022-03-03 04:14:44,3.802,-3.166
2022-03-03 04:14:46,3.782,-3.138
2022-03-03 04:14:48,3.814,-3.158
2022-03-03 04:14:49,3.869,-3.153
2022-03-03 04:14:51,3.956,-3.228
2022-03-03 04:14:53,4.0280000000000005,-3.283
2022-03-03 04:14:55,4.1,-3.342
2022-03-03 04:14:56,4.094,-3.353
2022-03-03 04:14:58,4.111,-3.267
2022-03-03 04:15:00,4.111,-3.3240000000000003
2022-03-03 04:15:01,4.046,-3.298
2022-03-03 04:15:03,3.979,-3.232
2022-03-03 04:15:05,3.769,-3.122
2022-03-03 04:15:07,3.782,-3.145
2022-03-03 04:15:08,3.801,-3.114
2022-03-03 04:15:10,3.914,-3.065
2022-03-03 04:15:12,3.883,-3.1790000000000003
2022-03-03 04:15:14,4.035,-3.245
2022-03-03 04:15:15,4.102,-3.39
2022-03-03 04:15:17,4.119,-3.309
2022-03-03 04:15:19,4.099,-3.265
2022-03-03 04:15:21,4.087,-3.35
2022-03-03 04:15:22,4.056,-3.315
2022-03-03 04:15:24,4.108,-3.313
2022-03-03 04:15:26,3.984,-3.244
2022-03-03 04:15:28,3.848,-3.194
2022-03-03 04:15:29,3.743,-3.109
2022-03-03 04:15:31,3.774,-3.125
2022-03-03 04:15:33,3.803,-3.076
2022-03-03 04:15:35,3.9170000000000003,-3.1390000000000002
2022-03-03 04:15:36,3.964,-3.27
2022-03-03 04:15:38,4.1370000000000005,-3.33
2022-03-03 04:15:40,4.098,-3.311
2022-03-03 04:15:41,4.053,-3.31
2022-03-03 04:15:43,4.094,-3.3160000000000003
2022-03-03 04:15:45,4.061,-3.302
2022-03-03 04:15:47,4.093,-3.358
2022-03-03 04:15:48,4.0,-3.353
2022-03-03 04:15:50,3.9410000000000003,-3.211
2022-03-03 04:15:52,3.7560000000000002,-3.118
2022-03-03 04:15:54,3.773,-3.097
2022-03-03 04:15:55,3.8200000000000003,-3.117
2022-03-03 04:15:57,3.844,-3.1
2022-03-03 04:15:59,3.981,-3.24
2022-03-03 04:16:01,4.135,-3.33
2022-03-03 04:16:02,4.064,-3.302
2022-03-03 04:16:04,4.078,-3.2960000000000003
2022-03-03 04:16:06,4.0520000000000005,-3.298
2022-03-03 04:16:08,3.983,-3.205
2022-03-03 04:16:09,3.731,-3.051
2022-03-03 04:16:11,3.775,-3.047
2022-03-03 04:16:13,3.7960000000000003,-3.06
2022-03-03 04:16:14,3.952,-3.153
2022-03-03 04:16:16,4.041,-3.224
2022-03-03 04:16:18,4.089,-3.321
2022-03-03 04:16:20,4.088,-3.2880000000000003
2022-03-03 04:16:21,4.073,-3.262
2022-03-03 04:16:23,4.136,-3.2560000000000002
2022-03-03 04:16:25,4.01,-3.257
2022-03-03 04:16:27,4.014,-3.215
2022-03-03 04:16:28,3.873,-3.133
2022-03-03 04:16:30,3.754,-3.097
2022-03-03 04:16:32,3.765,-3.078
2022-03-03 04:16:34,3.783,-3.117
2022-03-03 04:16:35,3.985,-3.229
2022-03-03 04:16:37,4.069,-3.347
2022-03-03 04:16:39,4.086,-3.29
2022-03-03 04:16:41,4.086,-3.267
2022-03-03 04:16:42,4.069,-3.315
2022-03-03 04:16:44,4.1,-3.337
2022-03-03 04:16:46,4.049,-3.298
2022-03-03 04:16:47,3.942,-3.223
2022-03-03 04:16:49,3.773,-3.15
2022-03-03 04:16:51,3.767,-3.119
2022-03-03 04:16:53,3.794,-3.115
2022-03-03 04:16:54,3.847,-3.107
2022-03-03 04:16:56,3.9410000000000003,-3.204
2022-03-03 04:16:58,4.073,-3.294
2022-03-03 04:17:00,4.081,-3.375
2022-03-03 04:17:01,4.065,-3.287
2022-03-03 04:17:03,4.085,-3.281
2022-03-03 04:17:05,4.096,-3.2680000000000002
2022-03-03 04:17:07,4.018,-3.287
2022-03-03 04:17:08,3.966,-3.2520000000000002
2022-03-03 04:17:10,3.778,-3.156
2022-03-03 04:17:12,3.769,-3.112
2022-03-03 04:17:14,3.7960000000000003,-3.15
2022-03-03 04:17:15,3.906,-3.174
2022-03-03 04:17:17,4.021,-3.239
2022-03-03 04:17:19,4.101,-3.318
2022-03-03 04:17:21,4.073,-3.279
2022-03-03 04:17:22,4.022,-3.289
2022-03-03 04:17:24,4.096,-3.3120000000000003
2022-03-03 04:17:26,3.99,-3.212
2022-03-03 04:17:27,3.801,-3.178
2022-03-03 04:17:29,3.767,-3.118
2022-03-03 04:17:31,3.762,-3.108
2022-03-03 04:17:33,3.797,-3.142
2022-03-03 04:17:34,3.8810000000000002,-3.13
2022-03-03 04:17:36,3.926,-3.214
2022-03-03 04:17:38,4.047,-3.3120000000000003
2022-03-03 04:17:40,4.073,-3.3080000000000003
2022-03-03 04:17:41,4.039,-3.319
2022-03-03 04:17:43,4.118,-3.33
2022-03-03 04:17:45,3.994,-3.289
2022-03-03 04:17:47,3.8160000000000003,-3.189
2022-03-03 04:17:48,3.7640000000000002,-3.097
2022-03-03 04:17:50,3.778,-3.096
2022-03-03 04:17:52,3.826,-3.102
2022-03-03 04:17:54,3.922,-3.17
2022-03-03 04:17:55,3.974,-3.297
2022-03-03 04:17:57,4.062,-3.331
2022-03-03 04:17:59,4.097,-3.297
2022-03-03 04:18:00,4.081,-3.299
2022-03-03 04:18:02,4.142,-3.282
2022-03-03 04:18:04,4.002,-3.2520000000000002
2022-03-03 04:18:06,3.85,-3.188
2022-03-03 04:18:07,3.798,-3.079
2022-03-03 04:18:09,3.778,-3.114
2022-03-03 04:18:11,3.803,-3.08
2022-03-03 04:18:13,3.8770000000000002,-3.1710000000000003
2022-03-03 04:18:14,3.99,-3.269
2022-03-03 04:18:16,4.103,-3.368
2022-03-03 04:18:18,4.054,-3.323
2022-03-03 04:18:20,4.062,-3.326
2022-03-03 04:18:21,4.027,-3.333
2022-03-03 04:18:23,4.0280000000000005,-3.371
2022-03-03 04:18:25,3.899,-3.205
2022-03-03 04:18:27,3.743,-3.114
2022-03-03 04:18:28,3.797,-3.092
2022-03-03 04:18:30,3.806,-3.093
2022-03-03 04:18:32,3.873,-3.1950000000000003
2022-03-03 04:18:34,4.022,-3.263
2022-03-03 04:18:35,4.09,-3.348
2022-03-03 04:18:37,4.081,-3.309
2022-03-03 04:18:39,4.032,-3.231
2022-03-03 04:18:40,4.038,-3.2960000000000003
2022-03-03 04:18:42,3.967,-3.211
2022-03-03 04:18:44,3.701,-3.173
2022-03-03 04:18:46,3.7520000000000002,-3.117
2022-03-03 04:18:47,3.803,-3.1270000000000002
2022-03-03 04:18:49,4.003,-3.263
2022-03-03 04:18:51,4.08,-3.293
2022-03-03 04:18:53,4.042,-3.307
2022-03-03 04:18:54,4.067,-3.339
2022-03-03 04:18:56,3.817,-3.188
2022-03-03 04:18:58,3.7640000000000002,-3.174
2022-03-03 04:19:00,3.778,-3.0620000000000003
2022-03-03 04:19:01,3.958,-3.2600000000000002
2022-03-03 04:19:03,4.07,-3.361
2022-03-03 04:19:05,4.0760000000000005,-3.285
2022-03-03 04:19:07,4.088,-3.33
2022-03-03 04:19:08,3.94,-3.248
2022-03-03 04:19:10,3.774,-3.074
2022-03-03 04:19:12,3.757,-3.134
2022-03-03 04:19:13,3.845,-3.1390000000000002
2022-03-03 04:19:15,4.005,-3.283
2022-03-03 04:19:17,4.057,-3.311
2022-03-03 04:19:19,4.064,-3.2880000000000003
2022-03-03 04:19:20,4.04,-3.334
2022-03-03 04:19:22,3.904,-3.216
2022-03-03 04:19:24,3.79,-3.164
2022-03-03 04:19:26,3.765,-3.083
2022-03-03 04:19:27,3.7880000000000003,-3.121
2022-03-03 04:19:29,3.886,-3.111
2022-03-03 04:19:31,4.047,-3.3160000000000003
2022-03-03 04:19:33,4.013,-3.266
2022-03-03 04:19:34,4.051,-3.3000000000000003
2022-03-03 04:19:36,4.119,-3.271
2022-03-03 04:19:38,4.007,-3.259
2022-03-03 04:19:40,3.8360000000000003,-3.1550000000000002
2022-03-03 04:19:41,3.777,-3.104
2022-03-03 04:19:43,3.7640000000000002,-3.097
2022-03-03 04:19:45,3.786,-3.133
2022-03-03 04:19:46,3.931,-3.184
2022-03-03 04:19:48,3.981,-3.2720000000000002
2022-03-03 04:19:50,4.0520000000000005,-3.2960000000000003
2022-03-03 04:19:52,4.027,-3.307
2022-03-03 04:19:53,4.043,-3.372
2022-03-03 04:19:55,3.982,-3.277
2022-03-03 04:19:57,3.754,-3.11
2022-03-03 04:19:59,3.7560000000000002,-3.101
2022-03-03 04:20:00,3.762,-3.114
2022-03-03 04:20:02,3.902,-3.1510000000000002
2022-03-03 04:20:04,3.966,-3.293
2022-03-03 04:20:06,4.025,-3.255
2022-03-03 04:20:07,4.043,-3.245
2022-03-03 04:20:09,4.07,-3.287
2022-03-03 04:20:11,3.986,-3.307
2022-03-03 04:20:13,3.969,-3.2680000000000002
2022-03-03 04:20:14,3.727,-3.117
2022-03-03 04:20:16,3.708,-3.081
2022-03-03 04:20:18,3.834,-3.015
2022-03-03 04:20:20,3.936,-3.204
2022-03-03 04:20:21,4.0840000000000005,-3.314
2022-03-03 04:20:23,4.063,-3.2800000000000002
2022-03-03 04:20:25,4.091,-3.323
2022-03-03 04:20:26,3.998,-3.258
2022-03-03 04:20:28,3.942,-3.209
2022-03-03 04:20:30,3.754,-3.0660000000000003
2022-03-03 04:20:32,3.734,-3.0540000000000003
2022-03-03 04:20:33,3.888,-3.19
2022-03-03 04:20:35,4.066,-3.319
2022-03-03 04:20:37,4.054,-3.27
2022-03-03 04:20:39,4.035,-3.293
2022-03-03 04:20:40,3.9570000000000003,-3.285
2022-03-03 04:20:42,3.734,-3.122
2022-03-03 04:20:44,3.724,-3.107
2022-03-03 04:20:46,3.823,-3.078
2022-03-03 04:20:47,3.9290000000000003,-3.225
2022-03-03 04:20:49,4.09,-3.364
2022-03-03 04:20:51,4.059,-3.239
2022-03-03 04:20:53,4.106,-3.326
2022-03-03 04:20:54,3.952,-3.244
2022-03-03 04:20:56,3.855,-3.141
2022-03-03 04:20:58,3.74,-3.136
2022-03-03 04:20:59,3.769,-3.118
2022-03-03 04:21:01,3.976,-3.2640000000000002
2022-03-03 04:21:03,4.042,-3.319
2022-03-03 04:21:05,4.046,-3.2720000000000002
2022-03-03 04:21:06,4.078,-3.33
2022-03-03 04:21:08,3.892,-3.1790000000000003
2022-03-03 04:21:10,3.749,-3.108
2022-03-03 04:21:12,3.731,-3.121
2022-03-03 04:21:13,3.8360000000000003,-3.133
2022-03-03 04:21:15,4.0280000000000005,-3.229
2022-03-03 04:21:17,4.047,-3.259
2022-03-03 04:21:19,4.045,-3.242
2022-03-03 04:21:20,3.966,-3.242
2022-03-03 04:21:22,3.775,-3.086
2022-03-03 04:21:24,3.7520000000000002,-3.073
2022-03-03 04:21:26,3.878,-3.158
2022-03-03 04:21:27,3.998,-3.314
2022-03-03 04:21:29,4.03,-3.262
2022-03-03 04:21:31,4.043,-3.235
2022-03-03 04:21:33,4.022,-3.283
2022-03-03 04:21:34,3.935,-3.193
2022-03-03 04:21:36,3.7640000000000002,-3.099
2022-03-03 04:21:38,3.751,-3.085
2022-03-03 04:21:39,3.918,-3.169
2022-03-03 04:21:41,4.051,-3.29
2022-03-03 04:21:43,4.054,-3.263
2022-03-03 04:21:45,4.022,-3.266
2022-03-03 04:21:46,3.992,-3.274
2022-03-03 04:21:48,3.838,-3.1870000000000003
2022-03-03 04:21:50,3.724,-3.068
2022-03-03 04:21:52,3.738,-3.115
2022-03-03 04:21:53,3.924,-3.201
2022-03-03 04:21:55,3.997,-3.271
2022-03-03 04:21:57,4.0440000000000005,-3.285
2022-03-03 04:21:59,4.079,-3.273
2022-03-03 04:22:00,4.069,-3.336
2022-03-03 04:22:02,3.96,-3.21
2022-03-03 04:22:04,3.758,-3.137
2022-03-03 04:22:06,3.743,-3.055
2022-03-03 04:22:07,3.749,-3.104
2022-03-03 04:22:09,3.762,-3.095
2022-03-03 04:22:11,3.865,-3.105
2022-03-03 04:22:12,3.948,-3.18
2022-03-03 04:22:14,4.08,-3.349
2022-03-03 04:22:16,4.054,-3.2760000000000002
2022-03-03 04:22:18,4.03,-3.273
2022-03-03 04:22:19,4.081,-3.263
2022-03-03 04:22:21,3.981,-3.237
2022-03-03 04:22:23,3.931,-3.205
2022-03-03 04:22:25,3.769,-3.114
2022-03-03 04:22:26,3.726,-3.043
2022-03-03 04:22:28,3.811,-3.077
2022-03-03 04:22:30,3.923,-3.237
2022-03-03 04:22:32,4.07,-3.307
2022-03-03 04:22:33,4.037,-3.279
2022-03-03 04:22:35,4.045,-3.267
2022-03-03 04:22:37,3.966,-3.2920000000000003
2022-03-03 04:22:39,3.724,-3.099
2022-03-03 04:22:40,3.747,-3.09
2022-03-03 04:22:42,3.771,-3.093
2022-03-03 04:22:44,3.93,-3.1630000000000003
2022-03-03 04:22:45,4.066,-3.286
2022-03-03 04:22:47,4.029,-3.29
2022-03-03 04:22:49,4.007,-3.253
2022-03-03 04:22:51,4.0120000000000005,-3.295
2022-03-03 04:22:52,3.948,-3.198
2022-03-03 04:22:54,3.759,-3.115
2022-03-03 04:22:56,3.7030000000000003,-3.0460000000000003
2022-03-03 04:22:58,3.859,-3.09
2022-03-03 04:22:59,3.9330000000000003,-3.214
2022-03-03 04:23:01,4.037,-3.3000000000000003
2022-03-03 04:23:03,4.055,-3.24
2022-03-03 04:23:05,4.037,-3.285
2022-03-03 04:23:06,4.021,-3.314
2022-03-03 04:23:08,3.95,-3.244
2022-03-03 04:23:10,3.762,-3.124
2022-03-03 04:23:12,3.724,-3.075
2022-03-03 04:23:13,3.738,-3.087
2022-03-03 04:23:15,3.754,-3.074
2022-03-03 04:23:17,3.9090000000000003,-3.13
2022-03-03 04:23:19,3.966,-3.226
2022-03-03 04:23:20,4.095,-3.334
2022-03-03 04:23:22,4.021,-3.254
2022-03-03 04:23:24,4.027,-3.267
2022-03-03 04:23:25,3.998,-3.279
2022-03-03 04:23:27,3.9370000000000003,-3.193
2022-03-03 04:23:29,3.73,-3.097
2022-03-03 04:23:31,3.742,-3.04
2022-03-03 04:23:32,3.77,-3.097
2022-03-03 04:23:34,3.86,-3.104
2022-03-03 04:23:36,3.959,-3.2800000000000002
2022-03-03 04:23:38,4.047,-3.247
2022-03-03 04:23:39,4.0120000000000005,-3.251
2022-03-03 04:23:41,3.9610000000000003,-3.266
2022-03-03 04:23:43,3.936,-3.1990000000000003
2022-03-03 04:23:45,3.737,-3.11
2022-03-03 04:23:46,3.688,-3.106
2022-03-03 04:23:48,3.853,-3.104
2022-03-03 04:23:50,3.92,-3.201
2022-03-03 04:23:52,4.001,-3.299
2022-03-03 04:23:53,4.046,-3.299
2022-03-03 04:23:55,4.056,-3.262
2022-03-03 04:23:57,4.035,-3.336
2022-03-03 04:23:58,3.924,-3.1390000000000002
2022-03-03 04:24:00,3.741,-3.083
2022-03-03 04:24:02,3.751,-3.0580000000000003
2022-03-03 04:24:04,3.8200000000000003,-3.148
2022-03-03 04:24:05,4.0040000000000004,-3.279
2022-03-03 04:24:07,4.0360000000000005,-3.237
2022-03-03 04:24:09,4.051,-3.275
2022-03-03 04:24:11,4.094,-3.271
2022-03-03 04:24:12,3.954,-3.2
2022-03-03 04:24:14,3.712,-3.084
2022-03-03 04:24:16,3.754,-3.112
2022-03-03 04:24:18,3.8160000000000003,-3.081
2022-03-03 04:24:19,3.952,-3.19
2022-03-03 04:24:21,4.081,-3.34
2022-03-03 04:24:23,4.024,-3.242
2022-03-03 04:24:25,4.045,-3.259
2022-03-03 04:24:26,3.977,-3.1830000000000003
2022-03-03 04:24:28,3.751,-3.0380000000000003
2022-03-03 04:24:30,3.748,-3.029
2022-03-03 04:24:31,3.842,-3.124
2022-03-03 04:24:33,4.061,-3.2520000000000002
2022-03-03 04:24:35,3.992,-3.245
2022-03-03 04:24:37,4.041,-3.217
2022-03-03 04:24:38,3.958,-3.2560000000000002
2022-03-03 04:24:40,3.886,-3.15
2022-03-03 04:24:42,3.732,-3.009
2022-03-03 04:24:44,3.755,-3.044
2022-03-03 04:24:45,3.841,-3.107
2022-03-03 04:24:47,3.985,-3.229
2022-03-03 04:24:49,4.046,-3.245
2022-03-03 04:24:51,4.0440000000000005,-3.254
2022-03-03 04:24:52,4.041,-3.27
2022-03-03 04:24:54,3.955,-3.168
2022-03-03 04:24:56,3.75,-3.089
2022-03-03 04:24:58,3.762,-3.035
2022-03-03 04:24:59,3.853,-3.114
2022-03-03 04:25:01,3.987,-3.224
2022-03-03 04:25:03,3.993,-3.218
2022-03-03 04:25:05,4.027,-3.182
2022-03-03 04:25:06,4.013,-3.261
2022-03-03 04:25:08,3.939,-3.178
2022-03-03 04:25:10,3.758,-3.052
2022-03-03 04:25:11,3.783,-3.0620000000000003
2022-03-03 04:25:13,3.902,-3.145
2022-03-03 04:25:15,4.017,-3.275
2022-03-03 04:25:17,4.0,-3.221
2022-03-03 04:25:18,4.043,-3.231
2022-03-03 04:25:20,3.977,-3.25
2022-03-03 04:25:22,3.719,-3.082
2022-03-03 04:25:24,3.7600000000000002,-3.045
2022-03-03 04:25:25,3.8080000000000003,-3.055
2022-03-03 04:25:27,3.898,-3.164
2022-03-03 04:25:29,4.026,-3.285
2022-03-03 04:25:31,4.048,-3.243
2022-03-03 04:25:32,4.027,-3.2760000000000002
2022-03-03 04:25:34,3.99,-3.249
2022-03-03 04:25:36,3.858,-3.166
2022-03-03 04:25:38,3.729,-3.027
2022-03-03 04:25:39,3.765,-3.102
2022-03-03 04:25:41,3.892,-3.089
2022-03-03 04:25:43,3.969,-3.2520000000000002
2022-03-03 04:25:44,4.007,-3.2520000000000002
2022-03-03 04:25:46,4.03,-3.2880000000000003
2022-03-03 04:25:48,4.013,-3.244
2022-03-03 04:25:50,3.974,-3.231
2022-03-03 04:25:51,3.761,-3.057
2022-03-03 04:25:53,3.741,-3.061
2022-03-03 04:25:55,3.857,-3.047
2022-03-03 04:25:57,3.94,-3.185
2022-03-03 04:25:58,4.045,-3.289
2022-03-03 04:26:00,4.046,-3.201
2022-03-03 04:26:02,4.009,-3.263
2022-03-03 04:26:04,3.975,-3.216
2022-03-03 04:26:05,3.748,-3.138
2022-03-03 04:26:07,3.762,-3.067
2022-03-03 04:26:09,3.747,-3.057
2022-03-03 04:26:11,3.842,-3.027
2022-03-03 04:26:12,3.94,-3.212
2022-03-03 04:26:14,4.045,-3.208
2022-03-03 04:26:16,4.0440000000000005,-3.207
2022-03-03 04:26:18,4.0920000000000005,-3.258
2022-03-03 04:26:19,3.939,-3.207
2022-03-03 04:26:21,3.73,-3.1
2022-03-03 04:26:23,3.766,-3.055
2022-03-03 04:26:24,3.814,-3.0580000000000003
2022-03-03 04:26:26,3.9090000000000003,-3.185
2022-03-03 04:26:28,4.03,-3.255
2022-03-03 04:26:30,4.0600000000000005,-3.27
2022-03-03 04:26:31,4.067,-3.2520000000000002
2022-03-03 04:26:33,4.066,-3.259
2022-03-03 04:26:35,3.9570000000000003,-3.207
2022-03-03 04:26:37,3.838,-3.1510000000000002
2022-03-03 04:26:38,3.725,-3.065
2022-03-03 04:26:40,3.737,-3.091
2022-03-03 04:26:42,3.878,-3.148
2022-03-03 04:26:44,3.996,-3.247
2022-03-03 04:26:45,4.04,-3.243
2022-03-03 04:26:47,4.038,-3.2640000000000002
2022-03-03 04:26:49,4.096,-3.291
2022-03-03 04:26:51,3.922,-3.22
2022-03-03 04:26:52,3.771,-3.072
2022-03-03 04:26:54,3.749,-3.096
2022-03-03 04:26:56,3.899,-3.189
2022-03-03 04:26:57,3.968,-3.197
2022-03-03 04:26:59,4.006,-3.249
2022-03-03 04:27:01,4.017,-3.2560000000000002
2022-03-03 04:27:03,4.042,-3.307
2022-03-03 04:27:04,3.935,-3.1750000000000003
2022-03-03 04:27:06,3.721,-3.057
2022-03-03 04:27:08,3.744,-3.089
2022-03-03 04:27:10,3.938,-3.205
2022-03-03 04:27:11,4.025,-3.313
2022-03-03 04:27:13,4.008,-3.21
2022-03-03 04:27:15,3.971,-3.243
2022-03-03 04:27:17,3.742,-3.117
2022-03-03 04:27:18,3.738,-3.072
2022-03-03 04:27:20,3.916,-3.17
2022-03-03 04:27:22,4.038,-3.261
2022-03-03 04:27:24,4.0600000000000005,-3.273
2022-03-03 04:27:25,4.077,-3.313
2022-03-03 04:27:27,3.785,-3.134
2022-03-03 04:27:29,3.751,-3.08
2022-03-03 04:27:30,3.83,-3.019
2022-03-03 04:27:32,4.059,-3.352
2022-03-03 04:27:34,4.024,-3.265
2022-03-03 04:27:36,3.93,-3.235
2022-03-03 04:27:37,3.75,-3.109
2022-03-03 04:27:39,3.734,-3.103
2022-03-03 04:27:41,3.829,-3.075
2022-03-03 04:27:43,4.0120000000000005,-3.238
2022-03-03 04:27:44,4.034,-3.274
2022-03-03 04:27:46,4.094,-3.2680000000000002
2022-03-03 04:27:48,3.975,-3.244
2022-03-03 04:27:50,3.7800000000000002,-3.1
2022-03-03 04:27:51,3.763,-3.024
2022-03-03 04:27:53,3.81,-3.084
2022-03-03 04:27:55,4.0040000000000004,-3.286
2022-03-03 04:27:57,4.018,-3.271
2022-03-03 04:27:58,4.049,-3.263
2022-03-03 04:28:00,3.982,-3.269
2022-03-03 04:28:02,3.702,-3.103
2022-03-03 04:28:04,3.725,-3.082
2022-03-03 04:28:05,3.8240000000000003,-3.104
2022-03-03 04:28:07,4.003,-3.24
2022-03-03 04:28:09,3.994,-3.243
2022-03-03 04:28:10,4.007,-3.253
2022-03-03 04:28:12,3.9250000000000003,-3.222
2022-03-03 04:28:14,3.726,-3.099
2022-03-03 04:28:16,3.769,-3.09
2022-03-03 04:28:17,3.814,-3.099
2022-03-03 04:28:19,3.946,-3.18
2022-03-03 04:28:21,4.094,-3.339
2022-03-03 04:28:23,4.043,-3.2840000000000003
2022-03-03 04:28:24,4.079,-3.2920000000000003
2022-03-03 04:28:26,3.944,-3.258
2022-03-03 04:28:28,3.722,-3.068
2022-03-03 04:28:30,3.738,-3.093
2022-03-03 04:28:31,3.952,-3.211
2022-03-03 04:28:33,4.051,-3.293
2022-03-03 04:28:35,4.039,-3.281
2022-03-03 04:28:37,4.019,-3.23
2022-03-03 04:28:38,3.982,-3.265
2022-03-03 04:28:40,3.825,-3.1310000000000002
2022-03-03 04:28:42,3.782,-3.078
2022-03-03 04:28:43,3.83,-3.04
2022-03-03 04:28:45,3.9250000000000003,-3.214
2022-03-03 04:28:47,4.065,-3.349
2022-03-03 04:28:49,4.078,-3.237
2022-03-03 04:28:50,4.091,-3.314
2022-03-03 04:28:52,3.963,-3.201
2022-03-03 04:28:54,3.779,-3.08
2022-03-03 04:28:56,3.757,-3.06
2022-03-03 04:28:57,3.83,-3.075
2022-03-03 04:28:59,4.003,-3.299
2022-03-03 04:29:01,4.031,-3.255
2022-03-03 04:29:03,4.0040000000000004,-3.263
2022-03-03 04:29:04,3.968,-3.226
2022-03-03 04:29:06,3.718,-3.098
2022-03-03 04:29:08,3.737,-3.055
2022-03-03 04:29:10,3.8240000000000003,-3.115
2022-03-03 04:29:11,4.0440000000000005,-3.3240000000000003
2022-03-03 04:29:13,4.049,-3.2880000000000003
2022-03-03 04:29:15,4.007,-3.238
2022-03-03 04:29:17,4.002,-3.275
2022-03-03 04:29:18,3.908,-3.223
2022-03-03 04:29:20,3.743,-3.099
2022-03-03 04:29:22,3.7760000000000002,-3.068
2022-03-03 04:29:23,4.011,-3.269
2022-03-03 04:29:25,4.056,-3.273
2022-03-03 04:29:27,4.037,-3.2720000000000002
2022-03-03 04:29:29,4.063,-3.332
2022-03-03 04:29:30,3.817,-3.156
2022-03-03 04:29:32,3.755,-3.0660000000000003
2022-03-03 04:29:34,3.758,-3.081
2022-03-03 04:29:36,3.898,-3.182
2022-03-03 04:29:37,4.064,-3.315
2022-03-03 04:29:39,4.051,-3.3000000000000003
2022-03-03 04:29:41,4.09,-3.2800000000000002
2022-03-03 04:29:43,3.955,-3.283
2022-03-03 04:29:44,3.829,-3.134
2022-03-03 04:29:46,3.741,-3.033
2022-03-03 04:29:48,3.775,-3.081
2022-03-03 04:29:50,3.915,-3.1990000000000003
2022-03-03 04:29:51,4.033,-3.309
2022-03-03 04:29:53,4.035,-3.25
2022-03-03 04:29:55,4.015,-3.245
2022-03-03 04:29:56,4.056,-3.263
2022-03-03 04:29:58,3.95,-3.203
2022-03-03 04:30:00,3.731,-3.053
2022-03-03 04:30:02,3.728,-3.056
2022-03-03 04:30:03,3.83,-3.104
2022-03-03 04:30:05,3.955,-3.1550000000000002
2022-03-03 04:30:07,4.031,-3.282
2022-03-03 04:30:09,4.035,-3.2520000000000002
2022-03-03 04:30:10,4.021,-3.225
2022-03-03 04:30:12,4.018,-3.3120000000000003
2022-03-03 04:30:14,3.993,-3.25
2022-03-03 04:30:16,3.8080000000000003,-3.084
2022-03-03 04:30:17,3.744,-3.061
2022-03-03 04:30:19,3.706,-3.065
2022-03-03 04:30:21,3.746,-3.076
2022-03-03 04:30:23,3.891,-3.17
2022-03-03 04:30:24,4.003,-3.29
2022-03-03 04:30:26,4.026,-3.323
2022-03-03 04:30:28,4.022,-3.27
2022-03-03 04:30:29,4.003,-3.239
2022-03-03 04:30:31,3.997,-3.338
2022-03-03 04:30:33,3.958,-3.205
2022-03-03 04:30:35,3.81,-3.128
2022-03-03 04:30:36,3.765,-3.063
2022-03-03 04:30:38,3.741,-3.067
2022-03-03 04:30:40,3.758,-3.048
2022-03-03 04:30:42,3.928,-3.213
2022-03-03 04:30:43,4.0440000000000005,-3.294
2022-03-03 04:30:45,4.054,-3.259
2022-03-03 04:30:47,4.029,-3.233
2022-03-03 04:30:49,4.031,-3.27
2022-03-03 04:30:50,3.888,-3.201
2022-03-03 04:30:52,3.713,-3.076
2022-03-03 04:30:54,3.72,-3.043
2022-03-03 04:30:56,3.727,-3.063
2022-03-03 04:30:57,3.869,-3.136
2022-03-03 04:30:59,3.888,-3.22
2022-03-03 04:31:01,4.022,-3.2720000000000002
2022-03-03 04:31:03,4.0280000000000005,-3.233
2022-03-03 04:31:04,3.919,-3.237
2022-03-03 04:31:06,3.858,-3.129
2022-03-03 04:31:08,3.7030000000000003,-3.093
2022-03-03 04:31:09,3.732,-3.079
2022-03-03 04:31:11,3.888,-3.1670000000000003
2022-03-03 04:31:13,4.038,-3.271
2022-03-03 04:31:15,4.031,-3.216
2022-03-03 04:31:16,4.019,-3.271
2022-03-03 04:31:18,4.0120000000000005,-3.271
2022-03-03 04:31:20,3.829,-3.113
2022-03-03 04:31:22,3.739,-3.08
2022-03-03 04:31:23,3.743,-3.073
2022-03-03 04:31:25,3.899,-3.194
2022-03-03 04:31:27,4.056,-3.299
2022-03-03 04:31:29,3.993,-3.273
2022-03-03 04:31:30,4.03,-3.246
2022-03-03 04:31:32,3.947,-3.194
2022-03-03 04:31:34,3.71,-3.076
2022-03-03 04:31:36,3.702,-3.0540000000000003
2022-03-03 04:31:37,3.791,-3.04
2022-03-03 04:31:39,3.895,-3.194
2022-03-03 04:31:41,4.002,-3.313
2022-03-03 04:31:42,4.037,-3.247
2022-03-03 04:31:44,4.002,-3.253
2022-03-03 04:31:46,4.0200000000000005,-3.277
2022-03-03 04:31:48,3.919,-3.205
2022-03-03 04:31:49,3.821,-3.132
2022-03-03 04:31:51,3.729,-3.0660000000000003
2022-03-03 04:31:53,3.709,-3.081
2022-03-03 04:31:55,3.827,-3.1390000000000002
2022-03-03 04:31:56,3.9490000000000003,-3.205
2022-03-03 04:31:58,4.0,-3.246
2022-03-03 04:32:00,4.007,-3.2600000000000002
2022-03-03 04:32:02,4.026,-3.29
2022-03-03 04:32:03,3.9410000000000003,-3.1950000000000003
2022-03-03 04:32:05,3.8810000000000002,-3.16
2022-03-03 04:32:07,3.709,-3.078
2022-03-03 04:32:09,3.71,-3.088
2022-03-03 04:32:10,3.871,-3.1550000000000002
2022-03-03 04:32:12,3.974,-3.235
2022-03-03 04:32:14,4.04,-3.331
2022-03-03 04:32:16,4.0600000000000005,-3.25
2022-03-03 04:32:17,4.008,-3.243
2022-03-03 04:32:19,3.9610000000000003,-3.257
2022-03-03 04:32:21,3.923,-3.182
2022-03-03 04:32:22,3.719,-3.045
2022-03-03 04:32:24,3.729,-3.033
2022-03-03 04:32:26,3.773,-3.059
2022-03-03 04:32:28,3.923,-3.1910000000000003
2022-03-03 04:32:29,4.043,-3.282
2022-03-03 04:32:31,4.057,-3.2680000000000002
2022-03-03 04:32:33,3.993,-3.221
2022-03-03 04:32:35,4.005,-3.29
2022-03-03 04:32:36,3.837,-3.112
2022-03-03 04:32:38,3.678,-3.064
2022-03-03 04:32:40,3.7030000000000003,-3.024
2022-03-03 04:32:42,3.809,-3.028
2022-03-03 04:32:43,3.946,-3.182
2022-03-03 04:32:45,4.002,-3.317
2022-03-03 04:32:47,4.027,-3.223
2022-03-03 04:32:49,3.991,-3.228
2022-03-03 04:32:50,3.962,-3.202
2022-03-03 04:32:52,3.9090000000000003,-3.1430000000000002
2022-03-03 04:32:54,3.723,-3.063
2022-03-03 04:32:55,3.73,-3.076
2022-03-03 04:32:57,3.7880000000000003,-3.039
2022-03-03 04:32:59,3.942,-3.215
2022-03-03 04:33:01,3.998,-3.226
2022-03-03 04:33:02,3.997,-3.212
2022-03-03 04:33:04,3.963,-3.225
2022-03-03 04:33:06,3.8850000000000002,-3.1750000000000003
2022-03-03 04:33:08,3.6950000000000003,-3.0700000000000003
2022-03-03 04:33:09,3.705,-3.031
2022-03-03 04:33:11,3.807,-3.0020000000000002
2022-03-03 04:33:13,3.932,-3.214
2022-03-03 04:33:15,4.03,-3.219
2022-03-03 04:33:16,3.994,-3.214
2022-03-03 04:33:18,3.999,-3.216
2022-03-03 04:33:20,3.9370000000000003,-3.22
2022-03-03 04:33:22,3.7960000000000003,-3.0620000000000003
2022-03-03 04:33:23,3.705,-3.036
2022-03-03 04:33:25,3.723,-3.047
2022-03-03 04:33:27,3.85,-3.104
2022-03-03 04:33:28,3.93,-3.184
2022-03-03 04:33:30,4.025,-3.305
2022-03-03 04:33:32,4.0,-3.221
2022-03-03 04:33:34,3.978,-3.203
2022-03-03 04:33:35,3.995,-3.3000000000000003
2022-03-03 04:33:37,3.876,-3.154
2022-03-03 04:33:39,3.689,-3.059
2022-03-03 04:33:41,3.694,-3.06
2022-03-03 04:33:42,3.731,-3.029
2022-03-03 04:33:44,3.887,-3.1470000000000002
2022-03-03 04:33:46,3.919,-3.196
2022-03-03 04:33:48,4.014,-3.3040000000000003
2022-03-03 04:33:49,4.029,-3.235
2022-03-03 04:33:51,4.003,-3.239
2022-03-03 04:33:53,4.019,-3.289
2022-03-03 04:33:55,3.928,-3.206
2022-03-03 04:33:56,3.719,-3.096
2022-03-03 04:33:58,3.734,-3.017
2022-03-03 04:34:00,3.72,-3.031
2022-03-03 04:34:02,3.846,-3.097
2022-03-03 04:34:03,4.041,-3.242
2022-03-03 04:34:05,3.98,-3.238
2022-03-03 04:34:07,4.006,-3.244
2022-03-03 04:34:08,3.987,-3.196
2022-03-03 04:34:10,4.014,-3.208
2022-03-03 04:34:12,3.911,-3.165
2022-03-03 04:34:14,3.7030000000000003,-3.084
2022-03-03 04:34:15,3.719,-2.996
2022-03-03 04:34:17,3.721,-3.0100000000000002
2022-03-03 04:34:19,3.787,-3.013
2022-03-03 04:34:21,3.928,-3.18
2022-03-03 04:34:22,3.97,-3.216
2022-03-03 04:34:24,4.005,-3.1830000000000003
2022-03-03 04:34:26,3.999,-3.182
2022-03-03 04:34:28,3.992,-3.242
2022-03-03 04:34:29,3.916,-3.2
2022-03-03 04:34:31,3.74,-3.017
2022-03-03 04:34:33,3.678,-3.021
2022-03-03 04:34:35,3.783,-3.056
2022-03-03 04:34:36,3.886,-3.078
2022-03-03 04:34:38,4.017,-3.204
2022-03-03 04:34:40,3.989,-3.22
2022-03-03 04:34:41,3.983,-3.208
2022-03-03 04:34:43,3.9450000000000003,-3.25
2022-03-03 04:34:45,3.817,-3.093
2022-03-03 04:34:47,3.721,-3.048
2022-03-03 04:34:48,3.715,-3.0020000000000002
2022-03-03 04:34:50,3.845,-3.091
2022-03-03 04:34:52,4.047,-3.213
2022-03-03 04:34:54,3.99,-3.21
2022-03-03 04:34:55,3.977,-3.215
2022-03-03 04:34:57,4.048,-3.253
2022-03-03 04:34:59,3.918,-3.152
2022-03-03 04:35:01,3.685,-3.061
2022-03-03 04:35:02,3.698,-2.996
2022-03-03 04:35:04,3.717,-3.02
2022-03-03 04:35:06,3.763,-3.0220000000000002
2022-03-03 04:35:08,3.883,-3.1470000000000002
2022-03-03 04:35:09,4.027,-3.283
2022-03-03 04:35:11,3.983,-3.204
2022-03-03 04:35:13,3.972,-3.196
2022-03-03 04:35:15,4.0200000000000005,-3.257
2022-03-03 04:35:16,3.908,-3.197
2022-03-03 04:35:18,3.6870000000000003,-3.012
2022-03-03 04:35:20,3.727,-3.016
2022-03-03 04:35:21,3.7070000000000003,-3.001
2022-03-03 04:35:23,3.8240000000000003,-3.065
2022-03-03 04:35:25,3.9370000000000003,-3.213
2022-03-03 04:35:27,4.039,-3.273
2022-03-03 04:35:28,4.031,-3.18
2022-03-03 04:35:30,3.986,-3.213
2022-03-03 04:35:32,3.964,-3.248
2022-03-03 04:35:34,3.81,-3.089
2022-03-03 04:35:35,3.719,-3.043
2022-03-03 04:35:37,3.716,-3.0500000000000003
2022-03-03 04:35:39,3.8120000000000003,-3.098
2022-03-03 04:35:41,3.99,-3.225
2022-03-03 04:35:42,3.987,-3.238
2022-03-03 04:35:44,3.993,-3.238
2022-03-03 04:35:46,3.9610000000000003,-3.224
2022-03-03 04:35:48,3.802,-3.093
2022-03-03 04:35:49,3.686,-3.074
2022-03-03 04:35:51,3.6870000000000003,-3.031
2022-03-03 04:35:53,3.805,-3.086
2022-03-03 04:35:54,3.9250000000000003,-3.1790000000000003
2022-03-03 04:35:56,4.018,-3.23
2022-03-03 04:35:58,3.959,-3.222
2022-03-03 04:36:00,3.931,-3.232
2022-03-03 04:36:01,3.6870000000000003,-3.052
2022-03-03 04:36:03,3.698,-3.037
2022-03-03 04:36:05,3.81,-3.04
2022-03-03 04:36:07,3.926,-3.223
2022-03-03 04:36:08,3.999,-3.263
2022-03-03 04:36:10,3.995,-3.229
2022-03-03 04:36:12,4.005,-3.2880000000000003
2022-03-03 04:36:14,3.884,-3.169
2022-03-03 04:36:15,3.709,-3.053
2022-03-03 04:36:17,3.713,-3.059
2022-03-03 04:36:19,3.753,-3.065
2022-03-03 04:36:21,3.896,-3.206
2022-03-03 04:36:22,4.037,-3.255
2022-03-03 04:36:24,4.033,-3.25
2022-03-03 04:36:26,3.986,-3.269
2022-03-03 04:36:28,3.79,-3.068
2022-03-03 04:36:29,3.715,-3.073
2022-03-03 04:36:31,3.773,-3.064
2022-03-03 04:36:33,3.926,-3.2
2022-03-03 04:36:34,4.018,-3.227
2022-03-03 04:36:36,3.968,-3.222
2022-03-03 04:36:38,3.919,-3.228
2022-03-03 04:36:40,3.697,-3.025
2022-03-03 04:36:41,3.7920000000000003,-3.094
2022-03-03 04:36:43,3.8930000000000002,-3.161
2022-03-03 04:36:45,4.015,-3.3120000000000003
2022-03-03 04:36:47,4.007,-3.222
2022-03-03 04:36:48,4.001,-3.212
2022-03-03 04:36:50,3.886,-3.1990000000000003
2022-03-03 04:36:52,3.777,-3.116
2022-03-03 04:36:54,3.693,-3.051
2022-03-03 04:36:55,3.729,-3.064
2022-03-03 04:36:57,3.887,-3.1510000000000002
2022-03-03 04:36:59,4.002,-3.303
2022-03-03 04:37:01,4.023,-3.242
2022-03-03 04:37:02,3.983,-3.235
2022-03-03 04:37:04,3.9490000000000003,-3.262
2022-03-03 04:37:06,3.822,-3.118
2022-03-03 04:37:07,3.702,-3.037
2022-03-03 04:37:09,3.68,-3.049
2022-03-03 04:37:11,3.8360000000000003,-3.072
2022-03-03 04:37:13,4.025,-3.271
2022-03-03 04:37:14,4.024,-3.262
2022-03-03 04:37:16,4.01,-3.3080000000000003
2022-03-03 04:37:18,3.89,-3.15
2022-03-03 04:37:20,3.6910000000000003,-3.073
2022-03-03 04:37:21,3.716,-3.085
2022-03-03 04:37:23,3.856,-3.145
2022-03-03 04:37:25,4.002,-3.2720000000000002
2022-03-03 04:37:27,4.017,-3.241
2022-03-03 04:37:28,4.0,-3.2840000000000003
2022-03-03 04:37:30,3.8360000000000003,-3.157
2022-03-03 04:37:32,3.724,-3.068
2022-03-03 04:37:34,3.813,-3.088
2022-03-03 04:37:35,3.926,-3.211
2022-03-03 04:37:37,4.014,-3.262
2022-03-03 04:37:39,3.998,-3.222
2022-03-03 04:37:40,3.983,-3.255
2022-03-03 04:37:42,3.702,-3.065
2022-03-03 04:37:44,3.7030000000000003,-3.032
2022-03-03 04:37:46,3.735,-3.0500000000000003
2022-03-03 04:37:47,3.862,-3.202
2022-03-03 04:37:49,3.924,-3.22
2022-03-03 04:37:51,3.974,-3.234
2022-03-03 04:37:53,4.014,-3.2800000000000002
2022-03-03 04:37:54,3.928,-3.203
2022-03-03 04:37:56,3.6870000000000003,-3.074
2022-03-03 04:37:58,3.729,-3.041
2022-03-03 04:38:00,3.731,-3.072
2022-03-03 04:38:01,3.886,-3.166
2022-03-03 04:38:03,4.0120000000000005,-3.2800000000000002
2022-03-03 04:38:05,3.979,-3.224
2022-03-03 04:38:07,4.04,-3.262
2022-03-03 04:38:08,3.855,-3.177
2022-03-03 04:38:10,3.693,-3.0660000000000003
2022-03-03 04:38:12,3.799,-3.024
2022-03-03 04:38:14,3.915,-3.188
2022-03-03 04:38:15,4.0,-3.232
2022-03-03 04:38:17,4.015,-3.24
2022-03-03 04:38:19,3.938,-3.221
2022-03-03 04:38:20,3.718,-3.06
2022-03-03 04:38:22,3.733,-3.091
2022-03-03 04:38:24,3.888,-3.178
2022-03-03 04:38:26,4.0520000000000005,-3.306
2022-03-03 04:38:27,3.97,-3.245
2022-03-03 04:38:29,4.094,-3.237
2022-03-03 04:38:31,3.903,-3.234
2022-03-03 04:38:33,3.6870000000000003,-3.132
2022-03-03 04:38:34,3.721,-3.118
2022-03-03 04:38:36,3.7920000000000003,-3.087
2022-03-03 04:38:38,3.934,-3.217
2022-03-03 04:38:40,3.985,-3.278
2022-03-03 04:38:41,4.01,-3.209
2022-03-03 04:38:43,3.979,-3.227
2022-03-03 04:38:45,4.037,-3.267
2022-03-03 04:38:47,3.869,-3.133
2022-03-03 04:38:48,3.666,-3.12
2022-03-03 04:38:50,3.7070000000000003,-3.035
2022-03-03 04:38:52,3.719,-3.06
2022-03-03 04:38:53,3.906,-3.14
2022-03-03 04:38:55,4.016,-3.3240000000000003
2022-03-03 04:38:57,4.003,-3.247
2022-03-03 04:38:59,3.996,-3.236
2022-03-03 04:39:00,4.04,-3.2720000000000002
2022-03-03 04:39:02,3.9090000000000003,-3.17
2022-03-03 04:39:04,3.741,-3.1
2022-03-03 04:39:06,3.708,-3.035
2022-03-03 04:39:07,3.737,-3.087
2022-03-03 04:39:09,3.8120000000000003,-3.083
2022-03-03 04:39:11,3.991,-3.253
2022-03-03 04:39:13,3.996,-3.258
2022-03-03 04:39:14,3.991,-3.255
2022-03-03 04:39:16,3.9250000000000003,-3.2560000000000002
2022-03-03 04:39:18,3.815,-3.106
2022-03-03 04:39:20,3.69,-3.073
2022-03-03 04:39:21,3.739,-3.075
2022-03-03 04:39:23,3.902,-3.158
2022-03-03 04:39:25,3.995,-3.282
2022-03-03 04:39:27,4.006,-3.274
2022-03-03 04:39:28,4.017,-3.2840000000000003
2022-03-03 04:39:30,3.754,-3.11
2022-03-03 04:39:32,3.737,-3.071
2022-03-03 04:39:33,3.736,-3.073
2022-03-03 04:39:35,3.871,-3.181
2022-03-03 04:39:37,3.94,-3.222
2022-03-03 04:39:39,4.007,-3.229
2022-03-03 04:39:40,4.019,-3.225
2022-03-03 04:39:42,3.995,-3.223
2022-03-03 04:39:44,4.008,-3.263
2022-03-03 04:39:46,3.899,-3.201
2022-03-03 04:39:47,3.886,-3.149
2022-03-03 04:39:49,3.721,-3.072
2022-03-03 04:39:51,3.72,-3.079
2022-03-03 04:39:53,3.732,-3.079
2022-03-03 04:39:54,3.867,-3.109
2022-03-03 04:39:56,3.943,-3.198
2022-03-03 04:39:58,4.011,-3.281
2022-03-03 04:40:00,4.0120000000000005,-3.205
2022-03-03 04:40:01,4.029,-3.24
2022-03-03 04:40:03,4.005,-3.339
2022-03-03 04:40:05,3.9250000000000003,-3.25
2022-03-03 04:40:06,3.829,-3.168
2022-03-03 04:40:08,3.693,-3.059
2022-03-03 04:40:10,3.717,-3.049
2022-03-03 04:40:12,3.814,-3.079
2022-03-03 04:40:13,3.916,-3.153
2022-03-03 04:40:15,4.008,-3.259
2022-03-03 04:40:17,3.989,-3.243
2022-03-03 04:40:19,4.001,-3.222
2022-03-03 04:40:20,4.013,-3.266
2022-03-03 04:40:22,3.859,-3.1750000000000003
2022-03-03 04:40:24,3.706,-3.111
2022-03-03 04:40:26,3.745,-3.055
2022-03-03 04:40:27,3.869,-3.161
2022-03-03 04:40:29,3.954,-3.235
2022-03-03 04:40:31,3.998,-3.222
2022-03-03 04:40:33,4.007,-3.2800000000000002
2022-03-03 04:40:34,4.046,-3.2920000000000003
2022-03-03 04:40:36,3.928,-3.226
2022-03-03 04:40:38,3.7,-3.069
2022-03-03 04:40:39,3.732,-3.0460000000000003
2022-03-03 04:40:41,3.7070000000000003,-3.064
2022-03-03 04:40:43,3.839,-3.148
2022-03-03 04:40:45,3.984,-3.27
2022-03-03 04:40:46,4.016,-3.231
2022-03-03 04:40:48,4.021,-3.238
2022-03-03 04:40:50,3.981,-3.25
2022-03-03 04:40:52,3.858,-3.213
2022-03-03 04:40:53,3.725,-3.097
2022-03-03 04:40:55,3.71,-3.057
2022-03-03 04:40:57,3.745,-3.097
2022-03-03 04:40:59,3.878,-3.15
2022-03-03 04:41:00,3.962,-3.285
2022-03-03 04:41:02,4.04,-3.327
2022-03-03 04:41:04,4.013,-3.2720000000000002
2022-03-03 04:41:06,4.033,-3.271
2022-03-03 04:41:07,3.999,-3.241
2022-03-03 04:41:09,4.043,-3.257
2022-03-03 04:41:11,3.967,-3.2560000000000002
2022-03-03 04:41:13,3.8360000000000003,-3.1910000000000003
2022-03-03 04:41:14,3.6910000000000003,-3.107
2022-03-03 04:41:16,3.717,-3.077
2022-03-03 04:41:18,3.724,-3.04
2022-03-03 04:41:19,3.715,-3.078
2022-03-03 04:41:21,3.873,-3.215
2022-03-03 04:41:23,3.966,-3.216
2022-03-03 04:41:25,4.019,-3.299
2022-03-03 04:41:26,4.015,-3.278
2022-03-03 04:41:28,3.973,-3.206
2022-03-03 04:41:30,4.024,-3.3120000000000003
2022-03-03 04:41:32,3.861,-3.186
2022-03-03 04:41:33,3.69,-3.0460000000000003
2022-03-03 04:41:35,3.705,-3.0620000000000003
2022-03-03 04:41:37,3.73,-3.102
2022-03-03 04:41:39,3.887,-3.212
2022-03-03 04:41:40,4.006,-3.309
2022-03-03 04:41:42,3.99,-3.236
2022-03-03 04:41:44,3.982,-3.283
2022-03-03 04:41:46,3.995,-3.274
2022-03-03 04:41:47,3.932,-3.239
2022-03-03 04:41:49,3.86,-3.164
2022-03-03 04:41:51,3.697,-3.089
2022-03-03 04:41:52,3.79,-3.003
2022-03-03 04:41:54,3.9210000000000003,-3.184
2022-03-03 04:41:56,3.98,-3.254
2022-03-03 04:41:58,4.01,-3.232
2022-03-03 04:41:59,4.015,-3.278
2022-03-03 04:42:01,3.8000000000000003,-3.142
2022-03-03 04:42:03,3.719,-3.084
2022-03-03 04:42:05,3.685,-3.114
2022-03-03 04:42:06,3.9010000000000002,-3.211
2022-03-03 04:42:08,3.983,-3.294
2022-03-03 04:42:10,4.011,-3.255
2022-03-03 04:42:12,4.062,-3.303
2022-03-03 04:42:13,3.9,-3.169
2022-03-03 04:42:15,3.725,-3.072
2022-03-03 04:42:17,3.7560000000000002,-3.078
2022-03-03 04:42:19,3.895,-3.198
2022-03-03 04:42:20,4.032,-3.314
2022-03-03 04:42:22,4.014,-3.251
2022-03-03 04:42:24,4.0600000000000005,-3.318
2022-03-03 04:42:25,3.92,-3.229
2022-03-03 04:42:27,3.719,-3.08
2022-03-03 04:42:29,3.715,-3.065
2022-03-03 04:42:31,3.892,-3.234
2022-03-03 04:42:32,4.011,-3.346
2022-03-03 04:42:34,4.026,-3.302
2022-03-03 04:42:36,4.038,-3.277
2022-03-03 04:42:38,3.9450000000000003,-3.232
2022-03-03 04:42:39,3.741,-3.045
2022-03-03 04:42:41,3.706,-3.093
2022-03-03 04:42:43,3.741,-3.086
2022-03-03 04:42:45,3.865,-3.178
2022-03-03 04:42:46,4.019,-3.338
2022-03-03 04:42:48,4.014,-3.262
2022-03-03 04:42:50,3.964,-3.2760000000000002
2022-03-03 04:42:52,3.9570000000000003,-3.269
2022-03-03 04:42:53,3.8000000000000003,-3.1630000000000003
2022-03-03 04:42:55,3.728,-3.071
2022-03-03 04:42:57,3.718,-3.1310000000000002
2022-03-03 04:42:59,3.862,-3.188
2022-03-03 04:43:00,3.915,-3.246
2022-03-03 04:43:02,4.009,-3.299
2022-03-03 04:43:04,4.024,-3.2800000000000002
2022-03-03 04:43:05,4.086,-3.283
2022-03-03 04:43:07,3.939,-3.207
2022-03-03 04:43:09,3.733,-3.092
2022-03-03 04:43:11,3.733,-3.086
2022-03-03 04:43:12,3.859,-3.196
2022-03-03 04:43:14,3.966,-3.286
2022-03-03 04:43:16,4.001,-3.297
2022-03-03 04:43:18,3.977,-3.267
2022-03-03 04:43:19,3.994,-3.287
2022-03-03 04:43:21,3.7720000000000002,-3.1470000000000002
2022-03-03 04:43:23,3.726,-3.088
2022-03-03 04:43:25,3.8080000000000003,-3.089
2022-03-03 04:43:26,3.9330000000000003,-3.2560000000000002
2022-03-03 04:43:28,4.0,-3.297
2022-03-03 04:43:30,3.989,-3.3040000000000003
2022-03-03 04:43:32,4.014,-3.3240000000000003
2022-03-03 04:43:33,3.851,-3.176
2022-03-03 04:43:35,3.733,-3.079
2022-03-03 04:43:37,3.738,-3.1310000000000002
2022-03-03 04:43:38,3.787,-3.149
2022-03-03 04:43:40,3.994,-3.3000000000000003
2022-03-03 04:43:42,3.992,-3.3040000000000003
2022-03-03 04:43:44,3.999,-3.319
2022-03-03 04:43:45,4.0520000000000005,-3.299
2022-03-03 04:43:47,3.898,-3.216
2022-03-03 04:43:49,3.722,-3.113
2022-03-03 04:43:51,3.719,-3.084
2022-03-03 04:43:52,3.856,-3.194
2022-03-03 04:43:54,3.936,-3.2760000000000002
2022-03-03 04:43:56,3.977,-3.305
2022-03-03 04:43:58,4.03,-3.305
2022-03-03 04:43:59,3.9290000000000003,-3.2640000000000002
2022-03-03 04:44:01,3.853,-3.1670000000000003
2022-03-03 04:44:03,3.688,-3.113
2022-03-03 04:44:05,3.745,-3.0620000000000003
2022-03-03 04:44:06,3.92,-3.24
2022-03-03 04:44:08,4.008,-3.302
2022-03-03 04:44:10,3.998,-3.2640000000000002
2022-03-03 04:44:12,3.903,-3.255
2022-03-03 04:44:13,3.744,-3.168
2022-03-03 04:44:15,3.716,-3.1390000000000002
2022-03-03 04:44:17,3.815,-3.099
2022-03-03 04:44:18,3.95,-3.2600000000000002
2022-03-03 04:44:20,4.002,-3.285
2022-03-03 04:44:22,3.986,-3.269
2022-03-03 04:44:24,3.997,-3.289
2022-03-03 04:44:25,3.9370000000000003,-3.27
2022-03-03 04:44:27,3.712,-3.136
2022-03-03 04:44:29,3.72,-3.096
2022-03-03 04:44:31,3.734,-3.116
2022-03-03 04:44:32,3.915,-3.222
2022-03-03 04:44:34,4.0120000000000005,-3.302
2022-03-03 04:44:36,3.979,-3.2680000000000002
2022-03-03 04:44:38,3.989,-3.345
2022-03-03 04:44:39,3.868,-3.213
2022-03-03 04:44:41,3.729,-3.111
2022-03-03 04:44:43,3.725,-3.11
2022-03-03 04:44:45,3.749,-3.082
2022-03-03 04:44:46,3.9090000000000003,-3.217
2022-03-03 04:44:48,3.951,-3.2800000000000002
2022-03-03 04:44:50,4.013,-3.331
2022-03-03 04:44:51,4.019,-3.263
2022-03-03 04:44:53,3.999,-3.3120000000000003
2022-03-03 04:44:55,4.023,-3.375
2022-03-03 04:44:57,3.934,-3.3200000000000003
2022-03-03 04:44:58,3.842,-3.223
2022-03-03 04:45:00,3.729,-3.12
2022-03-03 04:45:02,3.731,-3.142
2022-03-03 04:45:04,3.831,-3.189
2022-03-03 04:45:05,3.983,-3.294
2022-03-03 04:45:07,4.003,-3.366
2022-03-03 04:45:09,3.997,-3.318
2022-03-03 04:45:11,4.022,-3.266
2022-03-03 04:45:12,3.969,-3.255
2022-03-03 04:45:14,3.803,-3.1470000000000002
2022-03-03 04:45:16,3.723,-3.093
2022-03-03 04:45:18,3.719,-3.123
2022-03-03 04:45:19,3.8810000000000002,-3.1950000000000003
2022-03-03 04:45:21,4.017,-3.279
2022-03-03 04:45:23,4.015,-3.294
2022-03-03 04:45:24,3.999,-3.3080000000000003
2022-03-03 04:45:26,3.802,-3.149
2022-03-03 04:45:28,3.69,-3.083
2022-03-03 04:45:30,3.802,-3.156
2022-03-03 04:45:31,4.025,-3.325
2022-03-03 04:45:33,4.0,-3.278
2022-03-03 04:45:35,4.038,-3.2840000000000003
2022-03-03 04:45:37,3.911,-3.1990000000000003
2022-03-03 04:45:38,3.729,-3.092
2022-03-03 04:45:40,3.725,-3.084
2022-03-03 04:45:42,3.882,-3.226
2022-03-03 04:45:44,4.011,-3.306
2022-03-03 04:45:45,3.9450000000000003,-3.241
2022-03-03 04:45:47,3.9410000000000003,-3.25
2022-03-03 04:45:49,3.72,-3.061
2022-03-03 04:45:51,3.735,-3.052
2022-03-03 04:45:52,3.886,-3.094
2022-03-03 04:45:54,4.009,-3.153
2022-03-03 04:45:56,3.987,-3.011
2022-03-03 04:45:58,3.9010000000000002,-2.942
2022-03-03 04:45:59,3.71,-2.735
2022-03-03 04:46:01,3.782,-2.707
2022-03-03 04:46:03,3.987,-2.825
2022-03-03 04:46:04,3.969,-3.089
2022-03-03 04:46:06,3.99,-3.202
2022-03-03 04:46:08,3.682,-3.007
2022-03-03 04:46:10,3.723,-3.0660000000000003
2022-03-03 04:46:11,3.911,-3.16
2022-03-03 04:46:13,4.033,-3.321
2022-03-03 04:46:15,4.033,-3.236
2022-03-03 04:46:17,3.996,-3.286
2022-03-03 04:46:18,3.8240000000000003,-3.1390000000000002
2022-03-03 04:46:20,3.705,-3.117
2022-03-03 04:46:22,3.7760000000000002,-3.142
2022-03-03 04:46:24,3.9090000000000003,-3.221
2022-03-03 04:46:25,3.994,-3.243
2022-03-03 04:46:27,4.005,-3.262
2022-03-03 04:46:29,4.034,-3.303
2022-03-03 04:46:31,3.9010000000000002,-3.227
2022-03-03 04:46:32,3.712,-3.118
2022-03-03 04:46:34,3.739,-3.124
2022-03-03 04:46:36,3.826,-3.1390000000000002
2022-03-03 04:46:37,3.977,-3.305
2022-03-03 04:46:39,4.018,-3.347
2022-03-03 04:46:41,4.001,-3.338
2022-03-03 04:46:43,4.069,-3.31
2022-03-03 04:46:44,3.932,-3.266
2022-03-03 04:46:46,3.701,-3.1750000000000003
2022-03-03 04:46:48,3.733,-3.16
2022-03-03 04:46:50,3.7600000000000002,-3.12
2022-03-03 04:46:51,3.942,-3.321
2022-03-03 04:46:53,4.005,-3.35
2022-03-03 04:46:55,4.03,-3.339
2022-03-03 04:46:57,4.027,-3.34
2022-03-03 04:46:58,3.9410000000000003,-3.286
2022-03-03 04:47:00,3.781,-3.165
2022-03-03 04:47:02,3.745,-3.116
2022-03-03 04:47:04,3.743,-3.1390000000000002
2022-03-03 04:47:05,3.868,-3.236
2022-03-03 04:47:07,4.059,-3.366
2022-03-03 04:47:09,4.003,-3.3160000000000003
2022-03-03 04:47:10,4.007,-3.306
2022-03-03 04:47:12,3.959,-3.356
2022-03-03 04:47:14,3.876,-3.217
2022-03-03 04:47:16,3.73,-3.153
2022-03-03 04:47:17,3.708,-3.1270000000000002
2022-03-03 04:47:19,3.846,-3.189
2022-03-03 04:47:21,3.958,-3.319
2022-03-03 04:47:23,4.001,-3.314
2022-03-03 04:47:24,4.024,-3.349
2022-03-03 04:47:26,4.033,-3.365
2022-03-03 04:47:28,3.92,-3.294
2022-03-03 04:47:30,3.74,-3.144
2022-03-03 04:47:31,3.739,-3.133
2022-03-03 04:47:33,3.8810000000000002,-3.207
2022-03-03 04:47:35,4.041,-3.347
2022-03-03 04:47:37,4.027,-3.355
2022-03-03 04:47:38,4.055,-3.3810000000000002
2022-03-03 04:47:40,3.868,-3.225
2022-03-03 04:47:42,3.725,-3.158
2022-03-03 04:47:44,3.738,-3.156
2022-03-03 04:47:45,3.837,-3.124
2022-03-03 04:47:47,3.96,-3.273
2022-03-03 04:47:49,4.026,-3.41
2022-03-03 04:47:50,4.038,-3.317
2022-03-03 04:47:52,4.047,-3.323
2022-03-03 04:47:54,3.9650000000000003,-3.342
2022-03-03 04:47:56,3.775,-3.1710000000000003
2022-03-03 04:47:57,3.731,-3.114
2022-03-03 04:47:59,3.72,-3.14
2022-03-03 04:48:01,3.786,-3.13
2022-03-03 04:48:03,3.935,-3.241
2022-03-03 04:48:04,3.974,-3.372
2022-03-03 04:48:06,4.0280000000000005,-3.319
2022-03-03 04:48:08,4.0040000000000004,-3.3200000000000003
2022-03-03 04:48:10,4.025,-3.364
2022-03-03 04:48:11,3.956,-3.281
2022-03-03 04:48:13,3.713,-3.164
2022-03-03 04:48:15,3.6950000000000003,-3.164
2022-03-03 04:48:17,3.723,-3.104
2022-03-03 04:48:18,3.9,-3.251
2022-03-03 04:48:20,4.015,-3.374
2022-03-03 04:48:22,3.995,-3.345
2022-03-03 04:48:23,4.015,-3.339
2022-03-03 04:48:25,3.979,-3.332
2022-03-03 04:48:27,3.866,-3.221
2022-03-03 04:48:29,3.741,-3.116
2022-03-03 04:48:30,3.747,-3.1270000000000002
2022-03-03 04:48:32,3.855,-3.1710000000000003
2022-03-03 04:48:34,3.9090000000000003,-3.251
2022-03-03 04:48:36,4.033,-3.3810000000000002
2022-03-03 04:48:37,4.011,-3.301
2022-03-03 04:48:39,3.989,-3.3160000000000003
2022-03-03 04:48:41,3.976,-3.2680000000000002
2022-03-03 04:48:43,3.7640000000000002,-3.1830000000000003
2022-03-03 04:48:44,3.732,-3.178
2022-03-03 04:48:46,3.718,-3.158
2022-03-03 04:48:48,3.733,-3.14
2022-03-03 04:48:50,3.7840000000000003,-3.184
2022-03-03 04:48:51,3.967,-3.341
2022-03-03 04:48:53,3.971,-3.342
2022-03-03 04:48:55,3.99,-3.341
2022-03-03 04:48:56,3.942,-3.285
2022-03-03 04:48:58,3.85,-3.224
2022-03-03 04:49:00,3.693,-3.158
2022-03-03 04:49:02,3.709,-3.1390000000000002
2022-03-03 04:49:03,3.9250000000000003,-3.314
2022-03-03 04:49:05,4.024,-3.387
2022-03-03 04:49:07,4.025,-3.347
2022-03-03 04:49:09,4.038,-3.368
2022-03-03 04:49:10,3.916,-3.266
2022-03-03 04:49:12,3.715,-3.184
2022-03-03 04:49:14,3.721,-3.14
2022-03-03 04:49:16,3.806,-3.161
2022-03-03 04:49:17,3.989,-3.343
2022-03-03 04:49:19,3.992,-3.343
2022-03-03 04:49:21,3.998,-3.34
2022-03-03 04:49:23,4.019,-3.357
2022-03-03 04:49:24,3.927,-3.2560000000000002
2022-03-03 04:49:26,3.69,-3.1430000000000002
2022-03-03 04:49:28,3.694,-3.138
2022-03-03 04:49:30,3.801,-3.193
2022-03-03 04:49:31,3.976,-3.371
2022-03-03 04:49:33,4.015,-3.329
2022-03-03 04:49:35,4.032,-3.361
2022-03-03 04:49:36,3.9050000000000002,-3.274
2022-03-03 04:49:38,3.731,-3.123
2022-03-03 04:49:40,3.749,-3.181
2022-03-03 04:49:42,3.9130000000000003,-3.277
2022-03-03 04:49:43,4.006,-3.331
2022-03-03 04:49:45,3.984,-3.339
2022-03-03 04:49:47,3.9330000000000003,-3.3160000000000003
2022-03-03 04:49:49,3.757,-3.188
2022-03-03 04:49:50,3.697,-3.117
2022-03-03 04:49:52,3.73,-3.144
2022-03-03 04:49:54,3.85,-3.225
2022-03-03 04:49:56,3.9370000000000003,-3.322
2022-03-03 04:49:57,4.016,-3.322
2022-03-03 04:49:59,3.984,-3.322
2022-03-03 04:50:01,3.968,-3.307
2022-03-03 04:50:03,3.9650000000000003,-3.361
2022-03-03 04:50:04,3.92,-3.244
2022-03-03 04:50:06,3.726,-3.1510000000000002
2022-03-03 04:50:08,3.714,-3.1630000000000003
2022-03-03 04:50:09,3.738,-3.1550000000000002
2022-03-03 04:50:11,3.8890000000000002,-3.29
2022-03-03 04:50:13,3.991,-3.3770000000000002
2022-03-03 04:50:15,3.973,-3.323
2022-03-03 04:50:16,3.994,-3.378
2022-03-03 04:50:18,3.7720000000000002,-3.203
2022-03-03 04:50:20,3.7,-3.162
2022-03-03 04:50:22,3.724,-3.166
2022-03-03 04:50:23,3.882,-3.257
2022-03-03 04:50:25,4.0,-3.361
2022-03-03 04:50:27,3.991,-3.3120000000000003
2022-03-03 04:50:29,3.997,-3.318
2022-03-03 04:50:30,3.918,-3.315
2022-03-03 04:50:32,3.758,-3.202
2022-03-03 04:50:34,3.713,-3.1790000000000003
2022-03-03 04:50:36,3.737,-3.118
2022-03-03 04:50:37,3.88,-3.224
2022-03-03 04:50:39,4.041,-3.373
2022-03-03 04:50:41,4.038,-3.351
2022-03-03 04:50:43,4.059,-3.313
2022-03-03 04:50:44,3.915,-3.342
2022-03-03 04:50:46,3.714,-3.1590000000000003
2022-03-03 04:50:48,3.69,-3.1470000000000002
2022-03-03 04:50:49,3.791,-3.1830000000000003
2022-03-03 04:50:51,3.916,-3.241
2022-03-03 04:50:53,4.0120000000000005,-3.327
2022-03-03 04:50:55,3.996,-3.35
2022-03-03 04:50:56,4.043,-3.4050000000000002
2022-03-03 04:50:58,3.837,-3.217
2022-03-03 04:51:00,3.716,-3.123
2022-03-03 04:51:02,3.701,-3.1790000000000003
2022-03-03 04:51:03,3.774,-3.188
2022-03-03 04:51:05,3.996,-3.331
2022-03-03 04:51:07,4.024,-3.266
2022-03-03 04:51:09,4.046,-3.241
2022-03-03 04:51:10,3.9050000000000002,-3.186
2022-03-03 04:51:12,3.733,-3.036
2022-03-03 04:51:14,3.723,-3.125
2022-03-03 04:51:16,3.846,-3.1790000000000003
2022-03-03 04:51:17,3.96,-3.299
2022-03-03 04:51:19,3.974,-3.3000000000000003
2022-03-03 04:51:21,3.9570000000000003,-3.255
2022-03-03 04:51:22,3.899,-3.279
2022-03-03 04:51:24,3.712,-3.108
2022-03-03 04:51:26,3.705,-3.148
2022-03-03 04:51:28,3.838,-3.181
2022-03-03 04:51:29,4.0040000000000004,-3.323
2022-03-03 04:51:31,3.989,-3.281
2022-03-03 04:51:33,3.967,-3.274
2022-03-03 04:51:35,3.997,-3.379
2022-03-03 04:51:36,3.8120000000000003,-3.176
2022-03-03 04:51:38,3.676,-3.169
2022-03-03 04:51:40,3.733,-3.1470000000000002
2022-03-03 04:51:42,3.859,-3.2520000000000002
2022-03-03 04:51:43,4.018,-3.402
2022-03-03 04:51:45,4.0040000000000004,-3.343
2022-03-03 04:51:47,4.07,-3.323
2022-03-03 04:51:49,3.922,-3.302
2022-03-03 04:51:50,3.682,-3.1630000000000003
2022-03-03 04:51:52,3.698,-3.134
2022-03-03 04:51:54,3.826,-3.1550000000000002
2022-03-03 04:51:55,3.9330000000000003,-3.321
2022-03-03 04:51:57,3.975,-3.372
2022-03-03 04:51:59,4.048,-3.338
2022-03-03 04:52:01,3.942,-3.247
2022-03-03 04:52:02,3.7110000000000003,-3.1510000000000002
2022-03-03 04:52:04,3.803,-3.111
2022-03-03 04:52:06,3.969,-3.333
2022-03-03 04:52:08,3.975,-3.354
2022-03-03 04:52:09,4.01,-3.366
2022-03-03 04:52:11,3.983,-3.362
2022-03-03 04:52:13,3.815,-3.22
2022-03-03 04:52:15,3.733,-3.168
2022-03-03 04:52:16,3.716,-3.154
2022-03-03 04:52:18,3.872,-3.214
2022-03-03 04:52:20,3.996,-3.343
2022-03-03 04:52:22,3.964,-3.317
2022-03-03 04:52:23,3.922,-3.3240000000000003
2022-03-03 04:52:25,3.723,-3.1910000000000003
2022-03-03 04:52:27,3.732,-3.142
2022-03-03 04:52:29,3.798,-3.169
2022-03-03 04:52:30,3.8890000000000002,-3.269
2022-03-03 04:52:32,4.038,-3.396
2022-03-03 04:52:34,4.003,-3.333
2022-03-03 04:52:35,3.984,-3.3280000000000003
2022-03-03 04:52:37,3.936,-3.347
2022-03-03 04:52:39,3.701,-3.238
2022-03-03 04:52:41,3.725,-3.144
2022-03-03 04:52:42,3.8000000000000003,-3.162
2022-03-03 04:52:44,3.892,-3.2520000000000002
2022-03-03 04:52:46,4.021,-3.3970000000000002
2022-03-03 04:52:48,3.98,-3.327
2022-03-03 04:52:49,4.033,-3.344
2022-03-03 04:52:51,3.914,-3.359
2022-03-03 04:52:53,3.798,-3.207
2022-03-03 04:52:55,3.7070000000000003,-3.129
2022-03-03 04:52:56,3.729,-3.1790000000000003
2022-03-03 04:52:58,3.898,-3.325
2022-03-03 04:53:00,3.994,-3.3930000000000002
2022-03-03 04:53:02,4.002,-3.301
2022-03-03 04:53:03,4.03,-3.374
2022-03-03 04:53:05,3.9650000000000003,-3.331
2022-03-03 04:53:07,3.714,-3.165
2022-03-03 04:53:08,3.702,-3.157
2022-03-03 04:53:10,3.708,-3.196
2022-03-03 04:53:12,3.856,-3.224
2022-03-03 04:53:14,3.9010000000000002,-3.315
2022-03-03 04:53:15,4.027,-3.3810000000000002
2022-03-03 04:53:17,3.994,-3.37
2022-03-03 04:53:19,4.005,-3.349
2022-03-03 04:53:21,3.993,-3.321
2022-03-03 04:53:22,4.054,-3.382
2022-03-03 04:53:24,3.943,-3.314
2022-03-03 04:53:26,3.822,-3.263
2022-03-03 04:53:28,3.753,-3.164
2022-03-03 04:53:29,3.706,-3.1430000000000002
2022-03-03 04:53:31,3.807,-3.1630000000000003
2022-03-03 04:53:33,3.898,-3.3240000000000003
2022-03-03 04:53:35,4.005,-3.4170000000000003
2022-03-03 04:53:36,4.015,-3.365
2022-03-03 04:53:38,3.936,-3.326
2022-03-03 04:53:40,3.841,-3.2640000000000002
2022-03-03 04:53:41,3.718,-3.1430000000000002
2022-03-03 04:53:43,3.715,-3.1990000000000003
2022-03-03 04:53:45,3.821,-3.173
2022-03-03 04:53:47,3.9490000000000003,-3.374
2022-03-03 04:53:48,3.9570000000000003,-3.332
2022-03-03 04:53:50,3.972,-3.374
2022-03-03 04:53:52,4.007,-3.412
2022-03-03 04:53:54,3.8890000000000002,-3.31
2022-03-03 04:53:55,3.726,-3.164
2022-03-03 04:53:57,3.7,-3.165
2022-03-03 04:53:59,3.806,-3.178
2022-03-03 04:54:01,3.875,-3.298
2022-03-03 04:54:02,3.998,-3.4330000000000003
2022-03-03 04:54:04,4.0280000000000005,-3.371
2022-03-03 04:54:06,3.98,-3.323
2022-03-03 04:54:08,3.936,-3.332
2022-03-03 04:54:09,3.73,-3.182
2022-03-03 04:54:11,3.692,-3.209
2022-03-03 04:54:13,3.85,-3.289
2022-03-03 04:54:15,4.0040000000000004,-3.439
2022-03-03 04:54:16,4.008,-3.348
2022-03-03 04:54:18,3.911,-3.348
2022-03-03 04:54:20,3.883,-3.293
2022-03-03 04:54:21,3.727,-3.146
2022-03-03 04:54:23,3.719,-3.174
2022-03-03 04:54:25,3.8770000000000002,-3.321
2022-03-03 04:54:27,3.994,-3.4210000000000003
2022-03-03 04:54:28,3.984,-3.387
2022-03-03 04:54:30,4.014,-3.355
2022-03-03 04:54:32,3.8930000000000002,-3.321
2022-03-03 04:54:34,3.646,-3.194
2022-03-03 04:54:35,3.727,-3.1870000000000003
2022-03-03 04:54:37,3.7800000000000002,-3.18
2022-03-03 04:54:39,3.983,-3.386
2022-03-03 04:54:41,4.013,-3.348
2022-03-03 04:54:42,4.022,-3.367
2022-03-03 04:54:44,3.857,-3.295
2022-03-03 04:54:46,3.701,-3.207
2022-03-03 04:54:48,3.729,-3.214
2022-03-03 04:54:49,3.9130000000000003,-3.285
2022-03-03 04:54:51,4.006,-3.345
2022-03-03 04:54:53,3.939,-3.335
2022-03-03 04:54:54,3.972,-3.326
2022-03-03 04:54:56,3.903,-3.289
2022-03-03 04:54:58,3.726,-3.1910000000000003
2022-03-03 04:55:00,3.704,-3.1830000000000003
2022-03-03 04:55:01,3.9330000000000003,-3.321
2022-03-03 04:55:03,3.9490000000000003,-3.366
2022-03-03 04:55:05,3.963,-3.355
2022-03-03 04:55:07,3.984,-3.382
2022-03-03 04:55:08,3.748,-3.238
2022-03-03 04:55:10,3.67,-3.1790000000000003
2022-03-03 04:55:12,3.745,-3.1510000000000002
2022-03-03 04:55:14,3.8360000000000003,-3.2640000000000002
2022-03-03 04:55:15,3.998,-3.424
2022-03-03 04:55:17,3.986,-3.347
2022-03-03 04:55:19,3.977,-3.361
2022-03-03 04:55:21,3.916,-3.349
2022-03-03 04:55:22,3.833,-3.2520000000000002
2022-03-03 04:55:24,3.6710000000000003,-3.156
2022-03-03 04:55:26,3.758,-3.173
2022-03-03 04:55:28,3.879,-3.314
2022-03-03 04:55:29,3.974,-3.43
2022-03-03 04:55:31,3.988,-3.374
2022-03-03 04:55:33,4.005,-3.376
2022-03-03 04:55:34,3.869,-3.271
2022-03-03 04:55:36,3.717,-3.173
2022-03-03 04:55:38,3.681,-3.176
2022-03-03 04:55:40,3.886,-3.2760000000000002
2022-03-03 04:55:41,4.011,-3.442
2022-03-03 04:55:43,3.977,-3.323
2022-03-03 04:55:45,3.973,-3.33
2022-03-03 04:55:47,3.962,-3.3970000000000002
2022-03-03 04:55:48,3.868,-3.327
2022-03-03 04:55:50,3.669,-3.181
2022-03-03 04:55:52,3.694,-3.18
2022-03-03 04:55:54,3.77,-3.164
2022-03-03 04:55:55,3.906,-3.326
2022-03-03 04:55:57,3.993,-3.39
2022-03-03 04:55:59,3.963,-3.359
2022-03-03 04:56:01,3.986,-3.369
2022-03-03 04:56:02,4.047,-3.412
2022-03-03 04:56:04,3.927,-3.332
2022-03-03 04:56:06,3.831,-3.2720000000000002
2022-03-03 04:56:07,3.688,-3.224
2022-03-03 04:56:09,3.7,-3.1550000000000002
2022-03-03 04:56:11,3.88,-3.3280000000000003
2022-03-03 04:56:13,4.031,-3.415
2022-03-03 04:56:14,3.973,-3.396
2022-03-03 04:56:16,4.063,-3.373
2022-03-03 04:56:18,3.899,-3.302
2022-03-03 04:56:20,3.7110000000000003,-3.206
2022-03-03 04:56:21,3.705,-3.184
2022-03-03 04:56:23,3.873,-3.321
2022-03-03 04:56:25,3.966,-3.3850000000000002
2022-03-03 04:56:27,3.966,-3.352
2022-03-03 04:56:28,3.977,-3.358
2022-03-03 04:56:30,3.9530000000000003,-3.365
2022-03-03 04:56:32,3.6830000000000003,-3.177
2022-03-03 04:56:34,3.727,-3.192
2022-03-03 04:56:35,3.8200000000000003,-3.283
2022-03-03 04:56:37,4.026,-3.4210000000000003
2022-03-03 04:56:39,3.982,-3.3890000000000002
2022-03-03 04:56:40,4.043,-3.353
2022-03-03 04:56:42,3.94,-3.335
2022-03-03 04:56:44,3.743,-3.213
2022-03-03 04:56:46,3.717,-3.193
2022-03-03 04:56:47,3.857,-3.309
2022-03-03 04:56:49,3.996,-3.424
2022-03-03 04:56:51,4.002,-3.386
2022-03-03 04:56:53,4.038,-3.38
2022-03-03 04:56:54,3.898,-3.358
2022-03-03 04:56:56,3.6790000000000003,-3.208
2022-03-03 04:56:58,3.705,-3.178
2022-03-03 04:57:00,3.806,-3.233
2022-03-03 04:57:01,3.94,-3.376
2022-03-03 04:57:03,4.005,-3.3770000000000002
2022-03-03 04:57:05,3.958,-3.338
2022-03-03 04:57:07,3.93,-3.371
2022-03-03 04:57:08,3.644,-3.202
2022-03-03 04:57:10,3.676,-3.203
2022-03-03 04:57:12,3.787,-3.217
2022-03-03 04:57:14,4.047,-3.455
2022-03-03 04:57:15,4.006,-3.3850000000000002
2022-03-03 04:57:17,3.989,-3.432
2022-03-03 04:57:19,3.912,-3.318
2022-03-03 04:57:20,3.702,-3.174
2022-03-03 04:57:22,3.6950000000000003,-3.164
2022-03-03 04:57:24,3.899,-3.369
2022-03-03 04:57:26,3.995,-3.376
2022-03-03 04:57:27,3.993,-3.359
2022-03-03 04:57:29,3.9330000000000003,-3.373
2022-03-03 04:57:31,3.696,-3.225
2022-03-03 04:57:33,3.712,-3.1790000000000003
2022-03-03 04:57:34,3.834,-3.278
2022-03-03 04:57:36,3.996,-3.424
2022-03-03 04:57:38,3.969,-3.3930000000000002
2022-03-03 04:57:40,3.928,-3.3810000000000002
2022-03-03 04:57:41,3.692,-3.204
2022-03-03 04:57:43,3.7030000000000003,-3.258
2022-03-03 04:57:45,3.852,-3.2880000000000003
2022-03-03 04:57:47,3.91,-3.4
2022-03-03 04:57:48,4.001,-3.348
2022-03-03 04:57:50,3.979,-3.396
2022-03-03 04:57:52,3.868,-3.363
2022-03-03 04:57:53,3.678,-3.214
2022-03-03 04:57:55,3.719,-3.176
2022-03-03 04:57:57,3.7840000000000003,-3.227
2022-03-03 04:57:59,3.9170000000000003,-3.366
2022-03-03 04:58:00,3.986,-3.354
2022-03-03 04:58:02,3.9530000000000003,-3.342
2022-03-03 04:58:04,3.918,-3.364
2022-03-03 04:58:06,3.641,-3.17
2022-03-03 04:58:07,3.71,-3.226
2022-03-03 04:58:09,3.872,-3.356
2022-03-03 04:58:11,4.018,-3.427
2022-03-03 04:58:13,4.0,-3.395
2022-03-03 04:58:14,4.016,-3.416
2022-03-03 04:58:16,3.805,-3.265
2022-03-03 04:58:18,3.73,-3.1830000000000003
2022-03-03 04:58:20,3.686,-3.162
2022-03-03 04:58:21,3.851,-3.2800000000000002
2022-03-03 04:58:23,4.0120000000000005,-3.427
2022-03-03 04:58:25,3.9610000000000003,-3.4170000000000003
2022-03-03 04:58:26,3.986,-3.3850000000000002
2022-03-03 04:58:28,3.9370000000000003,-3.352
2022-03-03 04:58:30,3.809,-3.258
2022-03-03 04:58:32,3.666,-3.23
2022-03-03 04:58:33,3.713,-3.234
2022-03-03 04:58:35,3.879,-3.305
2022-03-03 04:58:37,4.016,-3.4250000000000003
2022-03-03 04:58:39,3.959,-3.366
2022-03-03 04:58:40,3.963,-3.371
2022-03-03 04:58:42,3.983,-3.451
2022-03-03 04:58:44,3.7800000000000002,-3.237
2022-03-03 04:58:46,3.727,-3.16
2022-03-03 04:58:47,3.656,-3.209
2022-03-03 04:58:49,3.817,-3.228
2022-03-03 04:58:51,3.902,-3.345
2022-03-03 04:58:53,4.039,-3.438
2022-03-03 04:58:54,3.9650000000000003,-3.402
2022-03-03 04:58:56,3.959,-3.382
2022-03-03 04:58:58,4.0040000000000004,-3.43
2022-03-03 04:59:00,3.904,-3.33
2022-03-03 04:59:01,3.713,-3.213
2022-03-03 04:59:03,3.7030000000000003,-3.1670000000000003
2022-03-03 04:59:05,3.749,-3.201
2022-03-03 04:59:06,3.891,-3.302
2022-03-03 04:59:08,3.9610000000000003,-3.446
2022-03-03 04:59:10,3.992,-3.398
2022-03-03 04:59:12,3.967,-3.394
2022-03-03 04:59:13,4.046,-3.406
2022-03-03 04:59:15,3.9250000000000003,-3.4
2022-03-03 04:59:17,3.891,-3.278
2022-03-03 04:59:19,3.709,-3.1750000000000003
2022-03-03 04:59:20,3.732,-3.208
2022-03-03 04:59:22,3.6870000000000003,-3.211
2022-03-03 04:59:24,3.794,-3.19
2022-03-03 04:59:26,3.911,-3.356
2022-03-03 04:59:27,3.948,-3.406
2022-03-03 04:59:29,4.009,-3.452
2022-03-03 04:59:31,3.999,-3.365
2022-03-03 04:59:33,3.975,-3.395
2022-03-03 04:59:34,3.999,-3.446
2022-03-03 04:59:36,3.8770000000000002,-3.325
2022-03-03 04:59:38,3.843,-3.318
2022-03-03 04:59:39,3.717,-3.17
2022-03-03 04:59:41,3.6750000000000003,-3.212
2022-03-03 04:59:43,3.714,-3.231
2022-03-03 04:59:45,3.778,-3.225
2022-03-03 04:59:46,3.861,-3.253
2022-03-03 04:59:48,3.922,-3.38
2022-03-03 04:59:50,4.001,-3.456
2022-03-03 04:59:52,3.966,-3.412
2022-03-03 04:59:53,4.0040000000000004,-3.387
2022-03-03 04:59:55,3.984,-3.342
2022-03-03 04:59:57,3.969,-3.412
2022-03-03 04:59:59,3.922,-3.348
2022-03-03 05:00:00,3.678,-3.265
2022-03-03 05:00:02,4.208,-3.616
2022-03-03 05:00:04,4.149,-3.512
2022-03-03 05:00:06,4.107,-3.601
2022-03-03 05:00:07,4.242,-3.731
2022-03-03 05:00:09,4.291,-3.818
2022-03-03 05:00:11,4.442,-3.844
2022-03-03 05:00:12,4.415,-3.912
2022-03-03 05:00:14,4.492,-3.911
2022-03-03 05:00:16,4.51,-3.942
2022-03-03 05:00:18,4.514,-3.852
2022-03-03 05:00:19,4.516,-3.845
2022-03-03 05:00:21,4.461,-3.7720000000000002
2022-03-03 05:00:23,4.496,-3.783
2022-03-03 05:00:25,4.496,-3.765
2022-03-03 05:00:26,4.337,-3.727
2022-03-03 05:00:28,4.339,-3.69
2022-03-03 05:00:30,4.341,-3.701
2022-03-03 05:00:32,4.363,-3.709
2022-03-03 05:00:33,4.372,-3.794
2022-03-03 05:00:35,4.385,-3.737
2022-03-03 05:00:37,4.392,-3.84
2022-03-03 05:00:39,4.382,-3.8120000000000003
2022-03-03 05:00:40,4.401,-3.861
2022-03-03 05:00:42,4.453,-3.9170000000000003
2022-03-03 05:00:44,4.392,-3.844
2022-03-03 05:00:46,4.385,-3.765
2022-03-03 05:00:47,4.394,-3.805
2022-03-03 05:00:49,4.46,-3.791
2022-03-03 05:00:51,4.434,-3.744
2022-03-03 05:00:52,4.397,-3.725
2022-03-03 05:00:54,4.605,-3.8040000000000003
2022-03-03 05:00:56,4.511,-3.7600000000000002
2022-03-03 05:00:58,4.503,-3.7030000000000003
2022-03-03 05:00:59,4.4190000000000005,-3.657
2022-03-03 05:01:01,4.477,-3.625
2022-03-03 05:01:03,4.297,-3.532
2022-03-03 05:01:05,4.359,-3.559
2022-03-03 05:01:06,4.301,-3.5380000000000003
2022-03-03 05:01:08,4.282,-3.5460000000000003
2022-03-03 05:01:10,4.297,-3.544
2022-03-03 05:01:12,4.375,-3.535
2022-03-03 05:01:13,4.4110000000000005,-3.5300000000000002
2022-03-03 05:01:15,4.502,-3.6390000000000002
2022-03-03 05:01:17,4.37,-3.653
2022-03-03 05:01:19,4.425,-3.559
2022-03-03 05:01:20,4.486,-3.71
2022-03-03 05:01:22,4.49,-3.738
2022-03-03 05:01:24,4.478,-3.75
2022-03-03 05:01:25,4.489,-3.782
2022-03-03 05:01:27,4.597,-3.833
2022-03-03 05:01:29,4.589,-3.9
2022-03-03 05:01:31,4.549,-3.843
2022-03-03 05:01:32,4.517,-3.826
2022-03-03 05:01:34,4.574,-3.837
2022-03-03 05:01:36,4.6770000000000005,-3.904
2022-03-03 05:01:38,4.587,-3.84
2022-03-03 05:01:39,4.596,-3.844
2022-03-03 05:01:41,4.583,-3.87
2022-03-03 05:01:43,4.616,-3.798
2022-03-03 05:01:45,4.624,-3.861
2022-03-03 05:01:46,4.6450000000000005,-3.861
2022-03-03 05:01:48,4.696,-3.916
2022-03-03 05:01:50,4.691,-3.842
2022-03-03 05:01:52,4.606,-3.761
2022-03-03 05:01:53,4.479,-3.681
2022-03-03 05:01:55,4.501,-3.714
2022-03-03 05:01:57,4.484,-3.726
2022-03-03 05:01:58,4.542,-3.851
2022-03-03 05:02:00,4.555,-3.919
2022-03-03 05:02:02,4.623,-3.906
2022-03-03 05:02:04,4.625,-3.9250000000000003
2022-03-03 05:02:05,4.706,-3.907
2022-03-03 05:02:07,4.6930000000000005,-3.943
2022-03-03 05:02:09,4.671,-3.869
2022-03-03 05:02:11,4.492,-3.787
2022-03-03 05:02:12,4.5280000000000005,-3.753
2022-03-03 05:02:14,4.602,-3.874
2022-03-03 05:02:16,4.609,-4.009
2022-03-03 05:02:18,4.643,-3.988
2022-03-03 05:02:19,4.6610000000000005,-4.005
2022-03-03 05:02:21,4.769,-4.027
2022-03-03 05:02:23,4.7250000000000005,-3.896
2022-03-03 05:02:25,4.526,-3.826
2022-03-03 05:02:26,4.571,-3.802
2022-03-03 05:02:28,4.561,-3.8850000000000002
2022-03-03 05:02:30,4.635,-4.072
2022-03-03 05:02:31,4.665,-3.994
2022-03-03 05:02:33,4.633,-3.969
2022-03-03 05:02:35,4.689,-3.954
2022-03-03 05:02:37,4.601,-3.9130000000000003
2022-03-03 05:02:38,4.464,-3.8080000000000003
2022-03-03 05:02:40,4.541,-3.81
2022-03-03 05:02:42,4.5680000000000005,-3.944
2022-03-03 05:02:44,4.598,-4.022
2022-03-03 05:02:45,4.616,-3.971
2022-03-03 05:02:47,4.696,-3.991
2022-03-03 05:02:49,4.499,-3.853
2022-03-03 05:02:51,4.5200000000000005,-3.849
2022-03-03 05:02:52,4.533,-3.915
2022-03-03 05:02:54,4.676,-4.043
2022-03-03 05:02:56,4.67,-4.058
2022-03-03 05:02:58,4.716,-3.974
2022-03-03 05:02:59,4.545,-3.865
2022-03-03 05:03:01,4.567,-3.879
2022-03-03 05:03:03,4.638,-4.071
2022-03-03 05:03:04,4.673,-4.058
2022-03-03 05:03:06,4.773,-4.069
2022-03-03 05:03:08,4.62,-3.95
2022-03-03 05:03:10,4.545,-3.888
2022-03-03 05:03:11,4.635,-4.063
2022-03-03 05:03:13,4.722,-4.065
2022-03-03 05:03:15,4.702,-4.0760000000000005
2022-03-03 05:03:17,4.5360000000000005,-3.906
2022-03-03 05:03:18,4.6000000000000005,-3.93
2022-03-03 05:03:20,4.636,-4.109
2022-03-03 05:03:22,4.676,-4.085
2022-03-03 05:03:24,4.74,-4.051
2022-03-03 05:03:25,4.497,-3.93
2022-03-03 05:03:27,4.61,-3.907
2022-03-03 05:03:29,4.694,-4.102
2022-03-03 05:03:31,4.707,-4.115
2022-03-03 05:03:32,4.7620000000000005,-4.085
2022-03-03 05:03:34,4.564,-3.9210000000000003
2022-03-03 05:03:36,4.607,-4.055
2022-03-03 05:03:37,4.712,-4.213
2022-03-03 05:03:39,4.6610000000000005,-4.1290000000000004
2022-03-03 05:03:41,4.704,-4.12
2022-03-03 05:03:43,4.577,-3.991
2022-03-03 05:03:44,4.628,-4.0760000000000005
2022-03-03 05:03:46,4.73,-4.191
2022-03-03 05:03:48,4.774,-4.154
2022-03-03 05:03:50,4.655,-4.025
2022-03-03 05:03:51,4.591,-3.996
2022-03-03 05:03:53,4.686,-4.131
2022-03-03 05:03:55,4.674,-4.117
2022-03-03 05:03:57,4.724,-4.105
2022-03-03 05:03:58,4.57,-3.9490000000000003
2022-03-03 05:04:00,4.622,-3.987
2022-03-03 05:04:02,4.6850000000000005,-4.257
2022-03-03 05:04:03,4.705,-4.158
2022-03-03 05:04:05,4.59,-4.01
2022-03-03 05:04:07,4.5680000000000005,-4.018
2022-03-03 05:04:09,4.688,-4.224
2022-03-03 05:04:10,4.697,-4.2010000000000005
2022-03-03 05:04:12,4.748,-4.157
2022-03-03 05:04:14,4.581,-4.048
2022-03-03 05:04:16,4.674,-4.157
2022-03-03 05:04:17,4.73,-4.202
2022-03-03 05:04:19,4.781,-4.131
2022-03-03 05:04:21,4.5520000000000005,-4.0280000000000005
2022-03-03 05:04:23,4.679,-4.207
2022-03-03 05:04:24,4.7010000000000005,-4.2010000000000005
2022-03-03 05:04:26,4.511,-4.062
2022-03-03 05:04:28,4.618,-4.115
2022-03-03 05:04:30,4.674,-4.232
2022-03-03 05:04:31,4.745,-4.191
2022-03-03 05:04:33,4.54,-4.0360000000000005
2022-03-03 05:04:35,4.68,-4.291
2022-03-03 05:04:36,4.746,-4.241
2022-03-03 05:04:38,4.553,-4.069
2022-03-03 05:04:40,4.626,-4.226
2022-03-03 05:04:42,4.692,-4.168
2022-03-03 05:04:43,4.714,-4.132
2022-03-03 05:04:45,4.578,-3.983
2022-03-03 05:04:47,4.696,-4.312
2022-03-03 05:04:49,4.792,-4.163
2022-03-03 05:04:50,4.543,-4.056
2022-03-03 05:04:52,4.672,-4.184
2022-03-03 05:04:54,4.642,-4.213
2022-03-03 05:04:56,4.7780000000000005,-4.1690000000000005
2022-03-03 05:04:57,4.595,-4.062
2022-03-03 05:04:59,4.646,-4.14
2022-03-03 05:05:01,4.68,-4.242
2022-03-03 05:05:02,4.715,-4.095
2022-03-03 05:05:04,4.562,-4.024
2022-03-03 05:05:06,4.7330000000000005,-4.305
2022-03-03 05:05:08,4.807,-4.253
2022-03-03 05:05:09,4.581,-4.066
2022-03-03 05:05:11,4.671,-4.204
2022-03-03 05:05:13,4.747,-4.223
2022-03-03 05:05:15,4.779,-4.194
2022-03-03 05:05:16,4.65,-4.085
2022-03-03 05:05:18,4.731,-4.2090000000000005
2022-03-03 05:05:20,4.7540000000000004,-4.228
2022-03-03 05:05:22,4.575,-4.083
2022-03-03 05:05:23,4.751,-4.331
2022-03-03 05:05:25,4.839,-4.234
2022-03-03 05:05:27,4.564,-4.172
2022-03-03 05:05:28,4.635,-4.181
2022-03-03 05:05:30,4.715,-4.332
2022-03-03 05:05:32,4.78,-4.296
2022-03-03 05:05:34,4.588,-4.148
2022-03-03 05:05:35,4.721,-4.267
2022-03-03 05:05:37,4.752,-4.241
2022-03-03 05:05:39,4.6290000000000004,-4.1610000000000005
2022-03-03 05:05:41,4.716,-4.308
2022-03-03 05:05:42,4.573,-4.127
2022-03-03 05:05:44,4.673,-4.304
2022-03-03 05:05:46,4.769,-4.323
2022-03-03 05:05:48,4.539,-4.121
2022-03-03 05:05:49,4.668,-4.368
2022-03-03 05:05:51,4.7540000000000004,-4.229
2022-03-03 05:05:53,4.605,-4.096
2022-03-03 05:05:54,4.711,-4.267
2022-03-03 05:05:56,4.749,-4.2620000000000005
2022-03-03 05:05:58,4.582,-4.156
2022-03-03 05:06:00,4.738,-4.314
2022-03-03 05:06:01,4.78,-4.285
2022-03-03 05:06:03,4.664,-4.187
2022-03-03 05:06:05,4.706,-4.295
2022-03-03 05:06:07,4.724,-4.226
2022-03-03 05:06:08,4.667,-4.291
2022-03-03 05:06:10,4.742,-4.3180000000000005
2022-03-03 05:06:12,4.598,-4.111
2022-03-03 05:06:14,4.671,-4.304
2022-03-03 05:06:15,4.691,-4.313
2022-03-03 05:06:17,4.582,-4.1770000000000005
2022-03-03 05:06:19,4.652,-4.346
2022-03-03 05:06:20,4.772,-4.3
2022-03-03 05:06:22,4.588,-4.174
2022-03-03 05:06:24,4.714,-4.433
2022-03-03 05:06:26,4.689,-4.327
2022-03-03 05:06:27,4.561,-4.195
2022-03-03 05:06:29,4.731,-4.382
2022-03-03 05:06:31,4.616,-4.276
2022-03-03 05:06:33,4.707,-4.407
2022-03-03 05:06:34,4.777,-4.382
2022-03-03 05:06:36,4.646,-4.337
2022-03-03 05:06:38,4.775,-4.397
2022-03-03 05:06:40,4.641,-4.223
2022-03-03 05:06:41,4.781,-4.401
2022-03-03 05:06:43,4.805,-4.37
2022-03-03 05:06:45,4.666,-4.196
2022-03-03 05:06:46,4.76,-4.392
2022-03-03 05:06:48,4.625,-4.232
2022-03-03 05:06:50,4.735,-4.353
2022-03-03 05:06:52,4.807,-4.3420000000000005
2022-03-03 05:06:53,4.621,-4.18
2022-03-03 05:06:55,4.737,-4.3420000000000005
2022-03-03 05:06:57,4.594,-4.196
2022-03-03 05:06:59,4.771,-4.447
2022-03-03 05:07:00,4.7860000000000005,-4.3100000000000005
2022-03-03 05:07:02,4.652,-4.24
2022-03-03 05:07:04,4.749,-4.301
2022-03-03 05:07:05,4.607,-4.15
2022-03-03 05:07:07,4.722,-4.346
2022-03-03 05:07:09,4.582,-4.203
2022-03-03 05:07:11,4.673,-4.317
2022-03-03 05:07:12,4.816,-4.347
2022-03-03 05:07:14,4.6770000000000005,-4.104
2022-03-03 05:07:16,4.787,-4.256
2022-03-03 05:07:18,4.581,-4.071
2022-03-03 05:07:19,4.7780000000000005,-4.367
2022-03-03 05:07:21,4.807,-4.249
2022-03-03 05:07:23,4.713,-4.222
2022-03-03 05:07:25,4.785,-4.227
2022-03-03 05:07:26,4.589,-4.075
2022-03-03 05:07:28,4.774,-4.236
2022-03-03 05:07:30,4.5920000000000005,-4.103
2022-03-03 05:07:31,4.783,-4.284
2022-03-03 05:07:33,4.766,-4.166
2022-03-03 05:07:35,4.688,-4.19
2022-03-03 05:07:37,4.82,-4.237
2022-03-03 05:07:38,4.649,-4.046
2022-03-03 05:07:40,4.726,-4.195
2022-03-03 05:07:42,4.586,-4.07
2022-03-03 05:07:44,4.776,-4.212
2022-03-03 05:07:45,4.5920000000000005,-4.099
2022-03-03 05:07:47,4.757,-4.304
2022-03-03 05:07:49,4.656,-4.123
2022-03-03 05:07:51,4.732,-4.199
2022-03-03 05:07:52,4.8100000000000005,-4.163
2022-03-03 05:07:54,4.687,-4.125
2022-03-03 05:07:56,4.841,-4.238
2022-03-03 05:07:57,4.648,-3.997
2022-03-03 05:07:59,4.806,-4.152
2022-03-03 05:08:01,4.635,-4.057
2022-03-03 05:08:03,4.749,-4.128
2022-03-03 05:08:04,4.639,-3.968
2022-03-03 05:08:06,4.735,-4.135
2022-03-03 05:08:08,4.609,-4.0
2022-03-03 05:08:10,4.755,-4.132
2022-03-03 05:08:11,4.59,-3.983
2022-03-03 05:08:13,4.711,-4.167
2022-03-03 05:08:15,4.603,-3.985
2022-03-03 05:08:16,4.7540000000000004,-4.151
2022-03-03 05:08:18,4.606,-3.9490000000000003
2022-03-03 05:08:20,4.704,-4.104
2022-03-03 05:08:22,4.599,-3.988
2022-03-03 05:08:23,4.752,-4.121
2022-03-03 05:08:25,4.61,-3.9570000000000003
2022-03-03 05:08:27,4.7620000000000005,-4.107
2022-03-03 05:08:29,4.656,-4.0040000000000004
2022-03-03 05:08:30,4.76,-4.085
2022-03-03 05:08:32,4.583,-3.932
2022-03-03 05:08:34,4.768,-4.118
2022-03-03 05:08:35,4.61,-3.977
2022-03-03 05:08:37,4.746,-4.107
2022-03-03 05:08:39,4.6930000000000005,-3.935
2022-03-03 05:08:41,4.854,-4.115
2022-03-03 05:08:42,4.673,-4.066
2022-03-03 05:08:44,4.843,-4.133
2022-03-03 05:08:46,4.748,-4.0920000000000005
2022-03-03 05:08:48,4.814,-4.067
2022-03-03 05:08:49,4.749,-4.165
2022-03-03 05:08:51,4.615,-3.94
2022-03-03 05:08:53,4.791,-4.061
2022-03-03 05:08:55,4.635,-3.9290000000000003
2022-03-03 05:08:56,4.806,-4.042
2022-03-03 05:08:58,4.66,-3.9210000000000003
2022-03-03 05:09:00,4.808,-4.061
2022-03-03 05:09:01,4.62,-3.919
2022-03-03 05:09:03,4.809,-4.026
2022-03-03 05:09:05,4.6770000000000005,-3.888
2022-03-03 05:09:07,4.788,-4.023
2022-03-03 05:09:08,4.695,-3.954
2022-03-03 05:09:10,4.82,-3.966
2022-03-03 05:09:12,4.749,-4.0040000000000004
2022-03-03 05:09:14,4.8180000000000005,-3.9410000000000003
2022-03-03 05:09:15,4.737,-4.026
2022-03-03 05:09:17,4.83,-3.936
2022-03-03 05:09:19,4.76,-4.048
2022-03-03 05:09:20,4.611,-3.89
2022-03-03 05:09:22,4.8340000000000005,-3.971
2022-03-03 05:09:24,4.6530000000000005,-3.847
2022-03-03 05:09:26,4.781,-4.019
2022-03-03 05:09:27,4.652,-3.8280000000000003
2022-03-03 05:09:29,4.835,-3.982
2022-03-03 05:09:31,4.731,-3.837
2022-03-03 05:09:33,4.883,-4.005
2022-03-03 05:09:34,4.782,-3.9530000000000003
2022-03-03 05:09:36,4.864,-3.998
2022-03-03 05:09:38,4.783,-4.029
2022-03-03 05:09:39,4.7700000000000005,-3.91
2022-03-03 05:09:41,4.853,-4.1
2022-03-03 05:09:43,4.7,-3.837
2022-03-03 05:09:45,4.835,-4.002
2022-03-03 05:09:46,4.68,-3.866
2022-03-03 05:09:48,4.844,-3.969
2022-03-03 05:09:50,4.694,-3.846
2022-03-03 05:09:52,4.8580000000000005,-3.964
2022-03-03 05:09:53,4.691,-3.809
2022-03-03 05:09:55,4.857,-3.942
2022-03-03 05:09:57,4.722,-3.8120000000000003
2022-03-03 05:09:59,4.876,-3.985
2022-03-03 05:10:00,4.776,-3.786
2022-03-03 05:10:02,4.9510000000000005,-3.978
2022-03-03 05:10:04,4.472,-3.662
2022-03-03 05:10:05,4.631,-3.723
2022-03-03 05:10:07,4.524,-3.686
2022-03-03 05:10:09,4.582,-3.652
2022-03-03 05:10:11,4.695,-3.762
2022-03-03 05:10:12,4.383,-3.559
2022-03-03 05:10:14,4.663,-3.6990000000000003
2022-03-03 05:10:16,4.367,-3.593
2022-03-03 05:10:18,4.655,-3.79
2022-03-03 05:10:19,4.583,-3.7
2022-03-03 05:10:21,4.401,-3.567
2022-03-03 05:10:23,4.604,-3.607
2022-03-03 05:10:24,4.333,-3.4530000000000003
2022-03-03 05:10:26,4.591,-3.616
2022-03-03 05:10:28,4.282,-3.423
2022-03-03 05:10:30,4.567,-3.624
2022-03-03 05:10:31,4.492,-3.516
2022-03-03 05:10:33,4.455,-3.528
2022-03-03 05:10:35,4.59,-3.58
2022-03-03 05:10:37,4.319,-3.4130000000000003
2022-03-03 05:10:38,4.566,-3.6
2022-03-03 05:10:40,4.307,-3.4170000000000003
2022-03-03 05:10:42,4.583,-3.6310000000000002
2022-03-03 05:10:43,4.506,-3.563
2022-03-03 05:10:45,4.292,-3.459
2022-03-03 05:10:47,4.59,-3.5780000000000003
2022-03-03 05:10:49,4.293,-3.414
2022-03-03 05:10:50,4.65,-3.577
2022-03-03 05:10:52,4.461,-3.583
2022-03-03 05:10:54,4.505,-3.5820000000000003
2022-03-03 05:10:56,4.63,-3.688
2022-03-03 05:10:57,4.33,-3.474
2022-03-03 05:10:59,4.599,-3.607
2022-03-03 05:11:01,4.446,-3.559
2022-03-03 05:11:02,4.476,-3.592
2022-03-03 05:11:04,4.609,-3.616
2022-03-03 05:11:06,4.3180000000000005,-3.516
2022-03-03 05:11:08,4.6290000000000004,-3.586
2022-03-03 05:11:09,4.417,-3.5340000000000003
2022-03-03 05:11:11,4.5200000000000005,-3.6550000000000002
2022-03-03 05:11:13,4.6000000000000005,-3.66
2022-03-03 05:11:15,4.323,-3.496
2022-03-03 05:11:16,4.623,-3.6670000000000003
2022-03-03 05:11:18,4.4,-3.5180000000000002
2022-03-03 05:11:20,4.527,-3.616
2022-03-03 05:11:21,4.6000000000000005,-3.693
2022-03-03 05:11:23,4.327,-3.517
2022-03-03 05:11:25,4.599,-3.657
2022-03-03 05:11:27,4.441,-3.527
2022-03-03 05:11:28,4.4750000000000005,-3.5820000000000003
2022-03-03 05:11:30,4.6000000000000005,-3.661
2022-03-03 05:11:32,4.333,-3.531
2022-03-03 05:11:34,4.649,-3.6710000000000003
2022-03-03 05:11:35,4.354,-3.525
2022-03-03 05:11:37,4.671,-3.725
2022-03-03 05:11:39,4.531,-3.634
2022-03-03 05:11:41,4.481,-3.617
2022-03-03 05:11:42,4.656,-3.67
2022-03-03 05:11:44,4.3180000000000005,-3.543
2022-03-03 05:11:46,4.702,-3.672
2022-03-03 05:11:47,4.553,-3.677
2022-03-03 05:11:49,4.436,-3.588
2022-03-03 05:11:51,4.636,-3.6750000000000003
2022-03-03 05:11:53,4.336,-3.498
2022-03-03 05:11:54,4.622,-3.668
2022-03-03 05:11:56,4.452,-3.6270000000000002
2022-03-03 05:11:58,4.539,-3.72
2022-03-03 05:12:00,4.571,-3.709
2022-03-03 05:12:01,4.433,-3.649
2022-03-03 05:12:03,4.633,-3.668
2022-03-03 05:12:05,4.251,-3.567
2022-03-03 05:12:06,4.546,-3.68
2022-03-03 05:12:08,4.434,-3.629
2022-03-03 05:12:10,4.445,-3.602
2022-03-03 05:12:12,4.558,-3.729
2022-03-03 05:12:13,4.249,-3.533
2022-03-03 05:12:15,4.514,-3.668
2022-03-03 05:12:17,4.25,-3.515
2022-03-03 05:12:19,4.534,-3.69
2022-03-03 05:12:20,4.218,-3.539
2022-03-03 05:12:22,4.521,-3.656
2022-03-03 05:12:24,4.229,-3.536
2022-03-03 05:12:25,4.513,-3.696
2022-03-03 05:12:27,4.233,-3.569
2022-03-03 05:12:29,4.538,-3.69
2022-03-03 05:12:31,4.289,-3.545
2022-03-03 05:12:32,4.609,-3.6750000000000003
2022-03-03 05:12:34,4.308,-3.516
2022-03-03 05:12:36,4.526,-3.668
2022-03-03 05:12:38,4.392,-3.604
2022-03-03 05:12:39,4.547,-3.698
2022-03-03 05:12:41,4.4190000000000005,-3.586
2022-03-03 05:12:43,4.546,-3.725
2022-03-03 05:12:44,4.462,-3.67
2022-03-03 05:12:46,4.531,-3.689
2022-03-03 05:12:48,4.571,-3.682
2022-03-03 05:12:50,4.534,-3.668
2022-03-03 05:12:51,4.578,-3.648
2022-03-03 05:12:53,4.384,-3.612
2022-03-03 05:12:55,4.6370000000000005,-3.737
2022-03-03 05:12:57,4.385,-3.5540000000000003
2022-03-03 05:12:58,4.662,-3.689
2022-03-03 05:13:00,4.321,-3.52
2022-03-03 05:13:02,4.631,-3.673
2022-03-03 05:13:03,4.331,-3.555
2022-03-03 05:13:05,4.708,-3.662
2022-03-03 05:13:07,4.478,-3.637
2022-03-03 05:13:09,4.599,-3.727
2022-03-03 05:13:10,4.5120000000000005,-3.65
2022-03-03 05:13:12,4.531,-3.6830000000000003
2022-03-03 05:13:14,4.545,-3.704
2022-03-03 05:13:16,4.555,-3.668
2022-03-03 05:13:17,4.58,-3.682
2022-03-03 05:13:19,4.486,-3.638
2022-03-03 05:13:21,4.6450000000000005,-3.7560000000000002
2022-03-03 05:13:23,4.327,-3.6310000000000002
2022-03-03 05:13:24,4.5920000000000005,-3.716
2022-03-03 05:13:26,4.316,-3.588
2022-03-03 05:13:28,4.624,-3.767
2022-03-03 05:13:29,4.344,-3.577
2022-03-03 05:13:31,4.616,-3.6510000000000002
2022-03-03 05:13:33,4.301,-3.532
2022-03-03 05:13:35,4.617,-3.704
2022-03-03 05:13:36,4.288,-3.547
2022-03-03 05:13:38,4.574,-3.698
2022-03-03 05:13:40,4.284,-3.535
2022-03-03 05:13:42,4.555,-3.632
2022-03-03 05:13:43,4.252,-3.548
2022-03-03 05:13:45,4.556,-3.6790000000000003
2022-03-03 05:13:47,4.292,-3.541
2022-03-03 05:13:48,4.569,-3.714
2022-03-03 05:13:50,4.235,-3.524
2022-03-03 05:13:52,4.558,-3.81
2022-03-03 05:13:54,4.238,-3.559
2022-03-03 05:13:55,4.574,-3.6630000000000003
2022-03-03 05:13:57,4.282,-3.567
2022-03-03 05:13:59,4.579,-3.773
2022-03-03 05:14:01,4.391,-3.569
2022-03-03 05:14:02,4.617,-3.757
2022-03-03 05:14:04,4.366,-3.618
2022-03-03 05:14:06,4.557,-3.7560000000000002
2022-03-03 05:14:07,4.376,-3.583
2022-03-03 05:14:09,4.5520000000000005,-3.738
2022-03-03 05:14:11,4.469,-3.6830000000000003
2022-03-03 05:14:13,4.5120000000000005,-3.637
2022-03-03 05:14:14,4.516,-3.6950000000000003
2022-03-03 05:14:16,4.476,-3.645
2022-03-03 05:14:18,4.591,-3.708
2022-03-03 05:14:20,4.412,-3.622
2022-03-03 05:14:21,4.595,-3.754
2022-03-03 05:14:23,4.418,-3.535
2022-03-03 05:14:25,4.599,-3.686
2022-03-03 05:14:27,4.2940000000000005,-3.58
2022-03-03 05:14:28,4.555,-3.6870000000000003
2022-03-03 05:14:30,4.311,-3.555
2022-03-03 05:14:32,4.593,-3.728
2022-03-03 05:14:33,4.301,-3.5380000000000003
2022-03-03 05:14:35,4.611,-3.7070000000000003
2022-03-03 05:14:37,4.324,-3.539
2022-03-03 05:14:39,4.617,-3.7030000000000003
2022-03-03 05:14:40,4.323,-3.606
2022-03-03 05:14:42,4.644,-3.8160000000000003
2022-03-03 05:14:44,4.466,-3.662
2022-03-03 05:14:46,4.606,-3.712
2022-03-03 05:14:47,4.585,-3.677
2022-03-03 05:14:49,4.587,-3.696
2022-03-03 05:14:51,4.604,-3.721
2022-03-03 05:14:52,4.5840000000000005,-3.721
2022-03-03 05:14:54,4.575,-3.721
2022-03-03 05:14:56,4.585,-3.7760000000000002
2022-03-03 05:14:58,4.613,-3.735
2022-03-03 05:14:59,4.593,-3.72
2022-03-03 05:15:01,4.6450000000000005,-3.7600000000000002
2022-03-03 05:15:03,4.603,-3.758
2022-03-03 05:15:05,4.662,-3.735
2022-03-03 05:15:06,4.565,-3.6950000000000003
2022-03-03 05:15:08,4.698,-3.8360000000000003
2022-03-03 05:15:10,4.529,-3.6670000000000003
2022-03-03 05:15:12,4.741,-3.733
2022-03-03 05:15:13,4.488,-3.619
2022-03-03 05:15:15,4.714,-3.746
2022-03-03 05:15:17,4.452,-3.617
2022-03-03 05:15:18,4.72,-3.7720000000000002
2022-03-03 05:15:20,4.393,-3.616
2022-03-03 05:15:22,4.72,-3.745
2022-03-03 05:15:24,4.44,-3.618
2022-03-03 05:15:25,4.7700000000000005,-3.799
2022-03-03 05:15:27,4.611,-3.734
2022-03-03 05:15:29,4.644,-3.722
2022-03-03 05:15:31,4.706,-3.777
2022-03-03 05:15:32,4.628,-3.733
2022-03-03 05:15:34,4.812,-3.7800000000000002
2022-03-03 05:15:36,4.509,-3.654
2022-03-03 05:15:37,4.767,-3.7600000000000002
2022-03-03 05:15:39,4.479,-3.617
2022-03-03 05:15:41,4.766,-3.795
2022-03-03 05:15:43,4.446,-3.612
2022-03-03 05:15:44,4.76,-3.778
2022-03-03 05:15:46,4.741,-3.791
2022-03-03 05:15:48,4.745,-3.766
2022-03-03 05:15:50,4.863,-3.851
2022-03-03 05:15:51,4.683,-3.742
2022-03-03 05:15:53,4.875,-3.777
2022-03-03 05:15:55,4.621,-3.67
2022-03-03 05:15:56,4.824,-3.807
2022-03-03 05:15:58,4.515,-3.662
2022-03-03 05:16:00,4.839,-3.823
2022-03-03 05:16:02,4.581,-3.6910000000000003
2022-03-03 05:16:03,4.91,-3.8890000000000002
2022-03-03 05:16:05,4.799,-3.838
2022-03-03 05:16:07,4.69,-3.7070000000000003
2022-03-03 05:16:09,4.938,-3.831
2022-03-03 05:16:10,4.613,-3.6870000000000003
2022-03-03 05:16:12,4.885,-3.811
2022-03-03 05:16:14,4.601,-3.6470000000000002
2022-03-03 05:16:16,4.912,-3.827
2022-03-03 05:16:17,4.648,-3.775
2022-03-03 05:16:19,4.847,-3.86
2022-03-03 05:16:21,4.853,-3.805
2022-03-03 05:16:22,4.796,-3.759
2022-03-03 05:16:24,4.957,-3.873
2022-03-03 05:16:26,4.664,-3.708
2022-03-03 05:16:28,4.885,-3.834
2022-03-03 05:16:29,4.652,-3.733
2022-03-03 05:16:31,4.977,-3.83
2022-03-03 05:16:33,4.651,-3.742
2022-03-03 05:16:35,4.994,-3.948
2022-03-03 05:16:36,4.896,-3.789
2022-03-03 05:16:38,4.912,-3.826
2022-03-03 05:16:40,4.9830000000000005,-3.884
2022-03-03 05:16:42,4.865,-3.732
2022-03-03 05:16:43,5.002,-3.875
2022-03-03 05:16:45,4.716,-3.735
2022-03-03 05:16:47,5.042,-3.852
2022-03-03 05:16:48,4.73,-3.758
2022-03-03 05:16:50,5.005,-3.872
2022-03-03 05:16:52,5.077,-3.912
2022-03-03 05:16:54,4.874,-3.72
2022-03-03 05:16:55,5.061,-3.839
2022-03-03 05:16:57,4.787,-3.729
2022-03-03 05:16:59,5.106,-3.876
2022-03-03 05:17:01,4.803,-3.735
2022-03-03 05:17:02,5.1290000000000004,-3.964
2022-03-03 05:17:04,5.047,-3.872
2022-03-03 05:17:06,4.996,-3.887
2022-03-03 05:17:07,5.133,-3.978
2022-03-03 05:17:09,4.864,-3.744
2022-03-03 05:17:11,5.104,-3.907
2022-03-03 05:17:13,4.859,-3.725
2022-03-03 05:17:14,5.113,-3.989
2022-03-03 05:17:16,5.056,-3.951
2022-03-03 05:17:18,4.931,-3.7720000000000002
2022-03-03 05:17:20,5.103,-3.9
2022-03-03 05:17:21,4.829,-3.7560000000000002
2022-03-03 05:17:23,5.067,-3.96
2022-03-03 05:17:25,5.049,-3.9090000000000003
2022-03-03 05:17:27,4.783,-3.7760000000000002
2022-03-03 05:17:28,5.0680000000000005,-3.868
2022-03-03 05:17:30,4.75,-3.7760000000000002
2022-03-03 05:17:32,5.037,-3.996
2022-03-03 05:17:33,4.888,-3.8930000000000002
2022-03-03 05:17:35,4.833,-3.778
2022-03-03 05:17:37,4.8950000000000005,-3.87
2022-03-03 05:17:39,4.624,-3.755
2022-03-03 05:17:40,4.8500000000000005,-3.873
2022-03-03 05:17:42,4.529,-3.723
2022-03-03 05:17:44,4.796,-3.879
2022-03-03 05:17:46,4.766,-3.872
2022-03-03 05:17:47,4.609,-3.698
2022-03-03 05:17:49,4.7540000000000004,-3.866
2022-03-03 05:17:51,4.472,-3.701
2022-03-03 05:17:53,4.765,-3.879
2022-03-03 05:17:54,4.636,-3.834
2022-03-03 05:17:56,4.404,-3.715
2022-03-03 05:17:58,4.65,-3.786
2022-03-03 05:17:59,4.33,-3.708
2022-03-03 05:18:01,4.541,-3.783
2022-03-03 05:18:03,4.532,-3.779
2022-03-03 05:18:05,4.232,-3.6390000000000002
2022-03-03 05:18:06,4.522,-3.814
2022-03-03 05:18:08,4.531,-3.7920000000000003
2022-03-03 05:18:10,4.24,-3.642
2022-03-03 05:18:12,4.498,-3.763
2022-03-03 05:18:13,4.174,-3.648
2022-03-03 05:18:15,4.4110000000000005,-3.769
2022-03-03 05:18:17,4.449,-3.821
2022-03-03 05:18:18,4.158,-3.579
2022-03-03 05:18:20,4.449,-3.84
2022-03-03 05:18:22,4.343,-3.71
2022-03-03 05:18:24,4.205,-3.609
2022-03-03 05:18:25,4.385,-3.716
2022-03-03 05:18:27,4.132,-3.565
2022-03-03 05:18:29,4.344,-3.694
2022-03-03 05:18:31,4.413,-3.722
2022-03-03 05:18:32,4.085,-3.564
2022-03-03 05:18:34,4.36,-3.6830000000000003
2022-03-03 05:18:36,4.048,-3.598
2022-03-03 05:18:38,4.29,-3.66
2022-03-03 05:18:39,4.381,-3.668
2022-03-03 05:18:41,4.071,-3.549
2022-03-03 05:18:43,4.311,-3.682
2022-03-03 05:18:44,4.023,-3.593
2022-03-03 05:18:46,4.289,-3.669
2022-03-03 05:18:48,4.263,-3.68
2022-03-03 05:18:50,4.0920000000000005,-3.528
2022-03-03 05:18:51,4.26,-3.668
2022-03-03 05:18:53,3.993,-3.5220000000000002
2022-03-03 05:18:55,4.273,-3.72
2022-03-03 05:18:57,4.117,-3.632
2022-03-03 05:18:58,4.167,-3.642
2022-03-03 05:19:00,4.28,-3.662
2022-03-03 05:19:02,3.924,-3.536
2022-03-03 05:19:04,4.24,-3.63
2022-03-03 05:19:05,4.056,-3.5420000000000003
2022-03-03 05:19:07,4.172,-3.621
2022-03-03 05:19:09,4.19,-3.649
2022-03-03 05:19:10,3.999,-3.5460000000000003
2022-03-03 05:19:12,4.215,-3.6470000000000002
2022-03-03 05:19:14,3.9010000000000002,-3.492
2022-03-03 05:19:16,4.223,-3.718
2022-03-03 05:19:17,4.116,-3.653
2022-03-03 05:19:19,3.931,-3.459
2022-03-03 05:19:21,4.187,-3.5620000000000003
2022-03-03 05:19:23,3.995,-3.5060000000000002
2022-03-03 05:19:24,4.043,-3.549
2022-03-03 05:19:26,4.175,-3.587
2022-03-03 05:19:28,3.882,-3.479
2022-03-03 05:19:29,4.165,-3.5740000000000003
2022-03-03 05:19:31,4.016,-3.572
2022-03-03 05:19:33,3.969,-3.532
2022-03-03 05:19:35,4.135,-3.589
2022-03-03 05:19:36,3.845,-3.468
2022-03-03 05:19:38,4.001,-3.525
2022-03-03 05:19:40,4.141,-3.613
2022-03-03 05:19:42,3.806,-3.435
2022-03-03 05:19:43,4.051,-3.561
2022-03-03 05:19:45,4.125,-3.5700000000000003
2022-03-03 05:19:47,3.84,-3.469
2022-03-03 05:19:49,4.159,-3.633
2022-03-03 05:19:50,4.148,-3.589
2022-03-03 05:19:52,3.851,-3.4370000000000003
2022-03-03 05:19:54,4.143,-3.622
2022-03-03 05:19:55,4.039,-3.5580000000000003
2022-03-03 05:19:57,3.9210000000000003,-3.455
2022-03-03 05:19:59,4.105,-3.528
2022-03-03 05:20:01,3.834,-3.4490000000000003
2022-03-03 05:20:02,4.041,-3.544
2022-03-03 05:20:04,4.131,-3.54
2022-03-03 05:20:06,3.838,-3.428
2022-03-03 05:20:08,4.132,-3.567
2022-03-03 05:20:09,4.031,-3.553
2022-03-03 05:20:11,3.969,-3.454
2022-03-03 05:20:13,4.121,-3.507
2022-03-03 05:20:15,3.874,-3.416
2022-03-03 05:20:16,4.014,-3.508
2022-03-03 05:20:18,4.087,-3.536
2022-03-03 05:20:20,3.821,-3.369
2022-03-03 05:20:21,4.078,-3.555
2022-03-03 05:20:23,4.121,-3.593
2022-03-03 05:20:25,3.81,-3.432
2022-03-03 05:20:27,4.053,-3.5740000000000003
2022-03-03 05:20:28,4.081,-3.604
2022-03-03 05:20:30,3.799,-3.4010000000000002
2022-03-03 05:20:32,4.089,-3.589
2022-03-03 05:20:34,4.082,-3.559
2022-03-03 05:20:35,3.8040000000000003,-3.388
2022-03-03 05:20:37,4.091,-3.569
2022-03-03 05:20:39,4.098,-3.549
2022-03-03 05:20:41,3.817,-3.38
2022-03-03 05:20:42,4.072,-3.583
2022-03-03 05:20:44,4.112,-3.6310000000000002
2022-03-03 05:20:46,3.818,-3.416
2022-03-03 05:20:47,4.1370000000000005,-3.573
2022-03-03 05:20:49,4.093,-3.569
2022-03-03 05:20:51,3.7960000000000003,-3.355
2022-03-03 05:20:53,4.0680000000000005,-3.512
2022-03-03 05:20:54,4.058,-3.553
2022-03-03 05:20:56,3.803,-3.394
2022-03-03 05:20:58,4.066,-3.521
2022-03-03 05:21:00,3.94,-3.505
2022-03-03 05:21:01,3.9,-3.3810000000000002
2022-03-03 05:21:03,4.057,-3.523
2022-03-03 05:21:05,3.859,-3.415
2022-03-03 05:21:07,3.963,-3.512
2022-03-03 05:21:08,4.031,-3.5140000000000002
2022-03-03 05:21:10,3.749,-3.366
2022-03-03 05:21:12,3.944,-3.491
2022-03-03 05:21:13,4.136,-3.49
2022-03-03 05:21:15,3.8000000000000003,-3.34
2022-03-03 05:21:17,4.043,-3.5180000000000002
2022-03-03 05:21:19,3.942,-3.479
2022-03-03 05:21:20,3.8240000000000003,-3.392
2022-03-03 05:21:22,4.067,-3.52
2022-03-03 05:21:24,3.9610000000000003,-3.45
2022-03-03 05:21:26,3.92,-3.4450000000000003
2022-03-03 05:21:27,4.0920000000000005,-3.513
2022-03-03 05:21:29,3.79,-3.4210000000000003
2022-03-03 05:21:31,3.948,-3.468
2022-03-03 05:21:33,4.0680000000000005,-3.503
2022-03-03 05:21:34,3.789,-3.371
2022-03-03 05:21:36,4.107,-3.544
2022-03-03 05:21:38,4.05,-3.537
2022-03-03 05:21:39,3.8360000000000003,-3.342
2022-03-03 05:21:41,4.024,-3.483
2022-03-03 05:21:43,3.789,-3.414
2022-03-03 05:21:45,3.955,-3.43
2022-03-03 05:21:46,4.032,-3.485
2022-03-03 05:21:48,3.755,-3.38
2022-03-03 05:21:50,3.954,-3.452
2022-03-03 05:21:52,4.043,-3.45
2022-03-03 05:21:53,3.7720000000000002,-3.307
2022-03-03 05:21:55,3.989,-3.494
2022-03-03 05:21:57,4.035,-3.459
2022-03-03 05:21:59,3.789,-3.346
2022-03-03 05:22:00,3.946,-3.455
2022-03-03 05:22:02,4.059,-3.481
2022-03-03 05:22:04,3.7760000000000002,-3.3970000000000002
2022-03-03 05:22:05,3.9490000000000003,-3.443
2022-03-03 05:22:07,4.018,-3.499
2022-03-03 05:22:09,3.785,-3.345
2022-03-03 05:22:11,3.989,-3.5100000000000002
2022-03-03 05:22:12,4.024,-3.475
2022-03-03 05:22:14,3.7960000000000003,-3.293
2022-03-03 05:22:16,3.998,-3.483
2022-03-03 05:22:18,4.077,-3.523
2022-03-03 05:22:19,3.8000000000000003,-3.333
2022-03-03 05:22:21,4.041,-3.497
2022-03-03 05:22:23,3.986,-3.497
2022-03-03 05:22:25,3.859,-3.336
2022-03-03 05:22:26,4.049,-3.512
2022-03-03 05:22:28,3.747,-3.391
2022-03-03 05:22:30,3.882,-3.414
2022-03-03 05:22:31,4.023,-3.493
2022-03-03 05:22:33,3.781,-3.329
2022-03-03 05:22:35,4.0200000000000005,-3.471
2022-03-03 05:22:37,4.024,-3.5220000000000002
2022-03-03 05:22:38,3.783,-3.337
2022-03-03 05:22:40,4.078,-3.479
2022-03-03 05:22:42,3.9290000000000003,-3.447
2022-03-03 05:22:44,3.9130000000000003,-3.3850000000000002
2022-03-03 05:22:45,4.008,-3.452
2022-03-03 05:22:47,3.7640000000000002,-3.348
2022-03-03 05:22:49,4.046,-3.556
2022-03-03 05:22:51,3.982,-3.463
2022-03-03 05:22:52,3.77,-3.358
2022-03-03 05:22:54,4.043,-3.469
2022-03-03 05:22:56,3.982,-3.448
2022-03-03 05:22:57,3.798,-3.336
2022-03-03 05:22:59,4.062,-3.497
2022-03-03 05:23:01,3.926,-3.404
2022-03-03 05:23:03,3.854,-3.321
2022-03-03 05:23:04,4.023,-3.494
2022-03-03 05:23:06,3.967,-3.5060000000000002
2022-03-03 05:23:08,3.7110000000000003,-3.2880000000000003
2022-03-03 05:23:10,4.087,-3.508
2022-03-03 05:23:11,3.997,-3.496
2022-03-03 05:23:13,3.749,-3.3040000000000003
2022-03-03 05:23:15,4.042,-3.5100000000000002
2022-03-03 05:23:17,4.008,-3.465
2022-03-03 05:23:18,3.746,-3.301
2022-03-03 05:23:20,4.018,-3.451
2022-03-03 05:23:22,3.9650000000000003,-3.452
2022-03-03 05:23:23,3.778,-3.332
2022-03-03 05:23:25,4.006,-3.444
2022-03-03 05:23:27,3.975,-3.448
2022-03-03 05:23:29,3.771,-3.306
2022-03-03 05:23:30,4.0440000000000005,-3.498
2022-03-03 05:23:32,3.826,-3.372
2022-03-03 05:23:34,3.911,-3.4090000000000003
2022-03-03 05:23:36,4.042,-3.452
2022-03-03 05:23:37,3.9050000000000002,-3.4130000000000003
2022-03-03 05:23:39,3.809,-3.2960000000000003
2022-03-03 05:23:41,4.002,-3.428
2022-03-03 05:23:43,3.886,-3.427
2022-03-03 05:23:44,3.846,-3.395
2022-03-03 05:23:46,4.0,-3.446
2022-03-03 05:23:48,3.737,-3.314
2022-03-03 05:23:49,3.9090000000000003,-3.454
2022-03-03 05:23:51,3.988,-3.451
2022-03-03 05:23:53,3.745,-3.344
2022-03-03 05:23:55,4.047,-3.481
2022-03-03 05:23:56,3.989,-3.46
2022-03-03 05:23:58,3.745,-3.3200000000000003
2022-03-03 05:24:00,4.014,-3.4010000000000002
2022-03-03 05:24:02,3.939,-3.4090000000000003
2022-03-03 05:24:03,3.83,-3.2720000000000002
2022-03-03 05:24:05,4.018,-3.464
2022-03-03 05:24:07,3.978,-3.442
2022-03-03 05:24:09,3.749,-3.311
2022-03-03 05:24:10,4.038,-3.447
2022-03-03 05:24:12,3.9170000000000003,-3.427
2022-03-03 05:24:14,3.849,-3.3280000000000003
2022-03-03 05:24:15,3.994,-3.431
2022-03-03 05:24:17,3.704,-3.294
2022-03-03 05:24:19,3.927,-3.452
2022-03-03 05:24:21,4.013,-3.431
2022-03-03 05:24:22,3.708,-3.3200000000000003
2022-03-03 05:24:24,3.891,-3.372
2022-03-03 05:24:26,4.005,-3.443
2022-03-03 05:24:28,3.898,-3.374
2022-03-03 05:24:29,3.8200000000000003,-3.2800000000000002
2022-03-03 05:24:31,4.009,-3.4410000000000003
2022-03-03 05:24:33,3.93,-3.404
2022-03-03 05:24:35,3.733,-3.2720000000000002
2022-03-03 05:24:36,4.037,-3.478
2022-03-03 05:24:38,4.0360000000000005,-3.468
2022-03-03 05:24:40,3.7070000000000003,-3.2800000000000002
2022-03-03 05:24:41,3.989,-3.465
2022-03-03 05:24:43,4.056,-3.471
2022-03-03 05:24:45,3.744,-3.306
2022-03-03 05:24:47,4.019,-3.47
2022-03-03 05:24:48,4.001,-3.452
2022-03-03 05:24:50,3.6950000000000003,-3.254
2022-03-03 05:24:52,3.99,-3.456
2022-03-03 05:24:54,3.938,-3.411
2022-03-03 05:24:55,3.734,-3.295
2022-03-03 05:24:57,3.977,-3.406
2022-03-03 05:24:59,3.9170000000000003,-3.418
2022-03-03 05:25:01,3.7560000000000002,-3.287
2022-03-03 05:25:02,4.0440000000000005,-3.48
2022-03-03 05:25:04,4.006,-3.4490000000000003
2022-03-03 05:25:06,3.733,-3.2760000000000002
2022-03-03 05:25:07,3.968,-3.4410000000000003
2022-03-03 05:25:09,3.9650000000000003,-3.428
2022-03-03 05:25:11,3.716,-3.286
2022-03-03 05:25:13,3.883,-3.345
2022-03-03 05:25:14,4.042,-3.414
2022-03-03 05:25:16,3.9090000000000003,-3.346
2022-03-03 05:25:18,3.743,-3.326
2022-03-03 05:25:20,4.023,-3.399
2022-03-03 05:25:21,4.0440000000000005,-3.403
2022-03-03 05:25:23,3.724,-3.282
2022-03-03 05:25:25,3.904,-3.375
2022-03-03 05:25:27,3.997,-3.4130000000000003
2022-03-03 05:25:28,3.766,-3.335
2022-03-03 05:25:30,3.817,-3.344
2022-03-03 05:25:32,4.0120000000000005,-3.43
2022-03-03 05:25:34,3.852,-3.3280000000000003
2022-03-03 05:25:35,3.8160000000000003,-3.2840000000000003
2022-03-03 05:25:37,4.026,-3.411
2022-03-03 05:25:39,3.783,-3.321
2022-03-03 05:25:40,3.813,-3.2800000000000002
2022-03-03 05:25:42,4.0280000000000005,-3.4290000000000003
2022-03-03 05:25:44,3.797,-3.27
2022-03-03 05:25:46,3.8810000000000002,-3.383
2022-03-03 05:25:47,4.029,-3.392
2022-03-03 05:25:49,3.758,-3.265
2022-03-03 05:25:51,3.926,-3.39
2022-03-03 05:25:53,4.023,-3.422
2022-03-03 05:25:54,3.755,-3.294
2022-03-03 05:25:56,3.942,-3.402
2022-03-03 05:25:58,4.031,-3.375
2022-03-03 05:26:00,3.754,-3.2520000000000002
2022-03-03 05:26:01,3.978,-3.422
2022-03-03 05:26:03,4.025,-3.3930000000000002
2022-03-03 05:26:05,3.8240000000000003,-3.341
2022-03-03 05:26:06,3.86,-3.319
2022-03-03 05:26:08,3.989,-3.416
2022-03-03 05:26:10,3.7960000000000003,-3.344
2022-03-03 05:26:12,3.827,-3.235
2022-03-03 05:26:13,4.024,-3.395
2022-03-03 05:26:15,3.9130000000000003,-3.373
2022-03-03 05:26:17,3.773,-3.263
2022-03-03 05:26:19,4.0040000000000004,-3.362
2022-03-03 05:26:20,3.988,-3.396
2022-03-03 05:26:22,3.7600000000000002,-3.259
2022-03-03 05:26:24,4.013,-3.428
2022-03-03 05:26:26,3.997,-3.3970000000000002
2022-03-03 05:26:27,3.775,-3.274
2022-03-03 05:26:29,4.08,-3.44
2022-03-03 05:26:31,4.0200000000000005,-3.47
2022-03-03 05:26:32,3.763,-3.2640000000000002
2022-03-03 05:26:34,4.09,-3.477
2022-03-03 05:26:36,4.056,-3.439
2022-03-03 05:26:38,3.763,-3.279
2022-03-03 05:26:39,4.041,-3.474
2022-03-03 05:26:41,4.006,-3.475
2022-03-03 05:26:43,3.742,-3.285
2022-03-03 05:26:45,3.956,-3.469
2022-03-03 05:26:46,4.019,-3.386
2022-03-03 05:26:48,3.714,-3.249
2022-03-03 05:26:50,3.923,-3.358
2022-03-03 05:26:52,4.018,-3.3850000000000002
2022-03-03 05:26:53,3.6910000000000003,-3.299
2022-03-03 05:26:55,3.831,-3.3120000000000003
2022-03-03 05:26:57,3.989,-3.423
2022-03-03 05:26:58,3.868,-3.327
2022-03-03 05:27:00,3.758,-3.23
2022-03-03 05:27:02,4.029,-3.486
2022-03-03 05:27:04,4.018,-3.435
2022-03-03 05:27:05,3.722,-3.3000000000000003
2022-03-03 05:27:07,3.899,-3.342
2022-03-03 05:27:09,4.039,-3.395
2022-03-03 05:27:11,3.869,-3.33
2022-03-03 05:27:12,3.7920000000000003,-3.269
2022-03-03 05:27:14,4.029,-3.439
2022-03-03 05:27:16,3.993,-3.423
2022-03-03 05:27:18,3.75,-3.228
2022-03-03 05:27:19,3.958,-3.399
2022-03-03 05:27:21,3.99,-3.406
2022-03-03 05:27:23,3.719,-3.3240000000000003
2022-03-03 05:27:25,3.834,-3.319
2022-03-03 05:27:26,4.022,-3.4290000000000003
2022-03-03 05:27:28,3.952,-3.404
2022-03-03 05:27:30,3.735,-3.278
2022-03-03 05:27:31,3.936,-3.419
2022-03-03 05:27:33,4.009,-3.395
2022-03-03 05:27:35,3.857,-3.345
2022-03-03 05:27:37,3.736,-3.251
2022-03-03 05:27:38,4.018,-3.484
2022-03-03 05:27:40,4.0360000000000005,-3.3890000000000002
2022-03-03 05:27:42,3.741,-3.255
2022-03-03 05:27:44,3.9530000000000003,-3.332
2022-03-03 05:27:45,4.032,-3.415
2022-03-03 05:27:47,3.993,-3.407
2022-03-03 05:27:49,3.77,-3.235
2022-03-03 05:27:51,3.867,-3.2960000000000003
2022-03-03 05:27:52,3.992,-3.43
2022-03-03 05:27:54,4.01,-3.469
2022-03-03 05:27:56,3.747,-3.253
2022-03-03 05:27:57,3.8360000000000003,-3.2800000000000002
2022-03-03 05:27:59,4.016,-3.41
2022-03-03 05:28:01,4.022,-3.419
2022-03-03 05:28:03,3.746,-3.243
2022-03-03 05:28:04,3.939,-3.383
2022-03-03 05:28:06,3.988,-3.36
2022-03-03 05:28:08,3.849,-3.2960000000000003
2022-03-03 05:28:10,3.7560000000000002,-3.242
2022-03-03 05:28:11,3.9610000000000003,-3.398
2022-03-03 05:28:13,3.986,-3.39
2022-03-03 05:28:15,3.875,-3.341
2022-03-03 05:28:17,3.755,-3.237
2022-03-03 05:28:18,4.042,-3.427
2022-03-03 05:28:20,4.003,-3.414
2022-03-03 05:28:22,3.747,-3.248
2022-03-03 05:28:23,3.849,-3.24
2022-03-03 05:28:25,4.031,-3.369
2022-03-03 05:28:27,4.0360000000000005,-3.443
2022-03-03 05:28:29,3.748,-3.2680000000000002
2022-03-03 05:28:30,3.919,-3.363
2022-03-03 05:28:32,4.029,-3.404
2022-03-03 05:28:34,3.963,-3.352
2022-03-03 05:28:36,3.744,-3.24
2022-03-03 05:28:37,3.9370000000000003,-3.426
2022-03-03 05:28:39,4.055,-3.356
2022-03-03 05:28:41,3.839,-3.319
2022-03-03 05:28:43,3.743,-3.277
2022-03-03 05:28:44,4.064,-3.442
2022-03-03 05:28:46,4.016,-3.3930000000000002
2022-03-03 05:28:48,3.95,-3.355
2022-03-03 05:28:50,3.7560000000000002,-3.2600000000000002
2022-03-03 05:28:51,4.008,-3.414
2022-03-03 05:28:53,3.996,-3.378
2022-03-03 05:28:55,3.938,-3.353
2022-03-03 05:28:56,3.758,-3.188
2022-03-03 05:28:58,3.938,-3.374
2022-03-03 05:29:00,4.013,-3.402
2022-03-03 05:29:02,3.936,-3.376
2022-03-03 05:29:03,3.7720000000000002,-3.2960000000000003
2022-03-03 05:29:05,3.898,-3.338
2022-03-03 05:29:07,4.015,-3.391
2022-03-03 05:29:09,3.9450000000000003,-3.354
2022-03-03 05:29:10,3.732,-3.225
2022-03-03 05:29:12,3.9370000000000003,-3.382
2022-03-03 05:29:14,3.99,-3.408
2022-03-03 05:29:16,3.906,-3.334
2022-03-03 05:29:17,3.763,-3.174
2022-03-03 05:29:19,3.8970000000000002,-3.3200000000000003
2022-03-03 05:29:21,4.014,-3.384
2022-03-03 05:29:22,3.989,-3.415
2022-03-03 05:29:24,3.738,-3.22
2022-03-03 05:29:26,3.966,-3.373
2022-03-03 05:29:28,3.997,-3.358
2022-03-03 05:29:29,3.932,-3.346
2022-03-03 05:29:31,3.701,-3.244
2022-03-03 05:29:33,3.928,-3.362
2022-03-03 05:29:35,3.998,-3.334
2022-03-03 05:29:36,3.944,-3.371
2022-03-03 05:29:38,3.7070000000000003,-3.225
2022-03-03 05:29:40,3.904,-3.338
2022-03-03 05:29:42,4.002,-3.379
2022-03-03 05:29:43,3.9410000000000003,-3.383
2022-03-03 05:29:45,3.714,-3.225
2022-03-03 05:29:47,3.94,-3.38
2022-03-03 05:29:48,3.999,-3.398
2022-03-03 05:29:50,3.955,-3.364
2022-03-03 05:29:52,3.729,-3.2
2022-03-03 05:29:54,3.914,-3.331
2022-03-03 05:29:55,3.984,-3.388
2022-03-03 05:29:57,3.942,-3.342
2022-03-03 05:29:59,3.729,-3.202
2022-03-03 05:30:01,3.907,-3.309
2022-03-03 05:30:02,4.026,-3.388
2022-03-03 05:30:04,3.946,-3.3970000000000002
2022-03-03 05:30:06,3.706,-3.215
2022-03-03 05:30:08,3.8930000000000002,-3.351
2022-03-03 05:30:09,4.0120000000000005,-3.372
2022-03-03 05:30:11,3.902,-3.338
2022-03-03 05:30:13,3.718,-3.223
2022-03-03 05:30:15,3.964,-3.371
2022-03-03 05:30:16,4.007,-3.348
2022-03-03 05:30:18,3.871,-3.282
2022-03-03 05:30:20,3.739,-3.231
2022-03-03 05:30:21,3.999,-3.444
2022-03-03 05:30:23,3.986,-3.359
2022-03-03 05:30:25,3.892,-3.317
2022-03-03 05:30:27,3.726,-3.204
2022-03-03 05:30:28,4.014,-3.394
2022-03-03 05:30:30,4.067,-3.344
2022-03-03 05:30:32,3.701,-3.2600000000000002
2022-03-03 05:30:34,3.826,-3.218
2022-03-03 05:30:35,4.022,-3.365
2022-03-03 05:30:37,3.979,-3.468
2022-03-03 05:30:39,3.742,-3.23
2022-03-03 05:30:41,3.896,-3.346
2022-03-03 05:30:42,4.034,-3.392
2022-03-03 05:30:44,3.939,-3.349
2022-03-03 05:30:46,3.684,-3.226
2022-03-03 05:30:47,3.919,-3.318
2022-03-03 05:30:49,4.015,-3.364
2022-03-03 05:30:51,3.936,-3.378
2022-03-03 05:30:53,3.749,-3.229
2022-03-03 05:30:54,3.847,-3.2840000000000003
2022-03-03 05:30:56,4.023,-3.442
2022-03-03 05:30:58,4.064,-3.362
2022-03-03 05:31:00,3.739,-3.186
2022-03-03 05:31:01,3.817,-3.153
2022-03-03 05:31:03,4.047,-3.4130000000000003
2022-03-03 05:31:05,4.013,-3.373
2022-03-03 05:31:07,3.729,-3.21
2022-03-03 05:31:08,3.849,-3.217
2022-03-03 05:31:10,4.017,-3.461
2022-03-03 05:31:12,3.981,-3.391
2022-03-03 05:31:14,3.766,-3.207
2022-03-03 05:31:15,3.876,-3.275
2022-03-03 05:31:17,4.015,-3.317
2022-03-03 05:31:19,4.005,-3.374
2022-03-03 05:31:20,3.732,-3.208
2022-03-03 05:31:22,3.844,-3.303
2022-03-03 05:31:24,4.001,-3.332
2022-03-03 05:31:26,3.93,-3.362
2022-03-03 05:31:27,3.72,-3.1990000000000003
2022-03-03 05:31:29,3.9410000000000003,-3.365
2022-03-03 05:31:31,4.013,-3.4010000000000002
2022-03-03 05:31:33,3.81,-3.235
2022-03-03 05:31:34,3.739,-3.2640000000000002
2022-03-03 05:31:36,4.0120000000000005,-3.422
2022-03-03 05:31:38,4.0120000000000005,-3.375
2022-03-03 05:31:40,3.742,-3.188
2022-03-03 05:31:41,3.8240000000000003,-3.254
2022-03-03 05:31:43,3.969,-3.338
2022-03-03 05:31:45,4.006,-3.4170000000000003
2022-03-03 05:31:46,3.6910000000000003,-3.157
2022-03-03 05:31:48,3.827,-3.197
2022-03-03 05:31:50,4.007,-3.332
2022-03-03 05:31:52,3.994,-3.3810000000000002
2022-03-03 05:31:53,3.745,-3.218
2022-03-03 05:31:55,3.9,-3.238
2022-03-03 05:31:57,4.0120000000000005,-3.358
2022-03-03 05:31:59,3.992,-3.365
2022-03-03 05:32:00,3.734,-3.182
2022-03-03 05:32:02,3.8240000000000003,-3.261
2022-03-03 05:32:04,4.0040000000000004,-3.356
2022-03-03 05:32:06,3.972,-3.35
2022-03-03 05:32:07,3.719,-3.188
2022-03-03 05:32:09,3.9450000000000003,-3.3160000000000003
2022-03-03 05:32:11,4.014,-3.365
2022-03-03 05:32:13,3.875,-3.273
2022-03-03 05:32:14,3.732,-3.188
2022-03-03 05:32:16,4.031,-3.4010000000000002
2022-03-03 05:32:18,4.025,-3.348
2022-03-03 05:32:19,3.723,-3.186
2022-03-03 05:32:21,3.848,-3.2600000000000002
2022-03-03 05:32:23,4.0200000000000005,-3.326
2022-03-03 05:32:25,3.943,-3.339
2022-03-03 05:32:26,3.705,-3.172
2022-03-03 05:32:28,3.962,-3.338
2022-03-03 05:32:30,4.014,-3.362
2022-03-03 05:32:32,3.863,-3.267
2022-03-03 05:32:33,3.718,-3.207
2022-03-03 05:32:35,4.032,-3.355
2022-03-03 05:32:37,4.031,-3.347
2022-03-03 05:32:39,3.719,-3.2
2022-03-03 05:32:40,3.794,-3.1790000000000003
2022-03-03 05:32:42,4.0120000000000005,-3.371
2022-03-03 05:32:44,4.024,-3.367
2022-03-03 05:32:46,3.701,-3.2
2022-03-03 05:32:47,3.8850000000000002,-3.243
2022-03-03 05:32:49,4.0360000000000005,-3.332
2022-03-03 05:32:51,3.944,-3.2960000000000003
2022-03-03 05:32:52,3.727,-3.1710000000000003
2022-03-03 05:32:54,3.983,-3.366
2022-03-03 05:32:56,4.001,-3.343
2022-03-03 05:32:58,3.847,-3.237
2022-03-03 05:32:59,3.731,-3.1630000000000003
2022-03-03 05:33:01,3.988,-3.343
2022-03-03 05:33:03,4.025,-3.353
2022-03-03 05:33:05,3.733,-3.192
2022-03-03 05:33:06,3.888,-3.279
2022-03-03 05:33:08,4.003,-3.367
2022-03-03 05:33:10,3.844,-3.258
2022-03-03 05:33:12,3.733,-3.1430000000000002
2022-03-03 05:33:13,3.9490000000000003,-3.4170000000000003
2022-03-03 05:33:15,3.977,-3.337
2022-03-03 05:33:17,3.924,-3.305
2022-03-03 05:33:18,3.689,-3.213
2022-03-03 05:33:20,3.985,-3.346
2022-03-03 05:33:22,3.981,-3.346
2022-03-03 05:33:24,3.813,-3.248
2022-03-03 05:33:25,3.7560000000000002,-3.196
2022-03-03 05:33:27,3.998,-3.3930000000000002
2022-03-03 05:33:29,4.009,-3.337
2022-03-03 05:33:31,3.758,-3.227
2022-03-03 05:33:32,3.727,-3.1750000000000003
2022-03-03 05:33:34,4.001,-3.408
2022-03-03 05:33:36,4.061,-3.357
2022-03-03 05:33:38,3.748,-3.1910000000000003
2022-03-03 05:33:39,3.8240000000000003,-3.23
2022-03-03 05:33:41,3.998,-3.352
2022-03-03 05:33:43,4.0040000000000004,-3.366
2022-03-03 05:33:45,3.717,-3.1830000000000003
2022-03-03 05:33:46,3.904,-3.333
2022-03-03 05:33:48,4.029,-3.355
2022-03-03 05:33:50,3.966,-3.3770000000000002
2022-03-03 05:33:51,3.727,-3.19
2022-03-03 05:33:53,3.8850000000000002,-3.29
2022-03-03 05:33:55,4.009,-3.332
2022-03-03 05:33:57,3.968,-3.375
2022-03-03 05:33:58,3.713,-3.1670000000000003
2022-03-03 05:34:00,3.886,-3.2920000000000003
2022-03-03 05:34:02,3.999,-3.337
2022-03-03 05:34:04,3.997,-3.3930000000000002
2022-03-03 05:34:05,3.738,-3.1790000000000003
2022-03-03 05:34:07,3.837,-3.208
2022-03-03 05:34:09,3.98,-3.392
2022-03-03 05:34:11,3.985,-3.369
2022-03-03 05:34:12,3.733,-3.197
2022-03-03 05:34:14,3.942,-3.321
2022-03-03 05:34:16,4.015,-3.345
2022-03-03 05:34:17,3.706,-3.222
2022-03-03 05:34:19,3.833,-3.241
2022-03-03 05:34:21,4.0120000000000005,-3.3770000000000002
2022-03-03 05:34:23,4.0680000000000005,-3.364
2022-03-03 05:34:24,3.81,-3.261
2022-03-03 05:34:26,3.749,-3.185
2022-03-03 05:34:28,3.9490000000000003,-3.325
2022-03-03 05:34:30,4.011,-3.322
2022-03-03 05:34:31,3.906,-3.3160000000000003
2022-03-03 05:34:33,3.715,-3.173
2022-03-03 05:34:35,3.94,-3.338
2022-03-03 05:34:37,3.998,-3.2960000000000003
2022-03-03 05:34:38,3.962,-3.387
2022-03-03 05:34:40,3.686,-3.194
2022-03-03 05:34:42,3.9570000000000003,-3.357
2022-03-03 05:34:44,4.0200000000000005,-3.338
2022-03-03 05:34:45,3.8280000000000003,-3.242
2022-03-03 05:34:47,3.775,-3.162
2022-03-03 05:34:49,3.994,-3.356
2022-03-03 05:34:50,4.029,-3.402
2022-03-03 05:34:52,3.729,-3.189
2022-03-03 05:34:54,3.886,-3.271
2022-03-03 05:34:56,4.006,-3.352
2022-03-03 05:34:57,3.928,-3.371
2022-03-03 05:34:59,3.721,-3.214
2022-03-03 05:35:01,3.8850000000000002,-3.287
2022-03-03 05:35:03,4.011,-3.378
2022-03-03 05:35:04,4.008,-3.313
2022-03-03 05:35:06,3.6910000000000003,-3.198
2022-03-03 05:35:08,3.813,-3.164
2022-03-03 05:35:10,4.025,-3.337
2022-03-03 05:35:11,4.04,-3.333
2022-03-03 05:35:13,3.7880000000000003,-3.208
2022-03-03 05:35:15,3.72,-3.178
2022-03-03 05:35:17,3.951,-3.339
2022-03-03 05:35:18,4.016,-3.343
2022-03-03 05:35:20,3.8770000000000002,-3.281
2022-03-03 05:35:22,3.7520000000000002,-3.188
2022-03-03 05:35:23,3.934,-3.395
2022-03-03 05:35:25,4.0120000000000005,-3.338
2022-03-03 05:35:27,3.794,-3.242
2022-03-03 05:35:29,3.733,-3.206
2022-03-03 05:35:30,4.007,-3.412
2022-03-03 05:35:32,4.022,-3.309
2022-03-03 05:35:34,3.95,-3.317
2022-03-03 05:35:36,3.725,-3.223
2022-03-03 05:35:37,3.94,-3.332
2022-03-03 05:35:39,4.019,-3.325
2022-03-03 05:35:41,3.935,-3.2960000000000003
2022-03-03 05:35:43,3.742,-3.144
2022-03-03 05:35:44,3.9570000000000003,-3.3240000000000003
2022-03-03 05:35:46,3.971,-3.318
2022-03-03 05:35:48,3.833,-3.239
2022-03-03 05:35:49,3.702,-3.169
2022-03-03 05:35:51,3.946,-3.3080000000000003
2022-03-03 05:35:53,3.993,-3.365
2022-03-03 05:35:55,3.948,-3.337
2022-03-03 05:35:56,3.737,-3.182
2022-03-03 05:35:58,3.819,-3.2
2022-03-03 05:36:00,4.006,-3.404
2022-03-03 05:36:02,3.966,-3.346
2022-03-03 05:36:03,3.91,-3.311
2022-03-03 05:36:05,3.705,-3.1630000000000003
2022-03-03 05:36:07,3.843,-3.281
2022-03-03 05:36:09,3.973,-3.332
2022-03-03 05:36:10,4.03,-3.326
2022-03-03 05:36:12,3.723,-3.208
2022-03-03 05:36:14,3.712,-3.189
2022-03-03 05:36:16,4.013,-3.423
2022-03-03 05:36:17,4.006,-3.3280000000000003
2022-03-03 05:36:19,3.813,-3.227
2022-03-03 05:36:21,3.7760000000000002,-3.197
2022-03-03 05:36:22,4.0,-3.298
2022-03-03 05:36:24,4.051,-3.314
2022-03-03 05:36:26,3.8360000000000003,-3.2560000000000002
2022-03-03 05:36:28,3.741,-3.17
2022-03-03 05:36:29,3.9290000000000003,-3.336
2022-03-03 05:36:31,3.981,-3.325
2022-03-03 05:36:33,3.853,-3.306
2022-03-03 05:36:35,3.723,-3.1790000000000003
2022-03-03 05:36:36,3.958,-3.327
2022-03-03 05:36:38,3.975,-3.291
2022-03-03 05:36:40,3.817,-3.239
2022-03-03 05:36:42,3.719,-3.2
2022-03-03 05:36:43,3.8770000000000002,-3.247
2022-03-03 05:36:45,3.995,-3.297
2022-03-03 05:36:47,3.952,-3.332
2022-03-03 05:36:49,3.723,-3.1790000000000003
2022-03-03 05:36:50,3.807,-3.221
2022-03-03 05:36:52,3.973,-3.331
2022-03-03 05:36:54,4.015,-3.335
2022-03-03 05:36:55,3.6990000000000003,-3.211
2022-03-03 05:36:57,3.767,-3.174
2022-03-03 05:36:59,4.002,-3.358
2022-03-03 05:37:01,3.942,-3.351
2022-03-03 05:37:02,3.7720000000000002,-3.239
2022-03-03 05:37:04,3.718,-3.168
2022-03-03 05:37:06,3.948,-3.3080000000000003
2022-03-03 05:37:08,3.985,-3.298
2022-03-03 05:37:09,3.967,-3.365
2022-03-03 05:37:11,3.6910000000000003,-3.217
2022-03-03 05:37:13,3.719,-3.17
2022-03-03 05:37:15,3.926,-3.287
2022-03-03 05:37:16,4.025,-3.329
2022-03-03 05:37:18,3.978,-3.388
2022-03-03 05:37:20,3.692,-3.176
2022-03-03 05:37:22,3.7800000000000002,-3.165
2022-03-03 05:37:23,4.0280000000000005,-3.384
2022-03-03 05:37:25,3.993,-3.334
2022-03-03 05:37:27,3.8000000000000003,-3.21
2022-03-03 05:37:28,3.7110000000000003,-3.122
2022-03-03 05:37:30,3.92,-3.301
2022-03-03 05:37:32,3.968,-3.325
2022-03-03 05:37:34,3.846,-3.253
2022-03-03 05:37:35,3.719,-3.1830000000000003
2022-03-03 05:37:37,3.9250000000000003,-3.298
2022-03-03 05:37:39,3.96,-3.339
2022-03-03 05:37:41,3.864,-3.283
2022-03-03 05:37:42,3.7110000000000003,-3.1550000000000002
2022-03-03 05:37:44,3.942,-3.325
2022-03-03 05:37:46,3.988,-3.338
2022-03-03 05:37:48,3.907,-3.2880000000000003
2022-03-03 05:37:49,3.696,-3.165
2022-03-03 05:37:51,3.863,-3.229
2022-03-03 05:37:53,4.015,-3.322
2022-03-03 05:37:54,4.0280000000000005,-3.35
2022-03-03 05:37:56,3.704,-3.128
2022-03-03 05:37:58,3.801,-3.249
2022-03-03 05:38:00,4.0,-3.376
2022-03-03 05:38:01,4.009,-3.315
2022-03-03 05:38:03,3.731,-3.204
2022-03-03 05:38:05,3.735,-3.169
2022-03-03 05:38:07,3.935,-3.347
2022-03-03 05:38:08,4.001,-3.29
2022-03-03 05:38:10,3.898,-3.29
2022-03-03 05:38:12,3.75,-3.1710000000000003
2022-03-03 05:38:14,4.021,-3.365
2022-03-03 05:38:15,3.96,-3.289
2022-03-03 05:38:17,3.6910000000000003,-3.203
2022-03-03 05:38:19,3.7720000000000002,-3.148
2022-03-03 05:38:21,4.014,-3.367
2022-03-03 05:38:22,3.975,-3.321
2022-03-03 05:38:24,3.761,-3.228
2022-03-03 05:38:26,3.719,-3.166
2022-03-03 05:38:27,3.9490000000000003,-3.346
2022-03-03 05:38:29,3.951,-3.3040000000000003
2022-03-03 05:38:31,3.829,-3.27
2022-03-03 05:38:33,3.674,-3.148
2022-03-03 05:38:34,3.869,-3.242
2022-03-03 05:38:36,3.959,-3.287
2022-03-03 05:38:38,4.038,-3.325
2022-03-03 05:38:40,3.826,-3.243
2022-03-03 05:38:41,3.735,-3.203
2022-03-03 05:38:43,3.906,-3.343
2022-03-03 05:38:45,3.952,-3.317
2022-03-03 05:38:47,3.9170000000000003,-3.307
2022-03-03 05:38:48,3.709,-3.142
2022-03-03 05:38:50,3.868,-3.251
2022-03-03 05:38:52,3.9650000000000003,-3.307
2022-03-03 05:38:54,3.997,-3.3080000000000003
2022-03-03 05:38:55,3.7110000000000003,-3.134
2022-03-03 05:38:57,3.686,-3.145
2022-03-03 05:38:59,4.011,-3.321
2022-03-03 05:39:00,3.979,-3.326
2022-03-03 05:39:02,3.998,-3.379
2022-03-03 05:39:04,3.719,-3.165
2022-03-03 05:39:06,3.774,-3.15
2022-03-03 05:39:07,4.0440000000000005,-3.391
2022-03-03 05:39:09,3.966,-3.332
2022-03-03 05:39:11,3.9370000000000003,-3.318
2022-03-03 05:39:13,3.6990000000000003,-3.162
2022-03-03 05:39:14,3.714,-3.161
2022-03-03 05:39:16,3.912,-3.3080000000000003
2022-03-03 05:39:18,3.963,-3.31
2022-03-03 05:39:20,4.014,-3.395
2022-03-03 05:39:21,3.7800000000000002,-3.204
2022-03-03 05:39:23,3.689,-3.1430000000000002
2022-03-03 05:39:25,3.797,-3.238
2022-03-03 05:39:26,3.97,-3.4
2022-03-03 05:39:28,3.995,-3.318
2022-03-03 05:39:30,3.904,-3.266
2022-03-03 05:39:32,3.709,-3.124
2022-03-03 05:39:33,3.871,-3.241
2022-03-03 05:39:35,3.969,-3.341
2022-03-03 05:39:37,3.969,-3.338
2022-03-03 05:39:39,3.904,-3.2800000000000002
2022-03-03 05:39:40,3.702,-3.14
2022-03-03 05:39:42,3.701,-3.176
2022-03-03 05:39:44,3.879,-3.278
2022-03-03 05:39:46,3.998,-3.305
2022-03-03 05:39:47,3.94,-3.311
2022-03-03 05:39:49,3.6910000000000003,-3.154
2022-03-03 05:39:51,3.693,-3.1350000000000002
2022-03-03 05:39:53,3.9210000000000003,-3.293
2022-03-03 05:39:54,3.958,-3.348
2022-03-03 05:39:56,3.927,-3.295
2022-03-03 05:39:58,3.6950000000000003,-3.101
2022-03-03 05:39:59,3.747,-3.154
2022-03-03 05:40:01,3.92,-3.298
2022-03-03 05:40:03,4.0040000000000004,-3.27
2022-03-03 05:40:05,3.9090000000000003,-3.298
2022-03-03 05:40:06,3.702,-3.144
2022-03-03 05:40:08,3.762,-3.198
2022-03-03 05:40:10,3.976,-3.366
2022-03-03 05:40:12,3.943,-3.307
2022-03-03 05:40:13,3.916,-3.2920000000000003
2022-03-03 05:40:15,3.725,-3.137
2022-03-03 05:40:17,3.73,-3.122
2022-03-03 05:40:19,4.01,-3.369
2022-03-03 05:40:20,3.946,-3.322
2022-03-03 05:40:22,3.919,-3.309
2022-03-03 05:40:24,3.716,-3.108
2022-03-03 05:40:26,3.782,-3.137
2022-03-03 05:40:27,3.97,-3.337
2022-03-03 05:40:29,3.978,-3.31
2022-03-03 05:40:31,3.919,-3.317
2022-03-03 05:40:32,3.685,-3.111
2022-03-03 05:40:34,3.704,-3.146
2022-03-03 05:40:36,3.8970000000000002,-3.263
2022-03-03 05:40:38,3.951,-3.321
2022-03-03 05:40:39,3.972,-3.3850000000000002
2022-03-03 05:40:41,3.762,-3.217
2022-03-03 05:40:43,3.668,-3.108
2022-03-03 05:40:45,3.864,-3.325
2022-03-03 05:40:46,3.983,-3.282
2022-03-03 05:40:48,3.966,-3.311
2022-03-03 05:40:50,3.873,-3.274
2022-03-03 05:40:52,3.676,-3.142
2022-03-03 05:40:53,3.794,-3.144
2022-03-03 05:40:55,3.981,-3.379
2022-03-03 05:40:57,3.986,-3.337
2022-03-03 05:40:59,3.818,-3.237
2022-03-03 05:41:00,3.6950000000000003,-3.144
2022-03-03 05:41:02,3.857,-3.267
2022-03-03 05:41:04,3.964,-3.3200000000000003
2022-03-03 05:41:05,3.968,-3.322
2022-03-03 05:41:07,3.645,-3.153
2022-03-03 05:41:09,3.696,-3.119
2022-03-03 05:41:11,3.985,-3.334
2022-03-03 05:41:12,3.935,-3.354
2022-03-03 05:41:14,3.864,-3.241
2022-03-03 05:41:16,3.666,-3.153
2022-03-03 05:41:18,3.83,-3.223
2022-03-03 05:41:19,3.959,-3.2960000000000003
2022-03-03 05:41:21,3.952,-3.367
2022-03-03 05:41:23,3.652,-3.123
2022-03-03 05:41:25,3.676,-3.1550000000000002
2022-03-03 05:41:26,3.908,-3.27
2022-03-03 05:41:28,3.932,-3.303
2022-03-03 05:41:30,3.858,-3.248
2022-03-03 05:41:32,3.6750000000000003,-3.1310000000000002
2022-03-03 05:41:33,3.855,-3.217
2022-03-03 05:41:35,3.943,-3.271
2022-03-03 05:41:37,3.998,-3.2720000000000002
2022-03-03 05:41:38,3.7,-3.117
2022-03-03 05:41:40,3.706,-3.146
2022-03-03 05:41:42,3.958,-3.302
2022-03-03 05:41:44,3.971,-3.351
2022-03-03 05:41:45,3.886,-3.225
2022-03-03 05:41:47,3.677,-3.123
2022-03-03 05:41:49,3.856,-3.212
2022-03-03 05:41:51,3.972,-3.2560000000000002
2022-03-03 05:41:52,3.958,-3.349
2022-03-03 05:41:54,3.64,-3.106
2022-03-03 05:41:56,3.766,-3.132
2022-03-03 05:41:58,3.926,-3.321
2022-03-03 05:41:59,3.947,-3.319
2022-03-03 05:42:01,3.886,-3.295
2022-03-03 05:42:03,3.669,-3.146
2022-03-03 05:42:05,3.797,-3.124
2022-03-03 05:42:06,3.984,-3.348
2022-03-03 05:42:08,3.9490000000000003,-3.258
2022-03-03 05:42:10,3.823,-3.29
2022-03-03 05:42:11,3.688,-3.128
2022-03-03 05:42:13,3.7640000000000002,-3.153
2022-03-03 05:42:15,3.983,-3.382
2022-03-03 05:42:17,3.967,-3.287
2022-03-03 05:42:18,3.9130000000000003,-3.255
2022-03-03 05:42:20,3.684,-3.096
2022-03-03 05:42:22,3.7960000000000003,-3.173
2022-03-03 05:42:24,4.0120000000000005,-3.395
2022-03-03 05:42:25,3.9570000000000003,-3.295
2022-03-03 05:42:27,3.9050000000000002,-3.224
2022-03-03 05:42:29,3.661,-3.124
2022-03-03 05:42:31,3.825,-3.203
2022-03-03 05:42:32,3.967,-3.33
2022-03-03 05:42:34,3.955,-3.267
2022-03-03 05:42:36,3.6550000000000002,-3.129
2022-03-03 05:42:38,3.7,-3.136
2022-03-03 05:42:39,3.888,-3.239
2022-03-03 05:42:41,3.93,-3.3040000000000003
2022-03-03 05:42:43,3.844,-3.269
2022-03-03 05:42:44,3.668,-3.118
2022-03-03 05:42:46,3.777,-3.137
2022-03-03 05:42:48,3.942,-3.274
2022-03-03 05:42:50,3.969,-3.3120000000000003
2022-03-03 05:42:51,3.68,-3.16
2022-03-03 05:42:53,3.666,-3.158
2022-03-03 05:42:55,3.856,-3.274
2022-03-03 05:42:57,3.98,-3.271
2022-03-03 05:42:58,3.9290000000000003,-3.299
2022-03-03 05:43:00,3.725,-3.168
2022-03-03 05:43:02,3.65,-3.132
2022-03-03 05:43:04,3.86,-3.247
2022-03-03 05:43:05,3.977,-3.305
2022-03-03 05:43:07,3.988,-3.309
2022-03-03 05:43:09,3.7640000000000002,-3.1950000000000003
2022-03-03 05:43:11,3.684,-3.148
2022-03-03 05:43:12,3.879,-3.269
2022-03-03 05:43:14,3.94,-3.306
2022-03-03 05:43:16,3.92,-3.356
2022-03-03 05:43:17,3.696,-3.176
2022-03-03 05:43:19,3.69,-3.084
2022-03-03 05:43:21,3.8280000000000003,-3.244
2022-03-03 05:43:23,3.9450000000000003,-3.278
2022-03-03 05:43:24,3.993,-3.333
2022-03-03 05:43:26,3.795,-3.209
2022-03-03 05:43:28,3.64,-3.097
2022-03-03 05:43:30,3.7520000000000002,-3.156
2022-03-03 05:43:31,3.9490000000000003,-3.356
2022-03-03 05:43:33,3.932,-3.251
2022-03-03 05:43:35,3.848,-3.3080000000000003
2022-03-03 05:43:37,3.649,-3.116
2022-03-03 05:43:38,3.742,-3.083
2022-03-03 05:43:40,3.935,-3.303
2022-03-03 05:43:42,3.935,-3.277
2022-03-03 05:43:44,3.997,-3.291
2022-03-03 05:43:45,3.749,-3.14
2022-03-03 05:43:47,3.6590000000000003,-3.097
2022-03-03 05:43:49,3.827,-3.168
2022-03-03 05:43:50,3.962,-3.337
2022-03-03 05:43:52,3.928,-3.279
2022-03-03 05:43:54,3.903,-3.266
2022-03-03 05:43:56,3.673,-3.091
2022-03-03 05:43:57,3.676,-3.101
2022-03-03 05:43:59,3.802,-3.217
2022-03-03 05:44:01,3.899,-3.265
2022-03-03 05:44:03,3.971,-3.253
2022-03-03 05:44:04,3.746,-3.166
2022-03-03 05:44:06,3.669,-3.109
2022-03-03 05:44:08,3.8040000000000003,-3.217
2022-03-03 05:44:10,3.958,-3.342
2022-03-03 05:44:11,3.911,-3.231
2022-03-03 05:44:13,3.887,-3.274
2022-03-03 05:44:15,3.681,-3.11
2022-03-03 05:44:17,3.705,-3.082
2022-03-03 05:44:18,3.944,-3.314
2022-03-03 05:44:20,3.948,-3.301
2022-03-03 05:44:22,3.9250000000000003,-3.3280000000000003
2022-03-03 05:44:23,3.6710000000000003,-3.064
2022-03-03 05:44:25,3.656,-3.156
2022-03-03 05:44:27,3.856,-3.249
2022-03-03 05:44:29,3.93,-3.271
2022-03-03 05:44:30,3.943,-3.254
2022-03-03 05:44:32,3.844,-3.25
2022-03-03 05:44:34,3.657,-3.142
2022-03-03 05:44:36,3.787,-3.188
2022-03-03 05:44:37,3.9170000000000003,-3.289
2022-03-03 05:44:39,3.899,-3.274
2022-03-03 05:44:41,3.827,-3.228
2022-03-03 05:44:43,3.661,-3.1310000000000002
2022-03-03 05:44:44,3.628,-3.111
2022-03-03 05:44:46,3.8240000000000003,-3.224
2022-03-03 05:44:48,3.954,-3.266
2022-03-03 05:44:50,3.93,-3.236
2022-03-03 05:44:51,3.712,-3.1750000000000003
2022-03-03 05:44:53,3.65,-3.154
2022-03-03 05:44:55,3.883,-3.273
2022-03-03 05:44:56,3.9250000000000003,-3.281
2022-03-03 05:44:58,3.864,-3.3080000000000003
2022-03-03 05:45:00,3.66,-3.094
2022-03-03 05:45:02,3.67,-3.144
2022-03-03 05:45:03,3.847,-3.2520000000000002
2022-03-03 05:45:05,3.915,-3.259
2022-03-03 05:45:07,3.936,-3.2680000000000002
2022-03-03 05:45:09,3.88,-3.225
2022-03-03 05:45:10,3.676,-3.129
2022-03-03 05:45:12,3.693,-3.081
2022-03-03 05:45:14,3.896,-3.2960000000000003
2022-03-03 05:45:16,3.936,-3.247
2022-03-03 05:45:17,3.958,-3.3200000000000003
2022-03-03 05:45:19,3.79,-3.19
2022-03-03 05:45:21,3.6310000000000002,-3.134
2022-03-03 05:45:22,3.726,-3.136
2022-03-03 05:45:24,3.93,-3.269
2022-03-03 05:45:26,3.939,-3.2640000000000002
2022-03-03 05:45:28,3.915,-3.297
2022-03-03 05:45:29,3.596,-3.1550000000000002
2022-03-03 05:45:31,3.6910000000000003,-3.097
2022-03-03 05:45:33,3.751,-3.145
2022-03-03 05:45:35,3.902,-3.31
2022-03-03 05:45:36,3.9370000000000003,-3.2880000000000003
2022-03-03 05:45:38,3.993,-3.248
2022-03-03 05:45:40,3.774,-3.1910000000000003
2022-03-03 05:45:42,3.665,-3.065
2022-03-03 05:45:43,3.731,-3.099
2022-03-03 05:45:45,3.904,-3.2800000000000002
2022-03-03 05:45:47,3.914,-3.287
2022-03-03 05:45:49,3.938,-3.2600000000000002
2022-03-03 05:45:50,3.868,-3.271
2022-03-03 05:45:52,3.6710000000000003,-3.076
2022-03-03 05:45:54,3.6790000000000003,-3.104
2022-03-03 05:45:55,3.7560000000000002,-3.142
2022-03-03 05:45:57,3.923,-3.286
2022-03-03 05:45:59,3.92,-3.244
2022-03-03 05:46:01,3.919,-3.2760000000000002
2022-03-03 05:46:02,3.851,-3.217
2022-03-03 05:46:04,3.638,-3.114
2022-03-03 05:46:06,3.6670000000000003,-3.096
2022-03-03 05:46:08,3.8280000000000003,-3.194
2022-03-03 05:46:09,3.94,-3.335
2022-03-03 05:46:11,3.936,-3.302
2022-03-03 05:46:13,3.948,-3.311
2022-03-03 05:46:15,3.742,-3.1710000000000003
2022-03-03 05:46:16,3.6270000000000002,-3.079
2022-03-03 05:46:18,3.727,-3.126
2022-03-03 05:46:20,3.896,-3.253
2022-03-03 05:46:22,3.927,-3.257
2022-03-03 05:46:23,3.948,-3.27
2022-03-03 05:46:25,3.823,-3.259
2022-03-03 05:46:27,3.601,-3.1430000000000002
2022-03-03 05:46:28,3.637,-3.083
2022-03-03 05:46:30,3.766,-3.16
2022-03-03 05:46:32,3.914,-3.339
2022-03-03 05:46:34,3.914,-3.258
2022-03-03 05:46:35,3.977,-3.253
2022-03-03 05:46:37,3.821,-3.228
2022-03-03 05:46:39,3.6590000000000003,-3.097
2022-03-03 05:46:41,3.6390000000000002,-3.098
2022-03-03 05:46:42,3.741,-3.089
2022-03-03 05:46:44,3.873,-3.233
2022-03-03 05:46:46,3.947,-3.368
2022-03-03 05:46:48,3.9650000000000003,-3.249
2022-03-03 05:46:49,3.8890000000000002,-3.269
2022-03-03 05:46:51,3.848,-3.269
2022-03-03 05:46:53,3.606,-3.087
2022-03-03 05:46:55,3.609,-3.084
2022-03-03 05:46:56,3.694,-3.081
2022-03-03 05:46:58,3.809,-3.1950000000000003
2022-03-03 05:47:00,3.96,-3.346
2022-03-03 05:47:01,3.9170000000000003,-3.2520000000000002
2022-03-03 05:47:03,3.882,-3.219
2022-03-03 05:47:05,3.914,-3.321
2022-03-03 05:47:07,3.826,-3.241
2022-03-03 05:47:08,3.623,-3.116
2022-03-03 05:47:10,3.64,-3.083
2022-03-03 05:47:12,3.65,-3.072
2022-03-03 05:47:14,3.758,-3.13
2022-03-03 05:47:15,3.833,-3.24
2022-03-03 05:47:17,3.898,-3.238
2022-03-03 05:47:19,3.908,-3.257
2022-03-03 05:47:21,3.87,-3.285
2022-03-03 05:47:22,3.743,-3.1590000000000003
2022-03-03 05:47:24,3.641,-3.1310000000000002
2022-03-03 05:47:26,3.6470000000000002,-3.128
2022-03-03 05:47:28,3.7680000000000002,-3.182
2022-03-03 05:47:29,3.942,-3.293
2022-03-03 05:47:31,3.922,-3.267
2022-03-03 05:47:33,3.966,-3.297
2022-03-03 05:47:35,3.86,-3.229
2022-03-03 05:47:36,3.626,-3.078
2022-03-03 05:47:38,3.656,-3.116
2022-03-03 05:47:40,3.809,-3.189
2022-03-03 05:47:41,3.865,-3.281
2022-03-03 05:47:43,3.8850000000000002,-3.197
2022-03-03 05:47:45,3.876,-3.2600000000000002
2022-03-03 05:47:47,3.968,-3.258
2022-03-03 05:47:48,3.7960000000000003,-3.192
2022-03-03 05:47:50,3.6270000000000002,-3.0700000000000003
2022-03-03 05:47:52,3.664,-3.0620000000000003
2022-03-03 05:47:54,3.779,-3.1830000000000003
2022-03-03 05:47:55,3.868,-3.303
2022-03-03 05:47:57,3.92,-3.23
2022-03-03 05:47:59,3.878,-3.239
2022-03-03 05:48:01,3.91,-3.294
2022-03-03 05:48:02,3.783,-3.168
2022-03-03 05:48:04,3.652,-3.09
2022-03-03 05:48:06,3.656,-3.094
2022-03-03 05:48:08,3.673,-3.1
2022-03-03 05:48:09,3.801,-3.177
2022-03-03 05:48:11,3.926,-3.306
2022-03-03 05:48:13,3.936,-3.261
2022-03-03 05:48:14,3.9410000000000003,-3.241
2022-03-03 05:48:16,3.852,-3.1830000000000003
2022-03-03 05:48:18,3.63,-3.082
2022-03-03 05:48:20,3.629,-3.059
2022-03-03 05:48:21,3.751,-3.166
2022-03-03 05:48:23,3.867,-3.2520000000000002
2022-03-03 05:48:25,3.9250000000000003,-3.2760000000000002
2022-03-03 05:48:27,3.93,-3.247
2022-03-03 05:48:28,3.838,-3.221
2022-03-03 05:48:30,3.6270000000000002,-3.137
2022-03-03 05:48:32,3.62,-3.067
2022-03-03 05:48:34,3.652,-3.064
2022-03-03 05:48:35,3.779,-3.176
2022-03-03 05:48:37,3.932,-3.307
2022-03-03 05:48:39,3.93,-3.238
2022-03-03 05:48:41,3.916,-3.229
2022-03-03 05:48:42,3.827,-3.2520000000000002
2022-03-03 05:48:44,3.693,-3.105
2022-03-03 05:48:46,3.618,-3.065
2022-03-03 05:48:47,3.6990000000000003,-3.086
2022-03-03 05:48:49,3.823,-3.178
2022-03-03 05:48:51,3.93,-3.342
2022-03-03 05:48:53,3.895,-3.271
2022-03-03 05:48:54,3.948,-3.2680000000000002
2022-03-03 05:48:56,3.825,-3.23
2022-03-03 05:48:58,3.666,-3.084
2022-03-03 05:49:00,3.645,-3.116
2022-03-03 05:49:01,3.786,-3.1310000000000002
2022-03-03 05:49:03,3.873,-3.231
2022-03-03 05:49:05,3.906,-3.334
2022-03-03 05:49:07,3.899,-3.24
2022-03-03 05:49:08,3.902,-3.217
2022-03-03 05:49:10,3.833,-3.193
2022-03-03 05:49:12,3.642,-3.059
2022-03-03 05:49:13,3.628,-3.078
2022-03-03 05:49:15,3.6350000000000002,-3.082
2022-03-03 05:49:17,3.761,-3.178
2022-03-03 05:49:19,3.8930000000000002,-3.265
2022-03-03 05:49:20,3.932,-3.209
2022-03-03 05:49:22,3.9,-3.243
2022-03-03 05:49:24,3.882,-3.286
2022-03-03 05:49:26,3.783,-3.181
2022-03-03 05:49:27,3.649,-3.063
2022-03-03 05:49:29,3.617,-3.091
2022-03-03 05:49:31,3.805,-3.104
2022-03-03 05:49:33,3.854,-3.2520000000000002
2022-03-03 05:49:34,3.8890000000000002,-3.262
2022-03-03 05:49:36,3.935,-3.245
2022-03-03 05:49:38,3.8850000000000002,-3.241
2022-03-03 05:49:40,3.843,-3.238
2022-03-03 05:49:41,3.616,-3.095
2022-03-03 05:49:43,3.628,-3.103
2022-03-03 05:49:45,3.801,-3.1870000000000003
2022-03-03 05:49:47,3.9050000000000002,-3.301
2022-03-03 05:49:48,3.902,-3.271
2022-03-03 05:49:50,3.858,-3.278
2022-03-03 05:49:52,3.597,-3.106
2022-03-03 05:49:53,3.586,-3.083
2022-03-03 05:49:55,3.719,-3.052
2022-03-03 05:49:57,3.794,-3.176
2022-03-03 05:49:59,3.9210000000000003,-3.263
2022-03-03 05:50:00,3.8850000000000002,-3.219
2022-03-03 05:50:02,3.856,-3.19
2022-03-03 05:50:04,3.6270000000000002,-3.104
2022-03-03 05:50:06,3.602,-3.028
2022-03-03 05:50:07,3.67,-3.0620000000000003
2022-03-03 05:50:09,3.8160000000000003,-3.231
2022-03-03 05:50:11,3.918,-3.204
2022-03-03 05:50:13,3.899,-3.2600000000000002
2022-03-03 05:50:14,3.866,-3.245
2022-03-03 05:50:16,3.616,-3.117
2022-03-03 05:50:18,3.613,-3.092
2022-03-03 05:50:20,3.798,-3.212
2022-03-03 05:50:21,3.862,-3.214
2022-03-03 05:50:23,3.922,-3.221
2022-03-03 05:50:25,3.778,-3.16
2022-03-03 05:50:26,3.5820000000000003,-3.045
2022-03-03 05:50:28,3.708,-3.15
2022-03-03 05:50:30,3.878,-3.279
2022-03-03 05:50:32,3.859,-3.201
2022-03-03 05:50:33,3.8040000000000003,-3.223
2022-03-03 05:50:35,3.588,-3.081
2022-03-03 05:50:37,3.596,-3.067
2022-03-03 05:50:39,3.738,-3.15
2022-03-03 05:50:40,3.867,-3.263
2022-03-03 05:50:42,3.888,-3.198
2022-03-03 05:50:44,3.7920000000000003,-3.162
2022-03-03 05:50:46,3.621,-3.075
2022-03-03 05:50:47,3.653,-3.076
2022-03-03 05:50:49,3.857,-3.233
2022-03-03 05:50:51,3.895,-3.231
2022-03-03 05:50:53,3.914,-3.249
2022-03-03 05:50:54,3.782,-3.181
2022-03-03 05:50:56,3.628,-3.087
2022-03-03 05:50:58,3.654,-3.057
2022-03-03 05:50:59,3.8000000000000003,-3.196
2022-03-03 05:51:01,3.934,-3.2640000000000002
2022-03-03 05:51:03,3.922,-3.2800000000000002
2022-03-03 05:51:05,3.906,-3.244
2022-03-03 05:51:06,3.84,-3.216
2022-03-03 05:51:08,3.632,-3.125
2022-03-03 05:51:10,3.652,-3.084
2022-03-03 05:51:12,3.811,-3.169
2022-03-03 05:51:13,3.894,-3.277
2022-03-03 05:51:15,3.907,-3.237
2022-03-03 05:51:17,3.835,-3.213
2022-03-03 05:51:19,3.612,-3.091
2022-03-03 05:51:20,3.616,-3.0660000000000003
2022-03-03 05:51:22,3.73,-3.118
2022-03-03 05:51:24,3.868,-3.277
2022-03-03 05:51:26,3.916,-3.232
2022-03-03 05:51:27,3.928,-3.267
2022-03-03 05:51:29,3.747,-3.165
2022-03-03 05:51:31,3.622,-3.061
2022-03-03 05:51:32,3.806,-3.206
2022-03-03 05:51:34,3.91,-3.331
2022-03-03 05:51:36,3.887,-3.209
2022-03-03 05:51:38,3.8160000000000003,-3.253
2022-03-03 05:51:39,3.646,-3.071
2022-03-03 05:51:41,3.664,-3.064
2022-03-03 05:51:43,3.821,-3.1830000000000003
2022-03-03 05:51:45,3.9290000000000003,-3.3160000000000003
2022-03-03 05:51:46,3.92,-3.2920000000000003
2022-03-03 05:51:48,3.896,-3.231
2022-03-03 05:51:50,3.876,-3.211
2022-03-03 05:51:52,3.664,-3.105
2022-03-03 05:51:53,3.656,-3.1390000000000002
2022-03-03 05:51:55,3.795,-3.133
2022-03-03 05:51:57,3.8320000000000003,-3.251
2022-03-03 05:51:59,3.93,-3.269
2022-03-03 05:52:00,3.926,-3.227
2022-03-03 05:52:02,3.853,-3.25
2022-03-03 05:52:04,3.585,-3.1350000000000002
2022-03-03 05:52:05,3.64,-3.084
2022-03-03 05:52:07,3.774,-3.136
2022-03-03 05:52:09,3.85,-3.218
2022-03-03 05:52:11,3.886,-3.299
2022-03-03 05:52:12,3.883,-3.267
2022-03-03 05:52:14,3.855,-3.231
2022-03-03 05:52:16,3.645,-3.114
2022-03-03 05:52:18,3.6590000000000003,-3.064
2022-03-03 05:52:19,3.809,-3.119
2022-03-03 05:52:21,3.947,-3.242
2022-03-03 05:52:23,3.936,-3.29
2022-03-03 05:52:25,3.74,-3.152
2022-03-03 05:52:26,3.653,-3.06
2022-03-03 05:52:28,3.725,-3.103
2022-03-03 05:52:30,3.9,-3.275
2022-03-03 05:52:32,3.9,-3.2520000000000002
2022-03-03 05:52:33,3.841,-3.213
2022-03-03 05:52:35,3.62,-3.091
2022-03-03 05:52:37,3.673,-3.076
2022-03-03 05:52:38,3.867,-3.2960000000000003
2022-03-03 05:52:40,3.914,-3.23
2022-03-03 05:52:42,3.852,-3.262
2022-03-03 05:52:44,3.6270000000000002,-3.061
2022-03-03 05:52:45,3.74,-3.071
2022-03-03 05:52:47,3.882,-3.213
2022-03-03 05:52:49,3.924,-3.234
2022-03-03 05:52:51,3.927,-3.3120000000000003
2022-03-03 05:52:52,3.761,-3.166
2022-03-03 05:52:54,3.634,-3.0620000000000003
2022-03-03 05:52:56,3.789,-3.17
2022-03-03 05:52:58,3.922,-3.267
2022-03-03 05:52:59,3.938,-3.282
2022-03-03 05:53:01,3.749,-3.138
2022-03-03 05:53:03,3.658,-3.053
2022-03-03 05:53:05,3.799,-3.178
2022-03-03 05:53:06,3.9090000000000003,-3.282
2022-03-03 05:53:08,3.908,-3.226
2022-03-03 05:53:10,3.872,-3.266
2022-03-03 05:53:11,3.618,-3.109
2022-03-03 05:53:13,3.633,-3.044
2022-03-03 05:53:15,3.817,-3.238
2022-03-03 05:53:17,3.926,-3.223
2022-03-03 05:53:18,3.93,-3.273
2022-03-03 05:53:20,3.737,-3.12
2022-03-03 05:53:22,3.595,-3.115
2022-03-03 05:53:24,3.777,-3.158
2022-03-03 05:53:25,3.976,-3.319
2022-03-03 05:53:27,3.916,-3.258
2022-03-03 05:53:29,4.001,-3.2880000000000003
2022-03-03 05:53:31,3.682,-3.122
2022-03-03 05:53:32,3.615,-3.068
2022-03-03 05:53:34,3.7920000000000003,-3.2
2022-03-03 05:53:36,3.9010000000000002,-3.221
2022-03-03 05:53:38,3.882,-3.233
2022-03-03 05:53:39,3.839,-3.221
2022-03-03 05:53:41,3.6350000000000002,-3.092
2022-03-03 05:53:43,3.652,-3.084
2022-03-03 05:53:44,3.782,-3.146
2022-03-03 05:53:46,3.9090000000000003,-3.301
2022-03-03 05:53:48,3.938,-3.244
2022-03-03 05:53:50,3.952,-3.302
2022-03-03 05:53:51,3.7880000000000003,-3.177
2022-03-03 05:53:53,3.61,-3.063
2022-03-03 05:53:55,3.7,-3.0580000000000003
2022-03-03 05:53:57,3.956,-3.309
2022-03-03 05:53:58,3.922,-3.255
2022-03-03 05:54:00,3.9410000000000003,-3.267
2022-03-03 05:54:02,3.723,-3.124
2022-03-03 05:54:04,3.642,-3.079
2022-03-03 05:54:05,3.779,-3.186
2022-03-03 05:54:07,3.979,-3.257
2022-03-03 05:54:09,3.899,-3.237
2022-03-03 05:54:11,3.959,-3.287
2022-03-03 05:54:12,3.7920000000000003,-3.1990000000000003
2022-03-03 05:54:14,3.619,-3.029
2022-03-03 05:54:16,3.637,-3.04
2022-03-03 05:54:17,3.849,-3.197
2022-03-03 05:54:19,3.9050000000000002,-3.1990000000000003
2022-03-03 05:54:21,3.899,-3.229
2022-03-03 05:54:23,3.849,-3.226
2022-03-03 05:54:24,3.617,-3.064
2022-03-03 05:54:26,3.646,-3.081
2022-03-03 05:54:28,3.813,-3.1990000000000003
2022-03-03 05:54:30,3.88,-3.24
2022-03-03 05:54:31,3.951,-3.281
2022-03-03 05:54:33,3.633,-3.095
2022-03-03 05:54:35,3.6470000000000002,-3.093
2022-03-03 05:54:37,3.6950000000000003,-3.074
2022-03-03 05:54:38,3.88,-3.255
2022-03-03 05:54:40,3.932,-3.266
2022-03-03 05:54:42,3.916,-3.293
2022-03-03 05:54:44,3.633,-3.089
2022-03-03 05:54:45,3.634,-3.089
2022-03-03 05:54:47,3.8040000000000003,-3.169
2022-03-03 05:54:49,3.922,-3.265
2022-03-03 05:54:50,3.907,-3.246
2022-03-03 05:54:52,3.845,-3.214
2022-03-03 05:54:54,3.6550000000000002,-3.105
2022-03-03 05:54:56,3.753,-3.084
2022-03-03 05:54:57,3.92,-3.2720000000000002
2022-03-03 05:54:59,3.928,-3.269
2022-03-03 05:55:01,3.936,-3.248
2022-03-03 05:55:03,3.7880000000000003,-3.138
2022-03-03 05:55:04,3.614,-3.061
2022-03-03 05:55:06,3.632,-3.09
2022-03-03 05:55:08,3.857,-3.226
2022-03-03 05:55:10,3.936,-3.239
2022-03-03 05:55:11,3.9130000000000003,-3.261
2022-03-03 05:55:13,3.769,-3.161
2022-03-03 05:55:15,3.628,-3.0380000000000003
2022-03-03 05:55:17,3.727,-3.123
2022-03-03 05:55:18,3.919,-3.265
2022-03-03 05:55:20,3.924,-3.258
2022-03-03 05:55:22,3.894,-3.306
2022-03-03 05:55:23,3.622,-3.06
2022-03-03 05:55:25,3.6590000000000003,-3.078
2022-03-03 05:55:27,3.775,-3.1430000000000002
2022-03-03 05:55:29,3.9250000000000003,-3.319
2022-03-03 05:55:30,3.886,-3.24
2022-03-03 05:55:32,3.915,-3.3040000000000003
2022-03-03 05:55:34,3.74,-3.166
2022-03-03 05:55:36,3.649,-3.064
2022-03-03 05:55:37,3.694,-3.039
2022-03-03 05:55:39,3.878,-3.283
2022-03-03 05:55:41,3.9,-3.254
2022-03-03 05:55:43,3.866,-3.24
2022-03-03 05:55:44,3.6310000000000002,-3.065
2022-03-03 05:55:46,3.741,-3.114
2022-03-03 05:55:48,3.9290000000000003,-3.293
2022-03-03 05:55:50,3.8890000000000002,-3.279
2022-03-03 05:55:51,3.936,-3.281
2022-03-03 05:55:53,3.747,-3.17
2022-03-03 05:55:55,3.641,-3.093
2022-03-03 05:55:56,3.63,-3.0620000000000003
2022-03-03 05:55:58,3.761,-3.1350000000000002
2022-03-03 05:56:00,3.9090000000000003,-3.321
2022-03-03 05:56:02,3.9010000000000002,-3.261
2022-03-03 05:56:03,3.851,-3.2640000000000002
2022-03-03 05:56:05,3.603,-3.099
2022-03-03 05:56:07,3.644,-3.057
2022-03-03 05:56:09,3.6310000000000002,-3.083
2022-03-03 05:56:10,3.7880000000000003,-3.134
2022-03-03 05:56:12,3.922,-3.306
2022-03-03 05:56:14,3.859,-3.258
2022-03-03 05:56:16,3.908,-3.3120000000000003
2022-03-03 05:56:17,3.598,-3.055
2022-03-03 05:56:19,3.62,-3.08
2022-03-03 05:56:21,3.6550000000000002,-3.055
2022-03-03 05:56:23,3.782,-3.207
2022-03-03 05:56:24,3.9050000000000002,-3.233
2022-03-03 05:56:26,3.87,-3.237
2022-03-03 05:56:28,3.795,-3.17
2022-03-03 05:56:29,3.599,-3.069
2022-03-03 05:56:31,3.692,-3.051
2022-03-03 05:56:33,3.8360000000000003,-3.221
2022-03-03 05:56:35,3.923,-3.241
2022-03-03 05:56:36,3.936,-3.221
2022-03-03 05:56:38,3.745,-3.119
2022-03-03 05:56:40,3.593,-3.043
2022-03-03 05:56:42,3.7,-3.055
2022-03-03 05:56:43,3.8970000000000002,-3.265
2022-03-03 05:56:45,3.884,-3.24
2022-03-03 05:56:47,3.863,-3.226
2022-03-03 05:56:49,3.5820000000000003,-3.083
2022-03-03 05:56:50,3.638,-3.116
2022-03-03 05:56:52,3.777,-3.1350000000000002
2022-03-03 05:56:54,3.902,-3.2920000000000003
2022-03-03 05:56:56,3.904,-3.233
2022-03-03 05:56:57,3.931,-3.238
2022-03-03 05:56:59,3.861,-3.197
2022-03-03 05:57:01,3.608,-3.108
2022-03-03 05:57:03,3.596,-3.094
2022-03-03 05:57:04,3.702,-3.099
2022-03-03 05:57:06,3.852,-3.245
2022-03-03 05:57:08,3.851,-3.221
2022-03-03 05:57:09,3.878,-3.237
2022-03-03 05:57:11,3.869,-3.225
2022-03-03 05:57:13,3.628,-3.095
2022-03-03 05:57:15,3.591,-3.067
2022-03-03 05:57:16,3.6550000000000002,-3.029
2022-03-03 05:57:18,3.811,-3.206
2022-03-03 05:57:20,3.872,-3.2960000000000003
2022-03-03 05:57:22,3.887,-3.209
2022-03-03 05:57:23,3.878,-3.221
2022-03-03 05:57:25,3.908,-3.259
2022-03-03 05:57:27,3.834,-3.196
2022-03-03 05:57:29,3.619,-3.093
2022-03-03 05:57:30,3.6350000000000002,-3.055
2022-03-03 05:57:32,3.652,-3.035
2022-03-03 05:57:34,3.743,-3.117
2022-03-03 05:57:36,3.853,-3.237
2022-03-03 05:57:37,3.924,-3.27
2022-03-03 05:57:39,3.9210000000000003,-3.225
2022-03-03 05:57:41,3.886,-3.211
2022-03-03 05:57:42,3.924,-3.257
2022-03-03 05:57:44,3.765,-3.1630000000000003
2022-03-03 05:57:46,3.646,-3.053
2022-03-03 05:57:48,3.632,-3.032
2022-03-03 05:57:49,3.612,-3.077
2022-03-03 05:57:51,3.815,-3.124
2022-03-03 05:57:53,3.842,-3.216
2022-03-03 05:57:55,3.912,-3.281
2022-03-03 05:57:56,3.9010000000000002,-3.228
2022-03-03 05:57:58,3.895,-3.196
2022-03-03 05:58:00,3.888,-3.174
2022-03-03 05:58:02,3.932,-3.2880000000000003
2022-03-03 05:58:03,3.85,-3.1790000000000003
2022-03-03 05:58:05,3.709,-3.098
2022-03-03 05:58:07,3.617,-2.969
2022-03-03 05:58:09,3.621,-3.0660000000000003
2022-03-03 05:58:10,3.692,-3.043
2022-03-03 05:58:12,3.8120000000000003,-3.185
2022-03-03 05:58:14,3.92,-3.257
2022-03-03 05:58:15,3.898,-3.215
2022-03-03 05:58:17,3.88,-3.229
2022-03-03 05:58:19,3.936,-3.1950000000000003
2022-03-03 05:58:21,3.869,-3.305
2022-03-03 05:58:22,3.835,-3.201
2022-03-03 05:58:24,3.754,-3.119
2022-03-03 05:58:26,3.6,-3.037
2022-03-03 05:58:28,3.623,-3.023
2022-03-03 05:58:29,3.633,-3.047
2022-03-03 05:58:31,3.722,-3.029
2022-03-03 05:58:33,3.809,-3.184
2022-03-03 05:58:35,3.916,-3.315
2022-03-03 05:58:36,3.878,-3.214
2022-03-03 05:58:38,3.928,-3.188
2022-03-03 05:58:40,3.886,-3.226
2022-03-03 05:58:42,3.962,-3.2680000000000002
2022-03-03 05:58:43,3.815,-3.189
2022-03-03 05:58:45,3.721,-3.1430000000000002
2022-03-03 05:58:47,3.6270000000000002,-3.09
2022-03-03 05:58:48,3.611,-3.035
2022-03-03 05:58:50,3.636,-3.035
2022-03-03 05:58:52,3.64,-3.081
2022-03-03 05:58:54,3.815,-3.172
2022-03-03 05:58:55,3.891,-3.259
2022-03-03 05:58:57,3.884,-3.231
2022-03-03 05:58:59,3.8930000000000002,-3.203
2022-03-03 05:59:01,3.895,-3.23
2022-03-03 05:59:02,3.876,-3.233
2022-03-03 05:59:04,3.918,-3.249
2022-03-03 05:59:06,3.856,-3.224
2022-03-03 05:59:08,3.733,-3.121
2022-03-03 05:59:09,3.613,-3.071
2022-03-03 05:59:11,3.607,-3.0380000000000003
2022-03-03 05:59:13,3.63,-3.036
2022-03-03 05:59:15,3.617,-3.076
2022-03-03 05:59:16,3.677,-3.0580000000000003
2022-03-03 05:59:18,3.755,-3.153
2022-03-03 05:59:20,3.843,-3.1790000000000003
2022-03-03 05:59:22,3.907,-3.303
2022-03-03 05:59:23,3.91,-3.25
2022-03-03 05:59:25,3.9130000000000003,-3.25
2022-03-03 05:59:27,3.912,-3.212
2022-03-03 05:59:28,3.9490000000000003,-3.227
2022-03-03 05:59:30,3.976,-3.238
2022-03-03 05:59:32,3.944,-3.262
2022-03-03 05:59:34,3.854,-3.2560000000000002
2022-03-03 05:59:35,3.863,-3.223
2022-03-03 05:59:37,3.852,-3.153
2022-03-03 05:59:39,3.809,-3.141
2022-03-03 05:59:41,3.641,-3.093
2022-03-03 05:59:42,3.603,-3.1
2022-03-03 05:59:44,3.615,-3.086
2022-03-03 05:59:46,3.629,-3.073
2022-03-03 05:59:48,3.6310000000000002,-3.06
2022-03-03 05:59:49,3.6550000000000002,-3.045
2022-03-03 05:59:51,3.689,-3.0100000000000002
2022-03-03 05:59:53,3.732,-3.047
2022-03-03 05:59:55,3.839,-3.201
2022-03-03 05:59:56,3.9450000000000003,-3.3160000000000003
2022-03-03 05:59:58,3.948,-3.251
2022-03-03 06:00:00,3.884,-3.246
2022-03-03 06:00:01,3.888,-3.223
2022-03-03 06:00:03,3.9050000000000002,-3.262
2022-03-03 06:00:05,3.928,-3.207
2022-03-03 06:00:07,3.886,-3.226
2022-03-03 06:00:08,3.962,-3.267
2022-03-03 06:00:10,3.888,-3.282
2022-03-03 06:00:12,3.879,-3.265
2022-03-03 06:00:14,3.8810000000000002,-3.197
2022-03-03 06:00:15,3.79,-3.203
2022-03-03 06:00:17,3.661,-3.149
2022-03-03 06:00:19,3.645,-3.036
2022-03-03 06:00:21,3.6630000000000003,-3.0580000000000003
2022-03-03 06:00:22,3.622,-3.068
2022-03-03 06:00:24,3.634,-3.085
2022-03-03 06:00:26,3.684,-3.043
2022-03-03 06:00:28,3.79,-3.126
2022-03-03 06:00:29,3.86,-3.174
2022-03-03 06:00:31,3.8930000000000002,-3.193
2022-03-03 06:00:33,3.964,-3.273
2022-03-03 06:00:34,3.948,-3.298
2022-03-03 06:00:36,3.927,-3.2520000000000002
2022-03-03 06:00:38,3.918,-3.194
2022-03-03 06:00:40,3.924,-3.273
2022-03-03 06:00:41,3.918,-3.223
2022-03-03 06:00:43,3.9370000000000003,-3.279
2022-03-03 06:00:45,3.9050000000000002,-3.242
2022-03-03 06:00:47,3.895,-3.2
2022-03-03 06:00:48,3.874,-3.189
2022-03-03 06:00:50,3.9130000000000003,-3.236
2022-03-03 06:00:52,3.912,-3.201
2022-03-03 06:00:54,3.9370000000000003,-3.19
2022-03-03 06:00:55,3.9050000000000002,-3.204
2022-03-03 06:00:57,3.9090000000000003,-3.251
2022-03-03 06:00:59,3.883,-3.244
2022-03-03 06:01:01,3.895,-3.298
2022-03-03 06:01:02,3.9,-3.2640000000000002
2022-03-03 06:01:04,3.962,-3.226
2022-03-03 06:01:06,3.892,-3.208
2022-03-03 06:01:07,3.906,-3.247
2022-03-03 06:01:09,3.942,-3.219
2022-03-03 06:01:11,3.896,-3.18
2022-03-03 06:01:13,3.892,-3.204
2022-03-03 06:01:14,3.91,-3.265
2022-03-03 06:01:16,3.936,-3.2640000000000002
2022-03-03 06:01:18,3.918,-3.291
2022-03-03 06:01:20,3.993,-3.243
2022-03-03 06:01:21,3.883,-3.242
2022-03-03 06:01:23,3.862,-3.251
2022-03-03 06:01:25,3.746,-3.1830000000000003
2022-03-03 06:01:27,3.6710000000000003,-3.126
2022-03-03 06:01:28,3.632,-3.003
2022-03-03 06:01:30,3.649,-3.06
2022-03-03 06:01:32,3.6270000000000002,-2.976
2022-03-03 06:01:34,3.65,-3.032
2022-03-03 06:01:35,3.6510000000000002,-3.025
2022-03-03 06:01:37,3.628,-3.032
2022-03-03 06:01:39,3.61,-3.013
2022-03-03 06:01:41,3.629,-3.04
2022-03-03 06:01:42,3.633,-3.068
2022-03-03 06:01:44,3.609,-3.0140000000000002
2022-03-03 06:01:46,3.645,-3.077
2022-03-03 06:01:47,3.61,-3.0140000000000002
2022-03-03 06:01:49,3.6990000000000003,-3.0620000000000003
2022-03-03 06:01:51,3.701,-3.105
2022-03-03 06:01:53,3.648,-3.052
2022-03-03 06:01:54,3.613,-3.0300000000000002
2022-03-03 06:01:56,3.68,-3.091
2022-03-03 06:01:58,3.65,-3.037
2022-03-03 06:02:00,3.652,-3.036
2022-03-03 06:02:01,3.666,-3.021
2022-03-03 06:02:03,3.649,-3.049
2022-03-03 06:02:05,3.645,-3.097
2022-03-03 06:02:07,3.6350000000000002,-3.101
2022-03-03 06:02:08,3.674,-3.041
2022-03-03 06:02:10,3.773,-3.138
2022-03-03 06:02:12,3.805,-3.1470000000000002
2022-03-03 06:02:14,3.9010000000000002,-3.23
2022-03-03 06:02:15,3.923,-3.295
2022-03-03 06:02:17,3.915,-3.216
2022-03-03 06:02:19,3.8930000000000002,-3.253
2022-03-03 06:02:20,3.9370000000000003,-3.246
2022-03-03 06:02:22,3.903,-3.253
2022-03-03 06:02:24,3.842,-3.209
2022-03-03 06:02:26,3.857,-3.228
2022-03-03 06:02:27,3.8160000000000003,-3.185
2022-03-03 06:02:29,3.742,-3.1470000000000002
2022-03-03 06:02:31,3.71,-3.104
2022-03-03 06:02:33,3.65,-3.048
2022-03-03 06:02:34,3.618,-3.056
2022-03-03 06:02:36,3.6390000000000002,-3.044
2022-03-03 06:02:38,3.62,-3.044
2022-03-03 06:02:40,3.734,-3.0500000000000003
2022-03-03 06:02:41,3.708,-3.088
2022-03-03 06:02:43,3.795,-3.133
2022-03-03 06:02:45,3.851,-3.181
2022-03-03 06:02:47,3.8970000000000002,-3.213
2022-03-03 06:02:48,3.9170000000000003,-3.309
2022-03-03 06:02:50,3.9090000000000003,-3.274
2022-03-03 06:02:52,3.875,-3.246
2022-03-03 06:02:53,3.8850000000000002,-3.247
2022-03-03 06:02:55,3.8930000000000002,-3.201
2022-03-03 06:02:57,3.946,-3.229
2022-03-03 06:02:59,3.902,-3.196
2022-03-03 06:03:00,3.918,-3.186
2022-03-03 06:03:02,3.865,-3.213
2022-03-03 06:03:04,3.903,-3.208
2022-03-03 06:03:06,3.9170000000000003,-3.227
2022-03-03 06:03:07,3.931,-3.2760000000000002
2022-03-03 06:03:09,3.859,-3.274
2022-03-03 06:03:11,3.815,-3.226
2022-03-03 06:03:13,3.682,-3.114
2022-03-03 06:03:14,3.616,-3.019
2022-03-03 06:03:16,3.629,-3.032
2022-03-03 06:03:18,3.623,-3.051
2022-03-03 06:03:20,3.723,-3.016
2022-03-03 06:03:21,3.753,-3.108
2022-03-03 06:03:23,3.8200000000000003,-3.125
2022-03-03 06:03:25,3.825,-3.2
2022-03-03 06:03:26,3.848,-3.2
2022-03-03 06:03:28,3.904,-3.263
2022-03-03 06:03:30,3.8850000000000002,-3.33
2022-03-03 06:03:32,3.892,-3.215
2022-03-03 06:03:33,3.894,-3.223
2022-03-03 06:03:35,3.8810000000000002,-3.233
2022-03-03 06:03:37,3.888,-3.219
2022-03-03 06:03:39,3.906,-3.227
2022-03-03 06:03:40,3.915,-3.214
2022-03-03 06:03:42,3.9170000000000003,-3.244
2022-03-03 06:03:44,3.86,-3.254
2022-03-03 06:03:46,3.8040000000000003,-3.145
2022-03-03 06:03:47,3.6870000000000003,-3.069
2022-03-03 06:03:49,3.602,-3.0260000000000002
2022-03-03 06:03:51,3.567,-3.029
2022-03-03 06:03:53,3.623,-3.0340000000000003
2022-03-03 06:03:54,3.62,-3.032
2022-03-03 06:03:56,3.617,-2.997
2022-03-03 06:03:58,3.689,-3.011
2022-03-03 06:04:00,3.783,-3.165
2022-03-03 06:04:01,3.852,-3.254
2022-03-03 06:04:03,3.892,-3.1870000000000003
2022-03-03 06:04:05,3.8320000000000003,-3.228
2022-03-03 06:04:06,3.916,-3.231
2022-03-03 06:04:08,3.802,-3.231
2022-03-03 06:04:10,3.674,-3.114
2022-03-03 06:04:12,3.588,-3.015
2022-03-03 06:04:13,3.589,-3.02
2022-03-03 06:04:15,3.551,-3.0380000000000003
2022-03-03 06:04:17,3.584,-3.0340000000000003
2022-03-03 06:04:19,3.6990000000000003,-2.994
2022-03-03 06:04:20,3.7110000000000003,-3.074
2022-03-03 06:04:22,3.799,-3.168
2022-03-03 06:04:24,3.802,-3.221
2022-03-03 06:04:26,3.863,-3.254
2022-03-03 06:04:27,3.857,-3.197
2022-03-03 06:04:29,3.884,-3.196
2022-03-03 06:04:31,3.9090000000000003,-3.216
2022-03-03 06:04:33,3.7920000000000003,-3.186
2022-03-03 06:04:34,3.747,-3.133
2022-03-03 06:04:36,3.63,-3.059
2022-03-03 06:04:38,3.587,-3.003
2022-03-03 06:04:39,3.5620000000000003,-3.04
2022-03-03 06:04:41,3.623,-3.025
2022-03-03 06:04:43,3.684,-2.994
2022-03-03 06:04:45,3.817,-3.152
2022-03-03 06:04:46,3.856,-3.2560000000000002
2022-03-03 06:04:48,3.8850000000000002,-3.21
2022-03-03 06:04:50,3.858,-3.217
2022-03-03 06:04:52,3.834,-3.204
2022-03-03 06:04:53,3.856,-3.273
2022-03-03 06:04:55,3.811,-3.1390000000000002
2022-03-03 06:04:57,3.65,-3.087
2022-03-03 06:04:59,3.604,-3.033
2022-03-03 06:05:00,3.589,-3.028
2022-03-03 06:05:02,3.6270000000000002,-3.045
2022-03-03 06:05:04,3.791,-3.1430000000000002
2022-03-03 06:05:06,3.915,-3.278
2022-03-03 06:05:07,3.875,-3.224
2022-03-03 06:05:09,3.845,-3.1870000000000003
2022-03-03 06:05:11,3.9,-3.2680000000000002
2022-03-03 06:05:12,3.799,-3.197
2022-03-03 06:05:14,3.6350000000000002,-3.083
2022-03-03 06:05:16,3.588,-3.057
2022-03-03 06:05:18,3.608,-3.0380000000000003
2022-03-03 06:05:19,3.694,-3.0580000000000003
2022-03-03 06:05:21,3.807,-3.188
2022-03-03 06:05:23,3.858,-3.224
2022-03-03 06:05:25,3.9010000000000002,-3.222
2022-03-03 06:05:26,3.88,-3.209
2022-03-03 06:05:28,3.858,-3.211
2022-03-03 06:05:30,3.769,-3.177
2022-03-03 06:05:32,3.56,-3.0460000000000003
2022-03-03 06:05:33,3.595,-3.051
2022-03-03 06:05:35,3.755,-3.081
2022-03-03 06:05:37,3.775,-3.221
2022-03-03 06:05:39,3.858,-3.203
2022-03-03 06:05:40,3.843,-3.207
2022-03-03 06:05:42,3.915,-3.245
2022-03-03 06:05:44,3.787,-3.172
2022-03-03 06:05:46,3.599,-3.061
2022-03-03 06:05:47,3.591,-3.027
2022-03-03 06:05:49,3.751,-3.136
2022-03-03 06:05:51,3.888,-3.233
2022-03-03 06:05:52,3.849,-3.225
2022-03-03 06:05:54,3.859,-3.236
2022-03-03 06:05:56,3.835,-3.216
2022-03-03 06:05:58,3.5300000000000002,-3.043
2022-03-03 06:05:59,3.594,-3.024
2022-03-03 06:06:01,3.686,-3.056
2022-03-03 06:06:03,3.799,-3.221
2022-03-03 06:06:05,3.845,-3.181
2022-03-03 06:06:06,3.837,-3.173
2022-03-03 06:06:08,3.7720000000000002,-3.145
2022-03-03 06:06:10,3.5780000000000003,-3.0380000000000003
2022-03-03 06:06:12,3.597,-3.051
2022-03-03 06:06:13,3.6630000000000003,-2.995
2022-03-03 06:06:15,3.782,-3.17
2022-03-03 06:06:17,3.867,-3.214
2022-03-03 06:06:19,3.825,-3.213
2022-03-03 06:06:20,3.7840000000000003,-3.1590000000000003
2022-03-03 06:06:22,3.581,-2.992
2022-03-03 06:06:24,3.58,-3.037
2022-03-03 06:06:25,3.7840000000000003,-3.217
2022-03-03 06:06:27,3.8320000000000003,-3.181
2022-03-03 06:06:29,3.813,-3.177
2022-03-03 06:06:31,3.802,-3.173
2022-03-03 06:06:32,3.552,-3.045
2022-03-03 06:06:34,3.573,-3.025
2022-03-03 06:06:36,3.674,-3.0220000000000002
2022-03-03 06:06:38,3.845,-3.234
2022-03-03 06:06:39,3.858,-3.23
2022-03-03 06:06:41,3.88,-3.241
2022-03-03 06:06:43,3.7800000000000002,-3.166
2022-03-03 06:06:45,3.6,-2.989
2022-03-03 06:06:46,3.572,-3.0140000000000002
2022-03-03 06:06:48,3.805,-3.14
2022-03-03 06:06:50,3.834,-3.177
2022-03-03 06:06:52,3.843,-3.2
2022-03-03 06:06:53,3.837,-3.205
2022-03-03 06:06:55,3.706,-3.083
2022-03-03 06:06:57,3.559,-3.021
2022-03-03 06:06:58,3.6790000000000003,-3.028
2022-03-03 06:07:00,3.862,-3.205
2022-03-03 06:07:02,3.871,-3.19
2022-03-03 06:07:04,3.887,-3.22
2022-03-03 06:07:05,3.6750000000000003,-3.053
2022-03-03 06:07:07,3.573,-3.027
2022-03-03 06:07:09,3.678,-3.032
2022-03-03 06:07:11,3.833,-3.205
2022-03-03 06:07:12,3.825,-3.192
2022-03-03 06:07:14,3.859,-3.15
2022-03-03 06:07:16,3.763,-3.162
2022-03-03 06:07:18,3.561,-3.016
2022-03-03 06:07:19,3.685,-3.057
2022-03-03 06:07:21,3.854,-3.247
2022-03-03 06:07:23,3.851,-3.207
2022-03-03 06:07:25,3.845,-3.219
2022-03-03 06:07:26,3.577,-3.0340000000000003
2022-03-03 06:07:28,3.588,-3.024
2022-03-03 06:07:30,3.676,-3.071
2022-03-03 06:07:32,3.86,-3.237
2022-03-03 06:07:33,3.856,-3.189
2022-03-03 06:07:35,3.7840000000000003,-3.1590000000000003
2022-03-03 06:07:37,3.561,-3.052
2022-03-03 06:07:38,3.556,-3.055
2022-03-03 06:07:40,3.717,-3.115
2022-03-03 06:07:42,3.855,-3.1990000000000003
2022-03-03 06:07:44,3.858,-3.244
2022-03-03 06:07:45,3.779,-3.162
2022-03-03 06:07:47,3.567,-3.032
2022-03-03 06:07:49,3.594,-3.009
2022-03-03 06:07:51,3.807,-3.154
2022-03-03 06:07:52,3.846,-3.1870000000000003
2022-03-03 06:07:54,3.813,-3.221
2022-03-03 06:07:56,3.755,-3.18
2022-03-03 06:07:58,3.594,-3.056
2022-03-03 06:07:59,3.677,-3.025
2022-03-03 06:08:01,3.84,-3.229
2022-03-03 06:08:03,3.853,-3.213
2022-03-03 06:08:05,3.868,-3.248
2022-03-03 06:08:06,3.5780000000000003,-3.023
2022-03-03 06:08:08,3.553,-3.029
2022-03-03 06:08:10,3.694,-3.087
2022-03-03 06:08:11,3.847,-3.236
2022-03-03 06:08:13,3.835,-3.1950000000000003
2022-03-03 06:08:15,3.74,-3.141
2022-03-03 06:08:17,3.573,-3.037
2022-03-03 06:08:18,3.649,-2.967
2022-03-03 06:08:20,3.8160000000000003,-3.208
2022-03-03 06:08:22,3.862,-3.194
2022-03-03 06:08:24,3.837,-3.24
2022-03-03 06:08:25,3.517,-3.02
2022-03-03 06:08:27,3.584,-3.031
2022-03-03 06:08:29,3.734,-3.083
2022-03-03 06:08:31,3.8360000000000003,-3.251
2022-03-03 06:08:32,3.853,-3.1990000000000003
2022-03-03 06:08:34,3.684,-3.092
2022-03-03 06:08:36,3.559,-2.999
2022-03-03 06:08:38,3.599,-3.013
2022-03-03 06:08:39,3.758,-3.182
2022-03-03 06:08:41,3.841,-3.178
2022-03-03 06:08:43,3.835,-3.219
2022-03-03 06:08:44,3.791,-3.176
2022-03-03 06:08:46,3.559,-2.986
2022-03-03 06:08:48,3.572,-3.032
2022-03-03 06:08:50,3.72,-3.116
2022-03-03 06:08:51,3.845,-3.206
2022-03-03 06:08:53,3.903,-3.228
2022-03-03 06:08:55,3.739,-3.1350000000000002
2022-03-03 06:08:57,3.547,-2.972
2022-03-03 06:08:58,3.572,-3.0340000000000003
2022-03-03 06:09:00,3.799,-3.1830000000000003
2022-03-03 06:09:02,3.849,-3.215
2022-03-03 06:09:04,3.813,-3.1870000000000003
2022-03-03 06:09:05,3.761,-3.193
2022-03-03 06:09:07,3.555,-2.997
2022-03-03 06:09:09,3.585,-3.023
2022-03-03 06:09:11,3.706,-3.0540000000000003
2022-03-03 06:09:12,3.859,-3.205
2022-03-03 06:09:14,3.834,-3.1830000000000003
2022-03-03 06:09:16,3.8360000000000003,-3.219
2022-03-03 06:09:18,3.595,-3.072
2022-03-03 06:09:19,3.583,-2.999
2022-03-03 06:09:21,3.779,-3.149
2022-03-03 06:09:23,3.847,-3.1990000000000003
2022-03-03 06:09:24,3.8240000000000003,-3.205
2022-03-03 06:09:26,3.658,-3.107
2022-03-03 06:09:28,3.573,-3.007
2022-03-03 06:09:30,3.641,-2.987
2022-03-03 06:09:31,3.85,-3.226
2022-03-03 06:09:33,3.838,-3.2
2022-03-03 06:09:35,3.847,-3.221
2022-03-03 06:09:37,3.575,-3.019
2022-03-03 06:09:38,3.579,-3.035
2022-03-03 06:09:40,3.716,-3.081
2022-03-03 06:09:42,3.84,-3.249
2022-03-03 06:09:44,3.843,-3.203
2022-03-03 06:09:45,3.834,-3.237
2022-03-03 06:09:47,3.548,-3.008
2022-03-03 06:09:49,3.568,-3.02
2022-03-03 06:09:51,3.755,-3.1430000000000002
2022-03-03 06:09:52,3.84,-3.237
2022-03-03 06:09:54,3.8120000000000003,-3.2
2022-03-03 06:09:56,3.743,-3.092
2022-03-03 06:09:57,3.564,-3.0340000000000003
2022-03-03 06:09:59,3.563,-3.024
