timestamp,differential_potential_CH1,differential_potential_CH2
2022-03-13 19:20:01,-1.211,-0.736
2022-03-13 19:20:03,-1.097,-1.28
2022-03-13 19:20:04,-0.886,-0.9410000000000001
2022-03-13 19:20:06,-1.156,-0.9490000000000001
2022-03-13 19:20:08,-0.843,-1.195
2022-03-13 19:20:09,-0.901,-1.175
2022-03-13 19:20:11,-1.211,-0.979
2022-03-13 19:20:13,-0.961,-1.086
2022-03-13 19:20:15,-0.812,-0.811
2022-03-13 19:20:16,-1.247,-1.027
2022-03-13 19:20:18,-0.8180000000000001,-0.9410000000000001
2022-03-13 19:20:20,-1.038,-0.8260000000000001
2022-03-13 19:20:22,-1.1440000000000001,-0.988
2022-03-13 19:20:23,-1.045,-0.997
2022-03-13 19:20:25,-1.25,-0.8290000000000001
2022-03-13 19:20:27,-1.241,-0.961
2022-03-13 19:20:28,-1.03,-0.988
2022-03-13 19:20:30,-1.252,-0.715
2022-03-13 19:20:32,-1.2570000000000001,-1.0190000000000001
2022-03-13 19:20:34,-0.908,-1.0090000000000001
2022-03-13 19:20:35,-1.346,-0.9520000000000001
2022-03-13 19:20:37,-0.885,-1.117
2022-03-13 19:20:39,-0.928,-1.035
2022-03-13 19:20:41,-1.149,-1.026
2022-03-13 19:20:42,-0.912,-0.916
2022-03-13 19:20:44,-1.155,-0.755
2022-03-13 19:20:46,-0.922,-1.281
2022-03-13 19:20:47,-0.9490000000000001,-0.897
2022-03-13 19:20:49,-1.113,-1.066
2022-03-13 19:20:51,-0.927,-1.242
2022-03-13 19:20:53,-0.925,-0.768
2022-03-13 19:20:54,-1.106,-0.965
2022-03-13 19:20:56,-0.978,-0.907
2022-03-13 19:20:58,-1.197,-0.754
2022-03-13 19:21:00,-0.8270000000000001,-1.1360000000000001
2022-03-13 19:21:01,-0.963,-0.855
2022-03-13 19:21:03,-1.207,-1.079
2022-03-13 19:21:05,-1.0190000000000001,-0.891
2022-03-13 19:21:06,-1.207,-0.706
2022-03-13 19:21:08,-1.082,-1.285
2022-03-13 19:21:10,-0.929,-0.936
2022-03-13 19:21:12,-1.06,-1.1340000000000001
2022-03-13 19:21:13,-0.916,-1.104
2022-03-13 19:21:15,-0.96,-1.05
2022-03-13 19:21:17,-1.103,-1.0030000000000001
2022-03-13 19:21:19,-0.8160000000000001,-1.08
2022-03-13 19:21:20,-1.272,-0.763
2022-03-13 19:21:22,-1.2,-0.999
2022-03-13 19:21:24,-0.935,-0.9580000000000001
2022-03-13 19:21:25,-1.268,-0.778
2022-03-13 19:21:27,-1.143,-1.0150000000000001
2022-03-13 19:21:29,-1.0210000000000001,-0.908
2022-03-13 19:21:31,-1.215,-0.894
2022-03-13 19:21:32,-1.084,-1.039
2022-03-13 19:21:34,-0.885,-0.982
2022-03-13 19:21:36,-1.184,-0.907
2022-03-13 19:21:38,-1.133,-0.979
2022-03-13 19:21:39,-0.996,-1.0110000000000001
2022-03-13 19:21:41,-1.055,-0.727
2022-03-13 19:21:43,-1.2,-1.101
2022-03-13 19:21:44,-0.883,-1.209
2022-03-13 19:21:46,-0.982,-0.746
2022-03-13 19:21:48,-1.124,-0.927
2022-03-13 19:21:50,-0.931,-1.283
2022-03-13 19:21:51,-1.018,-0.773
2022-03-13 19:21:53,-1.124,-1.029
2022-03-13 19:21:55,-0.93,-1.2590000000000001
2022-03-13 19:21:57,-0.963,-0.622
2022-03-13 19:21:58,-1.103,-1.012
2022-03-13 19:22:00,-0.902,-1.104
2022-03-13 19:22:02,-0.96,-1.113
2022-03-13 19:22:03,-1.108,-1.037
2022-03-13 19:22:05,-0.913,-1.151
2022-03-13 19:22:07,-0.91,-0.858
2022-03-13 19:22:09,-1.2710000000000001,-1.143
2022-03-13 19:22:10,-0.854,-0.966
2022-03-13 19:22:12,-1.058,-0.841
2022-03-13 19:22:14,-1.165,-0.961
2022-03-13 19:22:16,-0.856,-0.929
2022-03-13 19:22:17,-1.002,-0.857
2022-03-13 19:22:19,-1.283,-1.048
2022-03-13 19:22:21,-0.837,-0.98
2022-03-13 19:22:22,-1.2670000000000001,-0.866
2022-03-13 19:22:24,-1.268,-1.064
2022-03-13 19:22:26,-0.917,-0.991
2022-03-13 19:22:28,-1.266,-0.835
2022-03-13 19:22:29,-1.171,-1.012
2022-03-13 19:22:31,-0.887,-0.963
2022-03-13 19:22:33,-1.209,-0.87
2022-03-13 19:22:35,-1.124,-1.055
2022-03-13 19:22:36,-0.9410000000000001,-0.903
2022-03-13 19:22:38,-1.241,-0.8190000000000001
2022-03-13 19:22:40,-1.121,-1.018
2022-03-13 19:22:41,-0.852,-0.985
2022-03-13 19:22:43,-1.292,-0.9590000000000001
2022-03-13 19:22:45,-1.147,-0.963
2022-03-13 19:22:47,-1.0050000000000001,-0.926
2022-03-13 19:22:48,-1.173,-0.8
2022-03-13 19:22:50,-1.182,-1.004
2022-03-13 19:22:52,-0.981,-0.9380000000000001
2022-03-13 19:22:54,-1.283,-0.779
2022-03-13 19:22:55,-1.365,-0.928
2022-03-13 19:22:57,-0.895,-0.927
2022-03-13 19:22:59,-1.237,-1.115
2022-03-13 19:23:00,-0.844,-1.208
2022-03-13 19:23:02,-0.9510000000000001,-0.9380000000000001
2022-03-13 19:23:04,-1.1400000000000001,-1.102
2022-03-13 19:23:06,-0.841,-1.172
2022-03-13 19:23:07,-1.0090000000000001,-1.1
2022-03-13 19:23:09,-1.214,-1.104
2022-03-13 19:23:11,-1.043,-1.1280000000000001
2022-03-13 19:23:13,-1.24,-0.836
2022-03-13 19:23:14,-1.204,-1.244
2022-03-13 19:23:16,-1.026,-0.892
2022-03-13 19:23:18,-1.1480000000000001,-1.1280000000000001
2022-03-13 19:23:19,-0.835,-1.1280000000000001
2022-03-13 19:23:21,-1.0030000000000001,-0.742
2022-03-13 19:23:23,-1.1360000000000001,-1.075
2022-03-13 19:23:25,-0.971,-1.12
2022-03-13 19:23:26,-1.2630000000000001,-0.79
2022-03-13 19:23:28,-0.933,-1.143
2022-03-13 19:23:30,-0.98,-0.992
2022-03-13 19:23:32,-1.207,-0.999
2022-03-13 19:23:33,-0.863,-1.147
2022-03-13 19:23:35,-0.978,-0.726
2022-03-13 19:23:37,-1.231,-0.988
2022-03-13 19:23:38,-0.9380000000000001,-0.914
2022-03-13 19:23:40,-1.266,-0.927
2022-03-13 19:23:42,-1.194,-0.9390000000000001
2022-03-13 19:23:44,-0.904,-1.067
2022-03-13 19:23:45,-1.337,-0.8290000000000001
2022-03-13 19:23:47,-0.876,-1.099
2022-03-13 19:23:49,-1.034,-1.1280000000000001
2022-03-13 19:23:51,-1.097,-0.987
2022-03-13 19:23:52,-0.851,-0.91
2022-03-13 19:23:54,-1.033,-0.81
2022-03-13 19:23:56,-1.118,-0.972
2022-03-13 19:23:57,-0.919,-0.925
2022-03-13 19:23:59,-1.212,-0.911
2022-03-13 19:24:01,-1.242,-1.07
2022-03-13 19:24:03,-1.029,-1.101
2022-03-13 19:24:04,-1.1340000000000001,-0.791
2022-03-13 19:24:06,-0.9490000000000001,-1.245
2022-03-13 19:24:08,-0.908,-0.988
2022-03-13 19:24:10,-1.109,-0.905
2022-03-13 19:24:11,-0.864,-0.976
2022-03-13 19:24:13,-1.3900000000000001,-0.901
2022-03-13 19:24:15,-1.0130000000000001,-1.344
2022-03-13 19:24:16,-0.936,-0.897
2022-03-13 19:24:18,-1.168,-0.969
2022-03-13 19:24:20,-0.869,-1.196
2022-03-13 19:24:22,-0.9390000000000001,-0.748
2022-03-13 19:24:23,-1.165,-1.066
2022-03-13 19:24:25,-0.9470000000000001,-0.919
2022-03-13 19:24:27,-1.1,-0.747
2022-03-13 19:24:29,-1.149,-1.175
2022-03-13 19:24:30,-1.018,-0.924
2022-03-13 19:24:32,-1.1320000000000001,-0.9420000000000001
2022-03-13 19:24:34,-0.866,-1.165
2022-03-13 19:24:35,-0.999,-0.8290000000000001
2022-03-13 19:24:37,-1.115,-1.0130000000000001
2022-03-13 19:24:39,-1.054,-1.014
2022-03-13 19:24:41,-1.2550000000000001,-0.745
2022-03-13 19:24:42,-1.189,-1.004
2022-03-13 19:24:44,-0.917,-1.028
2022-03-13 19:24:46,-1.155,-1.053
2022-03-13 19:24:48,-0.991,-1.314
2022-03-13 19:24:49,-0.9450000000000001,-0.792
2022-03-13 19:24:51,-1.336,-0.969
2022-03-13 19:24:53,-0.847,-0.984
2022-03-13 19:24:54,-1.0030000000000001,-0.767
2022-03-13 19:24:56,-1.145,-1.016
2022-03-13 19:24:58,-0.913,-0.9400000000000001
2022-03-13 19:25:00,-1.324,-0.761
2022-03-13 19:25:01,-1.114,-0.983
2022-03-13 19:25:03,-0.972,-0.933
2022-03-13 19:25:05,-1.218,-0.882
2022-03-13 19:25:07,-1.206,-0.927
2022-03-13 19:25:08,-1.0150000000000001,-0.982
2022-03-13 19:25:10,-1.272,-0.886
2022-03-13 19:25:12,-1.074,-1.088
2022-03-13 19:25:13,-0.856,-0.9500000000000001
2022-03-13 19:25:15,-1.169,-0.8210000000000001
2022-03-13 19:25:17,-1.186,-1.012
2022-03-13 19:25:19,-0.921,-1.054
2022-03-13 19:25:20,-0.986,-0.934
2022-03-13 19:25:22,-1.127,-1.012
2022-03-13 19:25:24,-0.887,-0.998
2022-03-13 19:25:26,-1.343,-0.919
2022-03-13 19:25:27,-1.086,-1.035
2022-03-13 19:25:29,-0.913,-0.971
2022-03-13 19:25:31,-1.044,-0.805
2022-03-13 19:25:32,-1.292,-0.989
2022-03-13 19:25:34,-0.837,-0.93
2022-03-13 19:25:36,-0.934,-0.861
2022-03-13 19:25:38,-1.222,-0.971
2022-03-13 19:25:39,-0.9530000000000001,-1.172
2022-03-13 19:25:41,-0.893,-0.984
2022-03-13 19:25:43,-1.1500000000000001,-1.04
2022-03-13 19:25:44,-0.974,-1.233
2022-03-13 19:25:46,-0.925,-0.779
2022-03-13 19:25:48,-1.1400000000000001,-1.025
2022-03-13 19:25:50,-0.9550000000000001,-1.161
2022-03-13 19:25:51,-0.916,-0.914
2022-03-13 19:25:53,-1.07,-1.0190000000000001
2022-03-13 19:25:55,-1.0010000000000001,-1.324
2022-03-13 19:25:57,-0.963,-0.785
2022-03-13 19:25:58,-1.189,-0.964
2022-03-13 19:26:00,-1.0010000000000001,-1.258
2022-03-13 19:26:02,-1.0070000000000001,-0.754
2022-03-13 19:26:03,-1.291,-1.057
2022-03-13 19:26:05,-0.89,-0.927
2022-03-13 19:26:07,-1.1280000000000001,-0.766
2022-03-13 19:26:09,-1.107,-1.033
2022-03-13 19:26:10,-0.991,-0.9460000000000001
2022-03-13 19:26:12,-1.303,-0.9550000000000001
2022-03-13 19:26:14,-1.129,-0.987
2022-03-13 19:26:16,-0.924,-1.0030000000000001
2022-03-13 19:26:17,-1.135,-1.043
2022-03-13 19:26:19,-0.877,-1.173
2022-03-13 19:26:21,-0.99,-0.805
2022-03-13 19:26:22,-1.065,-0.973
2022-03-13 19:26:24,-1.025,-1.044
2022-03-13 19:26:26,-1.124,-0.9410000000000001
2022-03-13 19:26:28,-0.839,-0.965
2022-03-13 19:26:29,-1.302,-0.773
2022-03-13 19:26:31,-1.077,-1.004
2022-03-13 19:26:33,-1.0030000000000001,-0.936
2022-03-13 19:26:35,-1.095,-1.026
2022-03-13 19:26:36,-0.9440000000000001,-1.276
2022-03-13 19:26:38,-0.9460000000000001,-0.737
2022-03-13 19:26:40,-1.202,-1.064
2022-03-13 19:26:41,-1.054,-0.9430000000000001
2022-03-13 19:26:43,-1.284,-0.888
2022-03-13 19:26:45,-0.851,-1.17
2022-03-13 19:26:47,-1.105,-1.043
2022-03-13 19:26:48,-1.08,-0.988
2022-03-13 19:26:50,-1.043,-1.2650000000000001
2022-03-13 19:26:52,-0.976,-0.802
2022-03-13 19:26:54,-1.1360000000000001,-1.139
2022-03-13 19:26:55,-1.09,-0.974
2022-03-13 19:26:57,-1.173,-0.8320000000000001
2022-03-13 19:26:59,-1.186,-0.9570000000000001
2022-03-13 19:27:00,-0.901,-1.043
2022-03-13 19:27:02,-1.2710000000000001,-0.759
2022-03-13 19:27:04,-1.064,-1.219
2022-03-13 19:27:06,-0.993,-1.11
2022-03-13 19:27:07,-1.145,-1.0030000000000001
2022-03-13 19:27:09,-0.997,-1.249
2022-03-13 19:27:11,-0.978,-0.788
2022-03-13 19:27:13,-1.163,-1.1260000000000001
2022-03-13 19:27:14,-0.9590000000000001,-0.9430000000000001
2022-03-13 19:27:16,-1.28,-0.792
2022-03-13 19:27:18,-1.107,-1.0230000000000001
2022-03-13 19:27:19,-0.983,-1.094
2022-03-13 19:27:21,-1.235,-0.789
2022-03-13 19:27:23,-1.165,-1.2570000000000001
2022-03-13 19:27:25,-0.883,-0.9520000000000001
2022-03-13 19:27:26,-1.2730000000000001,-0.843
2022-03-13 19:27:28,-0.871,-1.17
2022-03-13 19:27:30,-0.988,-1.07
2022-03-13 19:27:32,-1.218,-0.9570000000000001
2022-03-13 19:27:33,-0.844,-0.988
2022-03-13 19:27:35,-1.181,-0.726
2022-03-13 19:27:37,-1.292,-1.024
2022-03-13 19:27:38,-0.928,-1.077
2022-03-13 19:27:40,-1.183,-0.991
2022-03-13 19:27:42,-0.931,-1.004
2022-03-13 19:27:44,-1.305,-0.991
2022-03-13 19:27:45,-1.301,-1.016
2022-03-13 19:27:47,-0.974,-0.986
2022-03-13 19:27:49,-1.025,-1.187
2022-03-13 19:27:51,-0.911,-1.091
2022-03-13 19:27:52,-1.056,-0.805
2022-03-13 19:27:54,-1.141,-0.918
2022-03-13 19:27:56,-0.916,-0.9470000000000001
2022-03-13 19:27:57,-1.1520000000000001,-1.101
2022-03-13 19:27:59,-0.933,-1.238
2022-03-13 19:28:01,-0.919,-0.805
2022-03-13 19:28:03,-1.229,-1.0010000000000001
2022-03-13 19:28:04,-0.904,-0.986
2022-03-13 19:28:06,-1.091,-0.893
2022-03-13 19:28:08,-1.074,-0.986
2022-03-13 19:28:10,-1.0070000000000001,-1.047
2022-03-13 19:28:11,-1.211,-0.775
2022-03-13 19:28:13,-1.045,-1.244
2022-03-13 19:28:15,-0.935,-0.936
2022-03-13 19:28:16,-1.237,-0.859
2022-03-13 19:28:18,-0.856,-1.1340000000000001
2022-03-13 19:28:20,-1.0010000000000001,-0.888
2022-03-13 19:28:22,-1.225,-1.119
2022-03-13 19:28:23,-0.935,-0.9550000000000001
2022-03-13 19:28:25,-1.043,-0.804
2022-03-13 19:28:27,-0.839,-1.111
2022-03-13 19:28:29,-0.922,-1.018
2022-03-13 19:28:30,-1.194,-1.164
2022-03-13 19:28:32,-0.77,-0.994
2022-03-13 19:28:34,-1.1320000000000001,-0.8150000000000001
2022-03-13 19:28:35,-0.858,-1.1400000000000001
2022-03-13 19:28:37,-0.881,-0.851
2022-03-13 19:28:39,-1.227,-0.998
2022-03-13 19:28:41,-1.036,-0.937
2022-03-13 19:28:42,-1.195,-0.807
2022-03-13 19:28:44,-0.918,-1.2530000000000001
2022-03-13 19:28:46,-0.9460000000000001,-0.9520000000000001
2022-03-13 19:28:48,-1.164,-1.083
2022-03-13 19:28:49,-0.755,-1.154
2022-03-13 19:28:51,-1.056,-1.029
2022-03-13 19:28:53,-1.127,-1.028
2022-03-13 19:28:54,-0.864,-1.34
2022-03-13 19:28:56,-0.899,-0.836
2022-03-13 19:28:58,-1.137,-0.705
2022-03-13 19:29:00,-0.965,-1.064
2022-03-13 19:29:01,-1.315,-0.721
2022-03-13 19:29:03,-0.895,-1.122
2022-03-13 19:29:05,-0.979,-1.034
2022-03-13 19:29:07,-1.131,-0.909
2022-03-13 19:29:08,-0.857,-0.896
2022-03-13 19:29:10,-1.154,-0.79
2022-03-13 19:29:12,-1.088,-0.98
2022-03-13 19:29:13,-0.9500000000000001,-1.038
2022-03-13 19:29:15,-1.292,-0.729
2022-03-13 19:29:17,-0.8200000000000001,-1.135
2022-03-13 19:29:19,-0.996,-0.98
2022-03-13 19:29:20,-1.162,-0.924
2022-03-13 19:29:22,-1.004,-1.183
2022-03-13 19:29:24,-0.912,-0.846
2022-03-13 19:29:26,-1.121,-1.042
2022-03-13 19:29:27,-0.911,-0.995
2022-03-13 19:29:29,-1.2570000000000001,-1.057
2022-03-13 19:29:31,-0.907,-1.19
2022-03-13 19:29:32,-0.9510000000000001,-0.974
2022-03-13 19:29:34,-1.139,-0.973
2022-03-13 19:29:36,-0.9420000000000001,-1.086
2022-03-13 19:29:38,-1.038,-0.74
2022-03-13 19:29:39,-1.071,-1.102
2022-03-13 19:29:41,-0.9470000000000001,-0.99
2022-03-13 19:29:43,-1.145,-0.804
2022-03-13 19:29:45,-0.799,-1.17
2022-03-13 19:29:46,-0.96,-0.789
2022-03-13 19:29:48,-1.213,-1.061
2022-03-13 19:29:50,-1.03,-0.962
2022-03-13 19:29:51,-1.25,-0.793
2022-03-13 19:29:53,-1.117,-1.2590000000000001
2022-03-13 19:29:55,-1.033,-0.889
2022-03-13 19:29:57,-1.097,-1.1
2022-03-13 19:29:58,-0.9460000000000001,-1.274
2022-03-13 19:30:00,-0.975,-0.8210000000000001
2022-03-13 19:30:02,-1.186,-1.0210000000000001
2022-03-13 19:30:04,-0.872,-0.972
2022-03-13 19:30:05,-1.2530000000000001,-0.9390000000000001
2022-03-13 19:30:07,-1.158,-0.9410000000000001
2022-03-13 19:30:09,-0.986,-1.108
2022-03-13 19:30:10,-1.245,-0.862
2022-03-13 19:30:12,-1.17,-1.027
2022-03-13 19:30:14,-0.849,-0.987
2022-03-13 19:30:16,-1.162,-0.849
2022-03-13 19:30:17,-1.313,-1.052
2022-03-13 19:30:19,-0.9390000000000001,-0.977
2022-03-13 19:30:21,-1.351,-0.748
2022-03-13 19:30:23,-0.87,-1.325
2022-03-13 19:30:24,-0.863,-0.988
2022-03-13 19:30:26,-1.186,-0.759
2022-03-13 19:30:28,-1.18,-1.192
2022-03-13 19:30:29,-0.981,-0.932
2022-03-13 19:30:31,-1.254,-0.794
2022-03-13 19:30:33,-0.843,-1.228
2022-03-13 19:30:35,-0.973,-1.063
2022-03-13 19:30:36,-1.2610000000000001,-0.749
2022-03-13 19:30:38,-1.17,-0.9580000000000001
2022-03-13 19:30:40,-0.973,-0.967
2022-03-13 19:30:42,-1.198,-0.784
2022-03-13 19:30:43,-1.2510000000000001,-0.9560000000000001
2022-03-13 19:30:45,-1.095,-1.035
2022-03-13 19:30:47,-1.228,-0.9380000000000001
2022-03-13 19:30:48,-1.041,-1.004
2022-03-13 19:30:50,-1.014,-1.008
2022-03-13 19:30:52,-1.236,-0.903
2022-03-13 19:30:54,-1.18,-0.996
2022-03-13 19:30:55,-0.93,-0.934
2022-03-13 19:30:57,-1.216,-0.8190000000000001
2022-03-13 19:30:59,-0.8310000000000001,-1.241
2022-03-13 19:31:01,-0.985,-0.973
2022-03-13 19:31:02,-1.189,-1.107
2022-03-13 19:31:04,-0.901,-1.231
2022-03-13 19:31:06,-1.0050000000000001,-0.976
2022-03-13 19:31:07,-1.205,-1.0130000000000001
2022-03-13 19:31:09,-0.835,-1.116
2022-03-13 19:31:11,-1.0210000000000001,-1.039
2022-03-13 19:31:13,-1.158,-1.125
2022-03-13 19:31:14,-0.792,-1.1440000000000001
2022-03-13 19:31:16,-0.9420000000000001,-0.988
2022-03-13 19:31:18,-1.151,-1.048
2022-03-13 19:31:20,-0.924,-1.117
2022-03-13 19:31:21,-0.933,-0.978
2022-03-13 19:31:23,-1.256,-1.118
2022-03-13 19:31:25,-0.884,-1.1340000000000001
2022-03-13 19:31:26,-1.047,-1.094
2022-03-13 19:31:28,-1.201,-0.921
2022-03-13 19:31:30,-0.861,-1.196
2022-03-13 19:31:32,-0.9420000000000001,-0.914
2022-03-13 19:31:33,-1.2590000000000001,-0.932
2022-03-13 19:31:35,-0.89,-1.104
2022-03-13 19:31:37,-0.96,-0.837
2022-03-13 19:31:39,-1.1440000000000001,-1.044
2022-03-13 19:31:40,-0.851,-1.012
2022-03-13 19:31:42,-1.387,-0.849
2022-03-13 19:31:44,-1.115,-0.997
2022-03-13 19:31:45,-1.014,-1.014
2022-03-13 19:31:47,-1.252,-0.839
2022-03-13 19:31:49,-0.8270000000000001,-1.162
2022-03-13 19:31:51,-1.031,-1.0190000000000001
2022-03-13 19:31:52,-1.083,-0.997
2022-03-13 19:31:54,-0.801,-1.1440000000000001
2022-03-13 19:31:56,-1.2750000000000001,-0.8250000000000001
2022-03-13 19:31:58,-1.068,-0.901
2022-03-13 19:31:59,-0.875,-0.986
2022-03-13 19:32:01,-1.235,-0.8260000000000001
2022-03-13 19:32:03,-0.905,-1.1380000000000001
2022-03-13 19:32:04,-0.875,-0.782
2022-03-13 19:32:06,-1.127,-1.006
2022-03-13 19:32:08,-0.924,-1.0130000000000001
2022-03-13 19:32:10,-1.2630000000000001,-0.759
2022-03-13 19:32:11,-0.775,-1.16
2022-03-13 19:32:13,-0.9390000000000001,-0.8270000000000001
2022-03-13 19:32:15,-1.1280000000000001,-1.1420000000000001
2022-03-13 19:32:17,-0.895,-0.9540000000000001
2022-03-13 19:32:18,-1.155,-0.886
2022-03-13 19:32:20,-1.045,-1.0010000000000001
2022-03-13 19:32:22,-0.871,-0.976
2022-03-13 19:32:23,-1.1440000000000001,-0.8320000000000001
2022-03-13 19:32:25,-1.166,-1.2
2022-03-13 19:32:27,-0.9,-1.079
2022-03-13 19:32:29,-1.139,-1.1420000000000001
2022-03-13 19:32:30,-0.748,-1.205
2022-03-13 19:32:32,-1.066,-1.049
2022-03-13 19:32:34,-1.034,-1.002
2022-03-13 19:32:36,-0.963,-1.2670000000000001
2022-03-13 19:32:37,-0.99,-0.788
2022-03-13 19:32:39,-1.183,-1.183
2022-03-13 19:32:41,-0.8220000000000001,-0.9410000000000001
2022-03-13 19:32:42,-1.1480000000000001,-0.738
2022-03-13 19:32:44,-1.163,-0.9400000000000001
2022-03-13 19:32:46,-0.907,-0.931
2022-03-13 19:32:48,-1.213,-0.793
2022-03-13 19:32:49,-0.9430000000000001,-1.106
2022-03-13 19:32:51,-1.057,-1.076
2022-03-13 19:32:53,-1.167,-0.972
2022-03-13 19:32:54,-1.012,-1.212
2022-03-13 19:32:56,-0.913,-0.882
2022-03-13 19:32:58,-1.082,-1.065
2022-03-13 19:33:00,-0.8240000000000001,-1.151
2022-03-13 19:33:01,-1.006,-1.1
2022-03-13 19:33:03,-1.164,-0.9560000000000001
2022-03-13 19:33:05,-0.836,-1.143
2022-03-13 19:33:07,-0.932,-0.753
2022-03-13 19:33:08,-1.117,-1.06
2022-03-13 19:33:10,-0.863,-0.9390000000000001
2022-03-13 19:33:12,-0.968,-0.798
2022-03-13 19:33:13,-1.179,-1.056
2022-03-13 19:33:15,-0.838,-1.096
2022-03-13 19:33:17,-0.973,-0.8310000000000001
2022-03-13 19:33:19,-1.068,-0.968
2022-03-13 19:33:20,-0.881,-0.934
2022-03-13 19:33:22,-1.187,-0.705
2022-03-13 19:33:24,-1.147,-1.125
2022-03-13 19:33:26,-0.905,-0.872
2022-03-13 19:33:27,-1.129,-0.852
2022-03-13 19:33:29,-1.08,-1.067
2022-03-13 19:33:31,-0.932,-0.965
2022-03-13 19:33:32,-1.207,-0.984
2022-03-13 19:33:34,-1.1440000000000001,-1.108
2022-03-13 19:33:36,-1.097,-1.029
2022-03-13 19:33:38,-1.2590000000000001,-0.751
2022-03-13 19:33:39,-1.16,-0.909
2022-03-13 19:33:41,-0.892,-0.9490000000000001
2022-03-13 19:33:43,-1.151,-0.8160000000000001
2022-03-13 19:33:45,-0.916,-1.178
2022-03-13 19:33:46,-0.933,-0.998
2022-03-13 19:33:48,-1.122,-0.927
2022-03-13 19:33:50,-0.92,-0.967
2022-03-13 19:33:51,-1.203,-0.852
2022-03-13 19:33:53,-1.343,-0.999
2022-03-13 19:33:55,-0.993,-0.907
2022-03-13 19:33:57,-1.236,-1.172
2022-03-13 19:33:58,-0.965,-1.252
2022-03-13 19:34:00,-1.0130000000000001,-0.867
2022-03-13 19:34:02,-1.226,-1.043
2022-03-13 19:34:04,-0.833,-0.998
2022-03-13 19:34:05,-1.239,-0.961
2022-03-13 19:34:07,-1.151,-1.256
2022-03-13 19:34:09,-1.046,-0.937
2022-03-13 19:34:10,-1.231,-0.9470000000000001
2022-03-13 19:34:12,-0.92,-0.935
2022-03-13 19:34:14,-1.332,-0.914
2022-03-13 19:34:16,-1.06,-1.0070000000000001
2022-03-13 19:34:17,-0.977,-1.179
2022-03-13 19:34:19,-1.229,-0.834
2022-03-13 19:34:21,-0.88,-1.151
2022-03-13 19:34:23,-0.9560000000000001,-1.024
2022-03-13 19:34:24,-1.182,-1.041
2022-03-13 19:34:26,-0.838,-1.1260000000000001
2022-03-13 19:34:28,-1.046,-1.1
2022-03-13 19:34:29,-1.158,-0.907
2022-03-13 19:34:31,-0.915,-1.2690000000000001
2022-03-13 19:34:33,-1.101,-0.869
2022-03-13 19:34:35,-1.098,-1.048
2022-03-13 19:34:36,-0.883,-0.905
2022-03-13 19:34:38,-1.31,-0.799
2022-03-13 19:34:40,-1.1340000000000001,-1.0190000000000001
2022-03-13 19:34:42,-0.841,-0.9470000000000001
2022-03-13 19:34:43,-1.362,-0.914
2022-03-13 19:34:45,-1.212,-0.9550000000000001
2022-03-13 19:34:47,-1.072,-0.998
2022-03-13 19:34:48,-1.2510000000000001,-0.776
2022-03-13 19:34:50,-1.181,-1.054
2022-03-13 19:34:52,-0.876,-0.9470000000000001
2022-03-13 19:34:54,-1.338,-0.844
2022-03-13 19:34:55,-1.19,-1.23
2022-03-13 19:34:57,-0.914,-0.935
2022-03-13 19:34:59,-1.177,-1.107
2022-03-13 19:35:01,-0.9560000000000001,-1.117
2022-03-13 19:35:02,-0.915,-0.774
2022-03-13 19:35:04,-1.072,-1.074
2022-03-13 19:35:06,-0.838,-1.033
2022-03-13 19:35:07,-1.302,-0.89
2022-03-13 19:35:09,-1.121,-1.032
2022-03-13 19:35:11,-0.91,-0.9420000000000001
2022-03-13 19:35:13,-1.19,-1.069
2022-03-13 19:35:14,-0.906,-1.12
2022-03-13 19:35:16,-1.0010000000000001,-0.966
2022-03-13 19:35:18,-1.164,-0.999
2022-03-13 19:35:20,-0.851,-1.233
2022-03-13 19:35:21,-0.992,-0.931
2022-03-13 19:35:23,-1.093,-1.01
2022-03-13 19:35:25,-1.055,-1.1300000000000001
2022-03-13 19:35:26,-0.9450000000000001,-0.8
2022-03-13 19:35:28,-1.1360000000000001,-0.999
2022-03-13 19:35:30,-0.923,-1.135
2022-03-13 19:35:32,-1.055,-1.106
2022-03-13 19:35:33,-1.115,-0.976
2022-03-13 19:35:35,-0.929,-1.131
2022-03-13 19:35:37,-1.048,-1.088
2022-03-13 19:35:39,-1.171,-1.016
2022-03-13 19:35:40,-0.986,-1.123
2022-03-13 19:35:42,-0.972,-0.796
2022-03-13 19:35:44,-1.035,-1.11
2022-03-13 19:35:45,-0.8220000000000001,-1.187
2022-03-13 19:35:47,-1.069,-0.761
2022-03-13 19:35:49,-1.24,-1.133
2022-03-13 19:35:51,-0.88,-1.002
2022-03-13 19:35:52,-1.183,-0.77
2022-03-13 19:35:54,-1.1260000000000001,-1.027
2022-03-13 19:35:56,-1.027,-1.065
2022-03-13 19:35:58,-1.198,-0.8190000000000001
2022-03-13 19:35:59,-0.9560000000000001,-1.163
2022-03-13 19:36:01,-0.986,-0.875
2022-03-13 19:36:03,-1.298,-1.049
2022-03-13 19:36:04,-0.845,-1.17
2022-03-13 19:36:06,-0.999,-0.911
2022-03-13 19:36:08,-1.286,-0.8150000000000001
2022-03-13 19:36:10,-0.899,-1.184
2022-03-13 19:36:11,-0.981,-0.993
2022-03-13 19:36:13,-1.183,-1.168
2022-03-13 19:36:15,-0.9490000000000001,-1.185
2022-03-13 19:36:17,-0.986,-0.93
2022-03-13 19:36:18,-1.071,-1.067
2022-03-13 19:36:20,-0.913,-0.935
2022-03-13 19:36:22,-1.226,-0.811
2022-03-13 19:36:23,-0.916,-1.203
2022-03-13 19:36:25,-1.037,-1.08
2022-03-13 19:36:27,-1.164,-0.984
2022-03-13 19:36:29,-0.995,-1.246
2022-03-13 19:36:30,-1.366,-0.868
2022-03-13 19:36:32,-1.116,-1.054
2022-03-13 19:36:34,-1.037,-1.114
2022-03-13 19:36:36,-1.317,-1.037
2022-03-13 19:36:37,-0.891,-1.127
2022-03-13 19:36:39,-0.9540000000000001,-0.76
2022-03-13 19:36:41,-1.202,-1.119
2022-03-13 19:36:42,-1.014,-0.9490000000000001
2022-03-13 19:36:44,-1.221,-0.85
2022-03-13 19:36:46,-1.289,-1.056
2022-03-13 19:36:48,-1.0150000000000001,-0.87
2022-03-13 19:36:49,-1.135,-1.149
2022-03-13 19:36:51,-0.921,-1.2690000000000001
2022-03-13 19:36:53,-1.027,-0.71
2022-03-13 19:36:55,-1.058,-1.039
2022-03-13 19:36:56,-1.0090000000000001,-1.101
2022-03-13 19:36:58,-1.249,-0.756
2022-03-13 19:37:00,-0.921,-1.184
2022-03-13 19:37:01,-1.056,-1.085
2022-03-13 19:37:03,-1.1520000000000001,-0.976
2022-03-13 19:37:05,-0.915,-0.995
2022-03-13 19:37:07,-1.193,-0.8300000000000001
2022-03-13 19:37:08,-0.889,-1.124
2022-03-13 19:37:10,-0.9580000000000001,-1.027
2022-03-13 19:37:12,-1.2530000000000001,-1.118
2022-03-13 19:37:14,-0.912,-0.977
2022-03-13 19:37:15,-1.262,-0.795
2022-03-13 19:37:17,-1.158,-0.9550000000000001
2022-03-13 19:37:19,-0.88,-0.978
2022-03-13 19:37:20,-1.158,-1.166
2022-03-13 19:37:22,-0.968,-1.19
2022-03-13 19:37:24,-0.922,-0.8240000000000001
2022-03-13 19:37:26,-1.168,-1.187
2022-03-13 19:37:27,-0.908,-0.904
2022-03-13 19:37:29,-1.169,-0.754
2022-03-13 19:37:31,-0.936,-1.322
2022-03-13 19:37:33,-1.085,-1.082
2022-03-13 19:37:34,-1.037,-1.004
2022-03-13 19:37:36,-1.0210000000000001,-1.239
2022-03-13 19:37:38,-1.276,-0.972
2022-03-13 19:37:39,-1.217,-0.9520000000000001
2022-03-13 19:37:41,-0.992,-1.057
2022-03-13 19:37:43,-1.124,-1.008
2022-03-13 19:37:45,-1.047,-1.0050000000000001
2022-03-13 19:37:46,-1.145,-0.783
2022-03-13 19:37:48,-0.911,-1.229
2022-03-13 19:37:50,-0.9460000000000001,-0.885
2022-03-13 19:37:52,-1.104,-0.932
2022-03-13 19:37:53,-0.917,-0.969
2022-03-13 19:37:55,-1.288,-0.964
2022-03-13 19:37:57,-1.179,-1.043
2022-03-13 19:37:58,-0.9470000000000001,-0.9540000000000001
2022-03-13 19:38:00,-1.286,-0.804
2022-03-13 19:38:02,-0.858,-1.117
2022-03-13 19:38:04,-0.976,-1.065
2022-03-13 19:38:05,-1.05,-1.032
2022-03-13 19:38:07,-0.88,-1.218
2022-03-13 19:38:09,-0.877,-0.782
2022-03-13 19:38:11,-1.163,-1.124
2022-03-13 19:38:12,-0.981,-0.93
2022-03-13 19:38:14,-1.184,-0.846
2022-03-13 19:38:16,-0.9,-1.184
2022-03-13 19:38:17,-1.031,-1.182
2022-03-13 19:38:19,-1.114,-1.012
2022-03-13 19:38:21,-0.9590000000000001,-1.244
2022-03-13 19:38:23,-0.975,-0.882
2022-03-13 19:38:24,-1.247,-0.877
2022-03-13 19:38:26,-0.882,-0.9540000000000001
2022-03-13 19:38:28,-1.232,-0.8260000000000001
2022-03-13 19:38:30,-0.882,-1.208
2022-03-13 19:38:31,-1.065,-1.1380000000000001
2022-03-13 19:38:33,-1.214,-1.061
2022-03-13 19:38:35,-0.897,-1.022
2022-03-13 19:38:36,-1.254,-0.737
2022-03-13 19:38:38,-1.163,-0.974
2022-03-13 19:38:40,-1.117,-1.0030000000000001
2022-03-13 19:38:42,-1.197,-0.808
2022-03-13 19:38:43,-1.123,-1.186
2022-03-13 19:38:45,-1.031,-1.1480000000000001
2022-03-13 19:38:47,-1.147,-1.03
2022-03-13 19:38:49,-1.077,-0.979
2022-03-13 19:38:50,-1.213,-0.808
2022-03-13 19:38:52,-0.935,-1.266
2022-03-13 19:38:54,-1.063,-1.082
2022-03-13 19:38:55,-1.178,-1.131
2022-03-13 19:38:57,-0.838,-0.908
2022-03-13 19:38:59,-1.219,-0.833
2022-03-13 19:39:01,-1.169,-1.004
2022-03-13 19:39:02,-1.042,-1.041
2022-03-13 19:39:04,-1.203,-0.875
2022-03-13 19:39:06,-0.961,-1.1360000000000001
2022-03-13 19:39:07,-0.987,-0.9470000000000001
2022-03-13 19:39:09,-1.111,-0.96
2022-03-13 19:39:11,-0.9390000000000001,-1.222
2022-03-13 19:39:13,-1.027,-0.866
2022-03-13 19:39:14,-1.226,-1.046
2022-03-13 19:39:16,-1.049,-1.0110000000000001
2022-03-13 19:39:18,-1.175,-0.886
2022-03-13 19:39:20,-0.875,-1.237
2022-03-13 19:39:21,-0.888,-0.9500000000000001
2022-03-13 19:39:23,-1.19,-1.118
2022-03-13 19:39:25,-0.937,-1.154
2022-03-13 19:39:26,-1.048,-1.087
2022-03-13 19:39:28,-1.1520000000000001,-1.012
2022-03-13 19:39:30,-0.965,-1.292
2022-03-13 19:39:32,-0.974,-0.8270000000000001
2022-03-13 19:39:33,-1.127,-0.961
2022-03-13 19:39:35,-0.929,-1.062
2022-03-13 19:39:37,-1.224,-1.047
2022-03-13 19:39:39,-0.847,-1.047
2022-03-13 19:39:40,-1.19,-0.901
2022-03-13 19:39:42,-0.905,-1.083
2022-03-13 19:39:44,-0.907,-1.046
2022-03-13 19:39:45,-1.172,-0.963
2022-03-13 19:39:47,-0.863,-0.994
2022-03-13 19:39:49,-1.177,-0.874
2022-03-13 19:39:51,-1.077,-1.035
2022-03-13 19:39:52,-1.072,-0.972
2022-03-13 19:39:54,-1.1360000000000001,-1.031
2022-03-13 19:39:56,-0.931,-0.904
2022-03-13 19:39:58,-1.199,-0.91
2022-03-13 19:39:59,-1.185,-1.066
2022-03-13 19:40:01,-0.909,-1.035
2022-03-13 19:40:03,-1.087,-1.056
2022-03-13 19:40:04,-0.913,-1.173
2022-03-13 19:40:06,-0.988,-0.794
2022-03-13 19:40:08,-1.216,-1.153
2022-03-13 19:40:10,-0.781,-0.929
2022-03-13 19:40:11,-1.408,-0.976
2022-03-13 19:40:13,-1.137,-0.997
2022-03-13 19:40:15,-1.082,-1.095
2022-03-13 19:40:17,-1.2570000000000001,-0.8310000000000001
2022-03-13 19:40:18,-0.929,-1.131
2022-03-13 19:40:20,-0.988,-0.987
2022-03-13 19:40:22,-1.176,-0.985
2022-03-13 19:40:23,-0.812,-0.858
2022-03-13 19:40:25,-1.313,-0.92
2022-03-13 19:40:27,-1.086,-1.031
2022-03-13 19:40:29,-1.069,-0.986
2022-03-13 19:40:30,-1.287,-0.8180000000000001
2022-03-13 19:40:32,-0.98,-1.377
2022-03-13 19:40:34,-1.038,-1.099
2022-03-13 19:40:36,-1.171,-1.073
2022-03-13 19:40:37,-0.842,-1.018
2022-03-13 19:40:39,-1.192,-0.8180000000000001
2022-03-13 19:40:41,-0.882,-1.175
2022-03-13 19:40:42,-1.004,-1.145
2022-03-13 19:40:44,-1.176,-0.969
2022-03-13 19:40:46,-1.0090000000000001,-1.252
2022-03-13 19:40:48,-0.93,-0.758
2022-03-13 19:40:49,-1.293,-1.004
2022-03-13 19:40:51,-0.911,-0.9500000000000001
2022-03-13 19:40:53,-1.227,-0.9510000000000001
2022-03-13 19:40:55,-0.905,-1.214
2022-03-13 19:40:56,-0.888,-0.986
2022-03-13 19:40:58,-1.125,-0.982
2022-03-13 19:41:00,-0.858,-1.0150000000000001
2022-03-13 19:41:01,-1.2,-0.968
2022-03-13 19:41:03,-1.058,-1.311
2022-03-13 19:41:05,-1.285,-0.836
2022-03-13 19:41:07,-1.104,-1.058
2022-03-13 19:41:08,-0.924,-0.904
2022-03-13 19:41:10,-1.067,-1.039
2022-03-13 19:41:12,-1.006,-0.963
2022-03-13 19:41:14,-1.2530000000000001,-0.749
2022-03-13 19:41:15,-0.96,-1.202
2022-03-13 19:41:17,-0.907,-0.894
2022-03-13 19:41:19,-1.166,-0.996
2022-03-13 19:41:20,-0.88,-0.987
2022-03-13 19:41:22,-1.2510000000000001,-0.88
2022-03-13 19:41:24,-1.315,-0.99
2022-03-13 19:41:26,-0.887,-0.971
2022-03-13 19:41:27,-1.215,-1.175
2022-03-13 19:41:29,-0.863,-1.181
2022-03-13 19:41:31,-0.936,-0.796
2022-03-13 19:41:33,-1.166,-1.07
2022-03-13 19:41:34,-0.984,-1.046
2022-03-13 19:41:36,-1.334,-0.912
2022-03-13 19:41:38,-1.2570000000000001,-1.178
2022-03-13 19:41:39,-0.934,-0.9420000000000001
2022-03-13 19:41:41,-1.203,-1.119
2022-03-13 19:41:43,-0.914,-1.028
2022-03-13 19:41:45,-1.233,-0.727
2022-03-13 19:41:46,-0.925,-1.156
2022-03-13 19:41:48,-0.972,-1.042
2022-03-13 19:41:50,-1.266,-1.155
2022-03-13 19:41:52,-0.994,-1.088
2022-03-13 19:41:53,-1.181,-0.8160000000000001
2022-03-13 19:41:55,-0.883,-1.192
2022-03-13 19:41:57,-1.004,-0.856
2022-03-13 19:41:58,-1.1440000000000001,-0.999
2022-03-13 19:42:00,-1.062,-0.924
2022-03-13 19:42:02,-1.159,-0.982
2022-03-13 19:42:04,-0.884,-0.973
2022-03-13 19:42:05,-1.2510000000000001,-0.8290000000000001
2022-03-13 19:42:07,-1.075,-1.329
2022-03-13 19:42:09,-0.9440000000000001,-0.971
2022-03-13 19:42:11,-1.183,-0.963
2022-03-13 19:42:12,-0.913,-1.097
2022-03-13 19:42:14,-1.329,-0.871
2022-03-13 19:42:16,-1.244,-1.0170000000000001
2022-03-13 19:42:17,-1.0130000000000001,-0.961
2022-03-13 19:42:19,-1.245,-1.1460000000000001
2022-03-13 19:42:21,-0.8320000000000001,-1.087
2022-03-13 19:42:23,-0.909,-0.925
2022-03-13 19:42:24,-1.264,-1.1320000000000001
2022-03-13 19:42:26,-0.844,-1.022
2022-03-13 19:42:28,-1.157,-0.913
2022-03-13 19:42:30,-1.234,-1.096
2022-03-13 19:42:31,-1.02,-1.012
2022-03-13 19:42:33,-1.083,-1.047
2022-03-13 19:42:35,-0.9380000000000001,-0.978
2022-03-13 19:42:36,-1.225,-0.767
2022-03-13 19:42:38,-0.888,-1.191
2022-03-13 19:42:40,-0.918,-1.098
2022-03-13 19:42:42,-1.069,-1.031
2022-03-13 19:42:43,-0.96,-0.931
2022-03-13 19:42:45,-1.168,-0.916
2022-03-13 19:42:47,-1.161,-0.97
2022-03-13 19:42:49,-1.0,-0.984
2022-03-13 19:42:50,-1.114,-0.998
2022-03-13 19:42:52,-0.988,-1.102
2022-03-13 19:42:54,-0.994,-0.8
2022-03-13 19:42:55,-1.187,-1.031
2022-03-13 19:42:57,-0.975,-1.025
2022-03-13 19:42:59,-1.291,-0.76
2022-03-13 19:43:01,-0.81,-1.151
2022-03-13 19:43:02,-1.0050000000000001,-1.106
2022-03-13 19:43:04,-1.292,-0.988
2022-03-13 19:43:06,-0.994,-0.9450000000000001
2022-03-13 19:43:08,-1.25,-0.8260000000000001
2022-03-13 19:43:09,-0.851,-1.171
2022-03-13 19:43:11,-1.039,-1.032
2022-03-13 19:43:13,-1.156,-1.028
2022-03-13 19:43:14,-0.919,-0.963
2022-03-13 19:43:16,-1.3800000000000001,-0.968
2022-03-13 19:43:18,-1.157,-1.004
2022-03-13 19:43:20,-0.961,-1.008
2022-03-13 19:43:21,-1.258,-1.078
2022-03-13 19:43:23,-0.833,-1.143
2022-03-13 19:43:25,-0.992,-1.158
2022-03-13 19:43:27,-1.209,-0.968
2022-03-13 19:43:28,-0.864,-0.998
2022-03-13 19:43:30,-1.216,-0.928
2022-03-13 19:43:32,-1.186,-1.163
2022-03-13 19:43:33,-0.903,-0.979
2022-03-13 19:43:35,-1.168,-1.012
2022-03-13 19:43:37,-0.874,-0.967
2022-03-13 19:43:39,-1.154,-0.873
2022-03-13 19:43:40,-0.87,-1.153
2022-03-13 19:43:42,-1.006,-0.97
2022-03-13 19:43:44,-1.1500000000000001,-1.057
2022-03-13 19:43:46,-0.862,-0.987
2022-03-13 19:43:47,-1.377,-0.871
2022-03-13 19:43:49,-1.181,-1.254
2022-03-13 19:43:51,-1.0170000000000001,-0.91
2022-03-13 19:43:52,-1.073,-1.002
2022-03-13 19:43:54,-0.882,-1.002
2022-03-13 19:43:56,-1.34,-0.897
2022-03-13 19:43:58,-1.293,-0.982
2022-03-13 19:43:59,-0.984,-0.9550000000000001
2022-03-13 19:44:01,-1.19,-1.1260000000000001
2022-03-13 19:44:03,-0.933,-1.31
2022-03-13 19:44:05,-0.875,-0.793
2022-03-13 19:44:06,-1.189,-1.0090000000000001
2022-03-13 19:44:08,-0.9510000000000001,-1.032
2022-03-13 19:44:10,-1.234,-0.855
2022-03-13 19:44:11,-0.998,-1.337
2022-03-13 19:44:13,-1.033,-1.05
2022-03-13 19:44:15,-1.113,-0.992
2022-03-13 19:44:17,-0.9570000000000001,-0.931
2022-03-13 19:44:18,-1.174,-0.789
2022-03-13 19:44:20,-1.119,-0.936
2022-03-13 19:44:22,-0.994,-0.983
2022-03-13 19:44:24,-1.1360000000000001,-1.081
2022-03-13 19:44:25,-0.902,-1.105
2022-03-13 19:44:27,-0.9580000000000001,-1.006
2022-03-13 19:44:29,-1.2750000000000001,-1.058
2022-03-13 19:44:30,-1.096,-0.883
2022-03-13 19:44:32,-1.196,-0.802
2022-03-13 19:44:34,-0.865,-1.167
2022-03-13 19:44:36,-0.966,-0.777
2022-03-13 19:44:37,-1.1340000000000001,-0.9450000000000001
2022-03-13 19:44:39,-1.045,-0.9550000000000001
2022-03-13 19:44:41,-1.354,-0.762
2022-03-13 19:44:43,-0.921,-1.169
2022-03-13 19:44:44,-0.862,-0.8270000000000001
2022-03-13 19:44:46,-1.211,-0.995
2022-03-13 19:44:48,-1.078,-0.9530000000000001
2022-03-13 19:44:49,-1.27,-0.721
2022-03-13 19:44:51,-0.9490000000000001,-1.208
2022-03-13 19:44:53,-0.9500000000000001,-1.02
2022-03-13 19:44:55,-1.217,-0.992
2022-03-13 19:44:56,-0.8170000000000001,-0.9500000000000001
2022-03-13 19:44:58,-1.23,-0.788
2022-03-13 19:45:00,-1.163,-1.0150000000000001
2022-03-13 19:45:02,-0.876,-0.907
2022-03-13 19:45:03,-1.091,-1.105
2022-03-13 19:45:05,-0.874,-1.165
2022-03-13 19:45:07,-0.932,-0.811
2022-03-13 19:45:08,-1.182,-1.1280000000000001
2022-03-13 19:45:10,-1.058,-1.082
2022-03-13 19:45:12,-1.258,-0.924
2022-03-13 19:45:14,-0.906,-1.094
2022-03-13 19:45:15,-0.896,-0.741
2022-03-13 19:45:17,-1.124,-1.08
2022-03-13 19:45:19,-1.065,-0.934
2022-03-13 19:45:21,-1.167,-0.765
2022-03-13 19:45:22,-0.93,-1.093
2022-03-13 19:45:24,-0.992,-0.9450000000000001
2022-03-13 19:45:26,-1.224,-0.92
2022-03-13 19:45:27,-0.899,-0.934
2022-03-13 19:45:29,-0.907,-0.852
2022-03-13 19:45:31,-1.099,-0.9430000000000001
2022-03-13 19:45:33,-0.9560000000000001,-0.917
2022-03-13 19:45:34,-1.205,-1.104
2022-03-13 19:45:36,-0.802,-1.223
2022-03-13 19:45:38,-1.045,-1.0170000000000001
2022-03-13 19:45:39,-1.177,-0.922
2022-03-13 19:45:41,-0.935,-1.244
2022-03-13 19:45:43,-1.025,-0.843
2022-03-13 19:45:45,-1.12,-1.052
2022-03-13 19:45:46,-1.047,-0.908
2022-03-13 19:45:48,-1.282,-0.9550000000000001
2022-03-13 19:45:50,-1.0230000000000001,-1.223
2022-03-13 19:45:52,-0.9590000000000001,-0.89
2022-03-13 19:45:53,-1.1320000000000001,-0.907
2022-03-13 19:45:55,-0.892,-0.935
2022-03-13 19:45:57,-1.274,-0.9500000000000001
2022-03-13 19:45:58,-1.1380000000000001,-0.97
2022-03-13 19:46:00,-1.086,-0.89
2022-03-13 19:46:02,-1.2510000000000001,-0.762
2022-03-13 19:46:04,-0.988,-1.234
2022-03-13 19:46:05,-1.0050000000000001,-0.999
2022-03-13 19:46:07,-1.168,-0.964
2022-03-13 19:46:09,-0.966,-1.117
2022-03-13 19:46:11,-1.0010000000000001,-1.105
2022-03-13 19:46:12,-1.089,-1.0130000000000001
2022-03-13 19:46:14,-0.922,-1.301
2022-03-13 19:46:16,-0.863,-0.746
2022-03-13 19:46:17,-1.046,-0.984
2022-03-13 19:46:19,-0.868,-1.096
2022-03-13 19:46:21,-0.989,-1.0050000000000001
2022-03-13 19:46:23,-1.17,-0.966
2022-03-13 19:46:24,-0.8270000000000001,-1.147
2022-03-13 19:46:26,-0.928,-0.793
2022-03-13 19:46:28,-1.121,-1.014
2022-03-13 19:46:30,-0.963,-1.164
2022-03-13 19:46:31,-1.038,-0.889
2022-03-13 19:46:33,-1.231,-1.122
2022-03-13 19:46:35,-0.8180000000000001,-1.228
2022-03-13 19:46:36,-0.911,-0.931
2022-03-13 19:46:38,-1.169,-1.072
2022-03-13 19:46:40,-0.858,-1.139
2022-03-13 19:46:42,-1.0090000000000001,-0.931
2022-03-13 19:46:43,-1.1400000000000001,-1.016
2022-03-13 19:46:45,-0.835,-1.1260000000000001
2022-03-13 19:46:47,-1.0190000000000001,-1.044
2022-03-13 19:46:49,-1.112,-0.993
2022-03-13 19:46:50,-0.904,-1.311
2022-03-13 19:46:52,-0.976,-0.765
2022-03-13 19:46:54,-1.173,-0.926
2022-03-13 19:46:55,-0.891,-1.067
2022-03-13 19:46:57,-0.978,-0.985
2022-03-13 19:46:59,-1.208,-0.937
2022-03-13 19:47:01,-0.897,-1.139
2022-03-13 19:47:02,-0.971,-0.97
2022-03-13 19:47:04,-1.345,-0.781
2022-03-13 19:47:06,-1.199,-1.208
2022-03-13 19:47:08,-0.981,-0.863
2022-03-13 19:47:09,-1.311,-0.933
2022-03-13 19:47:11,-1.0230000000000001,-1.202
2022-03-13 19:47:13,-0.965,-0.974
2022-03-13 19:47:14,-1.176,-0.932
2022-03-13 19:47:16,-0.92,-0.907
2022-03-13 19:47:18,-1.17,-0.937
2022-03-13 19:47:20,-1.169,-0.9410000000000001
2022-03-13 19:47:21,-0.993,-0.9560000000000001
2022-03-13 19:47:23,-1.196,-0.9550000000000001
2022-03-13 19:47:25,-1.008,-1.197
2022-03-13 19:47:27,-1.047,-0.798
2022-03-13 19:47:28,-1.1440000000000001,-0.934
2022-03-13 19:47:30,-0.89,-1.036
2022-03-13 19:47:32,-1.178,-1.033
2022-03-13 19:47:33,-0.901,-1.106
2022-03-13 19:47:35,-0.918,-1.045
2022-03-13 19:47:37,-1.124,-0.912
2022-03-13 19:47:39,-0.916,-1.024
2022-03-13 19:47:40,-1.072,-0.714
2022-03-13 19:47:42,-1.172,-1.0230000000000001
2022-03-13 19:47:44,-1.093,-0.9580000000000001
2022-03-13 19:47:46,-1.193,-0.706
2022-03-13 19:47:47,-1.2510000000000001,-0.908
2022-03-13 19:47:49,-0.9380000000000001,-1.0050000000000001
2022-03-13 19:47:51,-1.343,-0.779
2022-03-13 19:47:52,-0.812,-1.1320000000000001
2022-03-13 19:47:54,-1.0030000000000001,-0.9500000000000001
2022-03-13 19:47:56,-1.207,-1.058
2022-03-13 19:47:58,-0.837,-1.215
2022-03-13 19:47:59,-0.9390000000000001,-0.927
2022-03-13 19:48:01,-1.235,-0.761
2022-03-13 19:48:03,-1.178,-1.2710000000000001
2022-03-13 19:48:05,-0.995,-1.049
2022-03-13 19:48:06,-1.201,-0.772
2022-03-13 19:48:08,-1.274,-1.103
2022-03-13 19:48:10,-1.0,-0.9430000000000001
2022-03-13 19:48:11,-1.229,-1.027
2022-03-13 19:48:13,-1.2690000000000001,-1.194
2022-03-13 19:48:15,-0.924,-1.01
2022-03-13 19:48:17,-1.172,-0.727
2022-03-13 19:48:18,-1.181,-1.0070000000000001
2022-03-13 19:48:20,-0.983,-1.062
2022-03-13 19:48:22,-1.205,-0.781
2022-03-13 19:48:24,-1.256,-0.919
2022-03-13 19:48:25,-0.924,-1.085
2022-03-13 19:48:27,-1.166,-0.8320000000000001
2022-03-13 19:48:29,-1.1340000000000001,-1.03
2022-03-13 19:48:30,-0.9,-0.993
2022-03-13 19:48:32,-1.187,-0.779
2022-03-13 19:48:34,-1.187,-0.93
2022-03-13 19:48:36,-0.9560000000000001,-0.967
2022-03-13 19:48:37,-1.296,-0.7010000000000001
2022-03-13 19:48:39,-0.9520000000000001,-1.336
2022-03-13 19:48:41,-0.894,-1.024
2022-03-13 19:48:43,-1.079,-1.056
2022-03-13 19:48:44,-0.833,-1.165
2022-03-13 19:48:46,-1.059,-1.069
2022-03-13 19:48:48,-1.145,-1.04
2022-03-13 19:48:49,-0.921,-1.228
2022-03-13 19:48:51,-0.9440000000000001,-0.895
2022-03-13 19:48:53,-1.212,-1.056
2022-03-13 19:48:55,-0.935,-1.241
2022-03-13 19:48:56,-1.0150000000000001,-0.9420000000000001
2022-03-13 19:48:58,-1.11,-0.987
2022-03-13 19:49:00,-0.893,-1.151
2022-03-13 19:49:02,-0.893,-0.6920000000000001
2022-03-13 19:49:03,-1.186,-1.006
2022-03-13 19:49:05,-1.039,-1.22
2022-03-13 19:49:07,-0.929,-0.932
2022-03-13 19:49:08,-1.131,-1.037
2022-03-13 19:49:10,-0.8190000000000001,-1.164
2022-03-13 19:49:12,-1.0170000000000001,-0.727
2022-03-13 19:49:14,-1.3,-1.062
2022-03-13 19:49:15,-0.877,-1.332
2022-03-13 19:49:17,-1.049,-0.862
2022-03-13 19:49:19,-1.178,-0.934
2022-03-13 19:49:21,-0.9400000000000001,-0.926
2022-03-13 19:49:22,-1.231,-1.071
2022-03-13 19:49:24,-0.9400000000000001,-1.043
2022-03-13 19:49:26,-0.912,-0.901
2022-03-13 19:49:27,-1.169,-0.993
2022-03-13 19:49:29,-0.934,-0.989
2022-03-13 19:49:31,-0.979,-0.684
2022-03-13 19:49:33,-1.113,-1.145
2022-03-13 19:49:34,-0.863,-0.998
2022-03-13 19:49:36,-1.305,-0.801
2022-03-13 19:49:38,-1.1520000000000001,-1.066
2022-03-13 19:49:40,-1.006,-0.932
2022-03-13 19:49:41,-1.233,-0.77
2022-03-13 19:49:43,-1.22,-1.094
2022-03-13 19:49:45,-0.931,-1.018
2022-03-13 19:49:46,-1.208,-0.747
2022-03-13 19:49:48,-0.799,-1.182
2022-03-13 19:49:50,-0.9480000000000001,-1.116
2022-03-13 19:49:52,-1.1260000000000001,-0.904
2022-03-13 19:49:53,-0.9390000000000001,-1.311
2022-03-13 19:49:55,-0.99,-0.795
2022-03-13 19:49:57,-1.117,-1.0130000000000001
2022-03-13 19:49:59,-1.078,-0.9410000000000001
2022-03-13 19:50:00,-1.1300000000000001,-0.8140000000000001
2022-03-13 19:50:02,-1.184,-0.897
2022-03-13 19:50:04,-0.982,-0.881
2022-03-13 19:50:05,-1.216,-0.783
2022-03-13 19:50:07,-1.22,-1.002
2022-03-13 19:50:09,-0.988,-0.935
2022-03-13 19:50:11,-1.211,-0.796
2022-03-13 19:50:12,-0.992,-1.266
2022-03-13 19:50:14,-0.9530000000000001,-0.993
2022-03-13 19:50:16,-1.227,-0.851
2022-03-13 19:50:18,-1.22,-1.073
2022-03-13 19:50:19,-0.978,-0.974
2022-03-13 19:50:21,-1.202,-0.836
2022-03-13 19:50:23,-1.099,-0.974
2022-03-13 19:50:24,-0.971,-0.978
2022-03-13 19:50:26,-1.213,-0.806
2022-03-13 19:50:28,-1.159,-1.028
2022-03-13 19:50:30,-1.081,-0.903
2022-03-13 19:50:31,-1.334,-0.963
2022-03-13 19:50:33,-1.131,-0.861
2022-03-13 19:50:35,-1.045,-0.925
2022-03-13 19:50:37,-1.226,-0.867
2022-03-13 19:50:38,-1.237,-1.03
2022-03-13 19:50:40,-1.031,-1.065
2022-03-13 19:50:42,-1.222,-0.74
2022-03-13 19:50:43,-1.2710000000000001,-1.071
2022-03-13 19:50:45,-1.05,-0.9380000000000001
2022-03-13 19:50:47,-1.207,-0.893
2022-03-13 19:50:49,-0.861,-1.248
2022-03-13 19:50:50,-0.9590000000000001,-0.8
2022-03-13 19:50:52,-1.21,-1.22
2022-03-13 19:50:54,-0.833,-1.0170000000000001
2022-03-13 19:50:56,-1.282,-0.899
2022-03-13 19:50:57,-1.223,-1.02
2022-03-13 19:50:59,-0.9520000000000001,-0.903
2022-03-13 19:51:01,-1.141,-1.04
2022-03-13 19:51:02,-0.841,-1.119
2022-03-13 19:51:04,-0.991,-1.108
2022-03-13 19:51:06,-1.129,-1.038
2022-03-13 19:51:08,-0.884,-1.245
2022-03-13 19:51:09,-0.979,-1.075
2022-03-13 19:51:11,-1.1440000000000001,-0.9380000000000001
2022-03-13 19:51:13,-0.8280000000000001,-1.151
2022-03-13 19:51:15,-1.045,-0.78
2022-03-13 19:51:16,-1.108,-0.979
2022-03-13 19:51:18,-1.162,-0.929
2022-03-13 19:51:20,-1.282,-0.757
2022-03-13 19:51:21,-0.911,-1.16
2022-03-13 19:51:23,-0.881,-0.92
2022-03-13 19:51:25,-1.177,-0.912
2022-03-13 19:51:27,-0.9400000000000001,-1.2650000000000001
2022-03-13 19:51:28,-1.0070000000000001,-0.736
2022-03-13 19:51:30,-1.1460000000000001,-1.033
2022-03-13 19:51:32,-0.906,-0.9560000000000001
2022-03-13 19:51:34,-1.079,-1.176
2022-03-13 19:51:35,-0.761,-1.207
2022-03-13 19:51:37,-0.893,-1.07
2022-03-13 19:51:39,-1.084,-1.0
2022-03-13 19:51:40,-0.9380000000000001,-1.21
2022-03-13 19:51:42,-0.9560000000000001,-1.122
2022-03-13 19:51:44,-1.133,-1.105
2022-03-13 19:51:46,-0.858,-0.984
2022-03-13 19:51:47,-1.196,-0.801
2022-03-13 19:51:49,-0.874,-1.2710000000000001
2022-03-13 19:51:51,-0.917,-1.0190000000000001
2022-03-13 19:51:53,-1.139,-1.158
2022-03-13 19:51:54,-0.9440000000000001,-1.092
2022-03-13 19:51:56,-0.913,-1.1380000000000001
2022-03-13 19:51:58,-1.117,-1.02
2022-03-13 19:51:59,-1.014,-1.2750000000000001
2022-03-13 19:52:01,-1.024,-0.738
2022-03-13 19:52:03,-1.231,-1.053
2022-03-13 19:52:05,-0.934,-0.964
2022-03-13 19:52:06,-1.297,-0.737
2022-03-13 19:52:08,-0.8200000000000001,-1.174
2022-03-13 19:52:10,-1.0130000000000001,-1.107
2022-03-13 19:52:12,-1.163,-0.9500000000000001
2022-03-13 19:52:13,-0.869,-1.1400000000000001
2022-03-13 19:52:15,-0.896,-0.795
2022-03-13 19:52:17,-1.159,-1.031
2022-03-13 19:52:18,-1.073,-0.965
2022-03-13 19:52:20,-1.241,-0.8300000000000001
2022-03-13 19:52:22,-0.783,-1.187
2022-03-13 19:52:24,-0.991,-0.9450000000000001
2022-03-13 19:52:25,-1.241,-1.081
2022-03-13 19:52:27,-0.9390000000000001,-1.143
2022-03-13 19:52:29,-0.892,-0.843
2022-03-13 19:52:31,-1.238,-1.109
2022-03-13 19:52:32,-0.849,-0.964
2022-03-13 19:52:34,-1.24,-0.749
2022-03-13 19:52:36,-1.066,-1.237
2022-03-13 19:52:37,-0.99,-0.9510000000000001
2022-03-13 19:52:39,-1.109,-1.049
2022-03-13 19:52:41,-0.883,-1.1300000000000001
2022-03-13 19:52:43,-0.976,-0.837
2022-03-13 19:52:44,-1.1440000000000001,-0.961
2022-03-13 19:52:46,-0.898,-1.116
2022-03-13 19:52:48,-0.9550000000000001,-0.8180000000000001
2022-03-13 19:52:50,-1.204,-0.901
2022-03-13 19:52:51,-0.854,-0.9540000000000001
2022-03-13 19:52:53,-1.311,-0.873
2022-03-13 19:52:55,-1.173,-0.9530000000000001
2022-03-13 19:52:56,-0.991,-0.85
2022-03-13 19:52:58,-1.191,-0.769
2022-03-13 19:53:00,-1.172,-0.9540000000000001
2022-03-13 19:53:02,-0.906,-0.93
2022-03-13 19:53:03,-1.214,-1.041
2022-03-13 19:53:05,-0.9470000000000001,-1.106
2022-03-13 19:53:07,-1.016,-1.063
2022-03-13 19:53:09,-1.179,-0.9530000000000001
2022-03-13 19:53:10,-0.881,-1.1520000000000001
2022-03-13 19:53:12,-0.887,-0.779
2022-03-13 19:53:14,-1.2690000000000001,-1.084
2022-03-13 19:53:15,-0.877,-0.9440000000000001
2022-03-13 19:53:17,-1.0170000000000001,-0.769
2022-03-13 19:53:19,-1.212,-1.053
2022-03-13 19:53:21,-0.8310000000000001,-0.981
2022-03-13 19:53:22,-1.167,-0.748
2022-03-13 19:53:24,-1.169,-1.075
2022-03-13 19:53:26,-0.901,-0.93
2022-03-13 19:53:28,-1.107,-0.722
2022-03-13 19:53:29,-1.159,-0.926
2022-03-13 19:53:31,-1.022,-1.064
2022-03-13 19:53:33,-1.2530000000000001,-0.775
2022-03-13 19:53:34,-1.097,-1.2610000000000001
2022-03-13 19:53:36,-0.963,-0.927
2022-03-13 19:53:38,-1.115,-1.173
2022-03-13 19:53:40,-0.9380000000000001,-1.289
2022-03-13 19:53:41,-0.904,-0.889
2022-03-13 19:53:43,-1.248,-1.158
2022-03-13 19:53:45,-0.975,-0.98
2022-03-13 19:53:46,-1.28,-0.8230000000000001
2022-03-13 19:53:48,-0.936,-1.288
2022-03-13 19:53:50,-0.975,-0.904
2022-03-13 19:53:52,-1.147,-1.202
2022-03-13 19:53:53,-0.8280000000000001,-1.168
2022-03-13 19:53:55,-0.983,-1.076
2022-03-13 19:53:57,-1.198,-0.99
2022-03-13 19:53:59,-0.835,-1.016
2022-03-13 19:54:00,-1.256,-0.846
2022-03-13 19:54:02,-1.154,-0.924
2022-03-13 19:54:04,-1.0070000000000001,-1.124
2022-03-13 19:54:05,-1.305,-0.855
2022-03-13 19:54:07,-0.843,-1.11
2022-03-13 19:54:09,-0.906,-0.753
2022-03-13 19:54:11,-1.211,-0.982
2022-03-13 19:54:12,-1.01,-1.096
2022-03-13 19:54:14,-1.1420000000000001,-1.09
2022-03-13 19:54:16,-0.907,-1.1280000000000001
2022-03-13 19:54:18,-0.967,-0.754
2022-03-13 19:54:19,-1.256,-1.115
2022-03-13 19:54:21,-0.967,-0.918
2022-03-13 19:54:23,-1.258,-0.73
2022-03-13 19:54:24,-0.983,-1.278
2022-03-13 19:54:26,-0.905,-0.795
2022-03-13 19:54:28,-1.219,-1.107
2022-03-13 19:54:30,-0.88,-1.0030000000000001
2022-03-13 19:54:31,-1.2710000000000001,-0.988
2022-03-13 19:54:33,-0.896,-1.241
2022-03-13 19:54:35,-0.932,-1.1340000000000001
2022-03-13 19:54:37,-1.228,-1.055
2022-03-13 19:54:38,-1.077,-0.985
2022-03-13 19:54:40,-1.215,-0.8240000000000001
2022-03-13 19:54:42,-1.1,-1.294
2022-03-13 19:54:43,-0.98,-1.1280000000000001
2022-03-13 19:54:45,-1.161,-0.963
2022-03-13 19:54:47,-0.87,-0.9540000000000001
2022-03-13 19:54:49,-1.285,-0.9460000000000001
2022-03-13 19:54:50,-1.096,-0.982
2022-03-13 19:54:52,-1.004,-1.0210000000000001
2022-03-13 19:54:54,-1.078,-1.03
2022-03-13 19:54:56,-1.025,-1.1500000000000001
2022-03-13 19:54:57,-0.928,-0.796
2022-03-13 19:54:59,-1.163,-0.9560000000000001
2022-03-13 19:55:01,-1.035,-1.042
2022-03-13 19:55:02,-1.198,-0.8180000000000001
2022-03-13 19:55:04,-0.963,-1.294
2022-03-13 19:55:06,-0.965,-0.925
2022-03-13 19:55:08,-1.068,-0.999
2022-03-13 19:55:09,-0.917,-1.137
2022-03-13 19:55:11,-1.026,-0.76
2022-03-13 19:55:13,-1.1440000000000001,-0.895
2022-03-13 19:55:15,-0.922,-1.024
2022-03-13 19:55:16,-1.173,-1.135
2022-03-13 19:55:18,-0.807,-1.086
2022-03-13 19:55:20,-0.922,-0.845
2022-03-13 19:55:21,-1.187,-1.033
2022-03-13 19:55:23,-0.978,-0.905
2022-03-13 19:55:25,-1.115,-0.9480000000000001
2022-03-13 19:55:27,-0.929,-0.9570000000000001
2022-03-13 19:55:28,-1.0150000000000001,-0.8150000000000001
2022-03-13 19:55:30,-1.226,-0.9430000000000001
2022-03-13 19:55:32,-0.993,-0.981
2022-03-13 19:55:34,-1.301,-0.81
2022-03-13 19:55:35,-0.976,-1.184
2022-03-13 19:55:37,-1.355,-0.898
2022-03-13 19:55:39,-1.202,-1.047
2022-03-13 19:55:40,-0.9560000000000001,-0.9570000000000001
2022-03-13 19:55:42,-1.116,-1.002
2022-03-13 19:55:44,-1.0050000000000001,-0.989
2022-03-13 19:55:46,-1.2750000000000001,-0.916
2022-03-13 19:55:47,-0.984,-1.178
2022-03-13 19:55:49,-1.0010000000000001,-0.8130000000000001
2022-03-13 19:55:51,-1.172,-0.971
2022-03-13 19:55:53,-1.056,-1.057
2022-03-13 19:55:54,-1.055,-1.1400000000000001
2022-03-13 19:55:56,-0.853,-0.972
2022-03-13 19:55:58,-1.282,-0.846
2022-03-13 19:55:59,-1.227,-1.028
2022-03-13 19:56:01,-1.0050000000000001,-1.075
2022-03-13 19:56:03,-1.191,-0.995
2022-03-13 19:56:05,-0.85,-0.925
2022-03-13 19:56:06,-1.227,-0.807
2022-03-13 19:56:08,-1.159,-0.988
2022-03-13 19:56:10,-0.932,-0.973
2022-03-13 19:56:12,-1.143,-1.044
2022-03-13 19:56:13,-0.921,-1.024
2022-03-13 19:56:15,-1.278,-0.73
2022-03-13 19:56:17,-1.174,-0.98
2022-03-13 19:56:18,-0.975,-0.919
2022-03-13 19:56:20,-1.245,-1.104
2022-03-13 19:56:22,-0.861,-1.097
2022-03-13 19:56:24,-1.008,-0.8
2022-03-13 19:56:25,-1.207,-1.079
2022-03-13 19:56:27,-1.036,-0.977
2022-03-13 19:56:29,-1.217,-0.849
2022-03-13 19:56:31,-0.911,-1.183
2022-03-13 19:56:32,-1.088,-1.04
2022-03-13 19:56:34,-1.115,-0.965
2022-03-13 19:56:36,-0.798,-0.9590000000000001
2022-03-13 19:56:37,-1.167,-0.727
2022-03-13 19:56:39,-0.913,-1.163
2022-03-13 19:56:41,-0.913,-1.059
2022-03-13 19:56:43,-1.2570000000000001,-1.1340000000000001
2022-03-13 19:56:44,-0.9540000000000001,-1.077
2022-03-13 19:56:46,-1.204,-1.161
2022-03-13 19:56:48,-0.9570000000000001,-1.135
2022-03-13 19:56:50,-0.975,-0.981
2022-03-13 19:56:51,-1.239,-1.09
2022-03-13 19:56:53,-0.851,-0.9400000000000001
2022-03-13 19:56:55,-1.145,-0.847
2022-03-13 19:56:56,-1.19,-0.981
2022-03-13 19:56:58,-1.0,-1.093
2022-03-13 19:57:00,-1.117,-0.998
2022-03-13 19:57:02,-0.876,-0.983
2022-03-13 19:57:03,-1.329,-0.921
2022-03-13 19:57:05,-1.1280000000000001,-0.9390000000000001
2022-03-13 19:57:07,-0.977,-0.9410000000000001
2022-03-13 19:57:09,-1.322,-0.993
2022-03-13 19:57:10,-0.9550000000000001,-1.157
2022-03-13 19:57:12,-0.97,-1.051
2022-03-13 19:57:14,-1.139,-1.091
2022-03-13 19:57:15,-0.79,-0.973
2022-03-13 19:57:17,-1.2630000000000001,-0.809
2022-03-13 19:57:19,-1.224,-0.977
2022-03-13 19:57:21,-0.935,-0.987
2022-03-13 19:57:22,-1.163,-1.078
2022-03-13 19:57:24,-0.983,-1.174
2022-03-13 19:57:26,-0.901,-0.8220000000000001
2022-03-13 19:57:28,-1.11,-1.0150000000000001
2022-03-13 19:57:29,-0.972,-0.937
2022-03-13 19:57:31,-1.076,-1.165
2022-03-13 19:57:33,-1.045,-1.184
2022-03-13 19:57:34,-0.905,-0.84
2022-03-13 19:57:36,-1.092,-1.053
2022-03-13 19:57:38,-1.07,-0.971
2022-03-13 19:57:40,-1.296,-0.757
2022-03-13 19:57:41,-0.883,-1.203
2022-03-13 19:57:43,-0.9400000000000001,-1.105
2022-03-13 19:57:45,-1.183,-0.9570000000000001
2022-03-13 19:57:47,-0.791,-0.994
2022-03-13 19:57:48,-1.232,-0.766
2022-03-13 19:57:50,-0.808,-1.193
2022-03-13 19:57:52,-0.865,-0.976
2022-03-13 19:57:53,-1.208,-1.018
2022-03-13 19:57:55,-0.809,-0.969
2022-03-13 19:57:57,-1.22,-0.771
2022-03-13 19:57:59,-0.8180000000000001,-1.27
2022-03-13 19:58:00,-0.962,-0.758
2022-03-13 19:58:02,-1.1320000000000001,-0.986
2022-03-13 19:58:04,-1.116,-1.102
2022-03-13 19:58:06,-1.187,-0.801
2022-03-13 19:58:07,-0.86,-1.139
2022-03-13 19:58:09,-1.031,-1.097
2022-03-13 19:58:11,-1.245,-0.99
2022-03-13 19:58:12,-0.9,-0.879
2022-03-13 19:58:14,-1.188,-0.764
2022-03-13 19:58:16,-1.175,-1.184
2022-03-13 19:58:18,-1.051,-0.9470000000000001
2022-03-13 19:58:19,-1.153,-1.0110000000000001
2022-03-13 19:58:21,-0.9420000000000001,-1.063
2022-03-13 19:58:23,-1.169,-0.886
2022-03-13 19:58:25,-1.195,-1.026
2022-03-13 19:58:26,-0.9380000000000001,-1.01
2022-03-13 19:58:28,-1.211,-1.056
2022-03-13 19:58:30,-0.807,-1.177
2022-03-13 19:58:31,-0.891,-0.846
2022-03-13 19:58:33,-1.122,-0.99
2022-03-13 19:58:35,-0.984,-0.921
2022-03-13 19:58:37,-1.165,-1.115
2022-03-13 19:58:38,-0.935,-1.225
2022-03-13 19:58:40,-0.881,-0.743
2022-03-13 19:58:42,-1.101,-0.9470000000000001
2022-03-13 19:58:44,-0.96,-0.924
2022-03-13 19:58:45,-1.067,-1.012
2022-03-13 19:58:47,-0.976,-1.068
2022-03-13 19:58:49,-0.9410000000000001,-0.808
2022-03-13 19:58:50,-1.097,-0.961
2022-03-13 19:58:52,-1.03,-0.979
2022-03-13 19:58:54,-1.2610000000000001,-1.103
2022-03-13 19:58:56,-0.837,-1.264
2022-03-13 19:58:57,-1.158,-0.737
2022-03-13 19:58:59,-0.846,-1.07
2022-03-13 19:59:01,-1.0090000000000001,-1.07
2022-03-13 19:59:03,-1.116,-1.0030000000000001
2022-03-13 19:59:04,-0.887,-1.287
2022-03-13 19:59:06,-1.067,-0.704
2022-03-13 19:59:08,-1.1500000000000001,-0.998
2022-03-13 19:59:09,-1.032,-1.056
2022-03-13 19:59:11,-1.201,-0.8290000000000001
2022-03-13 19:59:13,-0.9440000000000001,-1.272
2022-03-13 19:59:15,-0.886,-0.919
2022-03-13 19:59:16,-1.119,-0.9570000000000001
2022-03-13 19:59:18,-0.836,-0.925
2022-03-13 19:59:20,-1.215,-0.75
2022-03-13 19:59:22,-0.804,-1.181
2022-03-13 19:59:23,-0.9460000000000001,-0.761
2022-03-13 19:59:25,-1.165,-0.9450000000000001
2022-03-13 19:59:27,-0.9400000000000001,-1.022
2022-03-13 19:59:28,-1.1380000000000001,-0.73
2022-03-13 19:59:30,-1.111,-1.028
2022-03-13 19:59:32,-0.883,-0.9470000000000001
2022-03-13 19:59:34,-1.243,-0.787
2022-03-13 19:59:35,-0.9390000000000001,-1.08
2022-03-13 19:59:37,-1.0070000000000001,-0.975
2022-03-13 19:59:39,-1.063,-1.024
2022-03-13 19:59:41,-0.9520000000000001,-1.286
2022-03-13 19:59:42,-0.9570000000000001,-0.779
2022-03-13 19:59:44,-1.247,-1.118
2022-03-13 19:59:46,-0.795,-0.9570000000000001
2022-03-13 19:59:47,-1.103,-0.809
2022-03-13 19:59:49,-1.108,-1.252
2022-03-13 19:59:51,-1.063,-1.034
2022-03-13 19:59:53,-1.226,-0.917
2022-03-13 19:59:54,-1.094,-0.9500000000000001
2022-03-13 19:59:56,-1.209,-0.6960000000000001
2022-03-13 19:59:58,-0.854,-1.103
2022-03-13 20:00:00,-1.108,-1.008
2022-03-13 20:00:01,-1.185,-0.9460000000000001
2022-03-13 20:00:03,-0.809,-1.2
2022-03-13 20:00:05,-1.025,-0.779
2022-03-13 20:00:06,-1.089,-0.992
2022-03-13 20:00:08,-1.084,-0.9420000000000001
2022-03-13 20:00:10,-1.19,-0.735
2022-03-13 20:00:12,-1.187,-0.994
2022-03-13 20:00:13,-0.907,-0.893
2022-03-13 20:00:15,-1.194,-0.988
2022-03-13 20:00:17,-0.86,-1.198
2022-03-13 20:00:18,-0.927,-0.806
2022-03-13 20:00:20,-1.104,-0.998
2022-03-13 20:00:22,-1.05,-0.983
2022-03-13 20:00:24,-1.244,-0.742
2022-03-13 20:00:25,-1.35,-1.025
2022-03-13 20:00:27,-1.0070000000000001,-0.929
2022-03-13 20:00:29,-1.195,-1.054
2022-03-13 20:00:31,-0.994,-0.933
2022-03-13 20:00:32,-1.155,-0.742
2022-03-13 20:00:34,-1.076,-1.033
2022-03-13 20:00:36,-1.04,-0.932
2022-03-13 20:00:37,-1.182,-1.018
2022-03-13 20:00:39,-0.932,-0.975
2022-03-13 20:00:41,-1.156,-0.793
2022-03-13 20:00:43,-1.156,-1.228
2022-03-13 20:00:44,-1.059,-0.993
2022-03-13 20:00:46,-1.066,-1.006
2022-03-13 20:00:48,-0.881,-0.979
2022-03-13 20:00:50,-1.151,-0.779
2022-03-13 20:00:51,-1.109,-0.9590000000000001
2022-03-13 20:00:53,-0.901,-0.922
2022-03-13 20:00:55,-1.181,-1.08
2022-03-13 20:00:56,-0.897,-0.993
2022-03-13 20:00:58,-1.197,-0.781
2022-03-13 20:01:00,-0.833,-1.143
2022-03-13 20:01:02,-0.866,-0.926
2022-03-13 20:01:03,-1.266,-1.1440000000000001
2022-03-13 20:01:05,-0.986,-0.937
2022-03-13 20:01:07,-1.145,-0.742
2022-03-13 20:01:09,-0.885,-1.12
2022-03-13 20:01:10,-0.835,-0.812
2022-03-13 20:01:12,-1.106,-1.0070000000000001
2022-03-13 20:01:14,-1.047,-0.98
2022-03-13 20:01:15,-1.283,-0.8130000000000001
2022-03-13 20:01:17,-0.897,-1.057
2022-03-13 20:01:19,-0.9530000000000001,-1.101
2022-03-13 20:01:21,-1.111,-1.002
2022-03-13 20:01:22,-0.897,-1.2790000000000001
2022-03-13 20:01:24,-0.909,-0.747
2022-03-13 20:01:26,-1.291,-1.087
2022-03-13 20:01:28,-1.0170000000000001,-1.035
2022-03-13 20:01:29,-1.225,-0.739
2022-03-13 20:01:31,-0.926,-1.086
2022-03-13 20:01:33,-0.969,-0.859
2022-03-13 20:01:34,-1.092,-0.971
2022-03-13 20:01:36,-0.877,-1.219
2022-03-13 20:01:38,-0.984,-0.983
2022-03-13 20:01:40,-1.106,-1.0050000000000001
2022-03-13 20:01:41,-1.0070000000000001,-1.26
2022-03-13 20:01:43,-0.961,-0.746
2022-03-13 20:01:45,-1.239,-0.908
2022-03-13 20:01:47,-0.872,-1.112
2022-03-13 20:01:48,-1.179,-0.852
2022-03-13 20:01:50,-1.121,-0.999
2022-03-13 20:01:52,-1.01,-0.9480000000000001
2022-03-13 20:01:53,-1.272,-0.858
2022-03-13 20:01:55,-1.169,-1.026
2022-03-13 20:01:57,-0.917,-0.9460000000000001
2022-03-13 20:01:59,-1.313,-0.88
2022-03-13 20:02:00,-1.191,-0.9520000000000001
2022-03-13 20:02:02,-0.616,-0.9400000000000001
2022-03-13 20:02:04,-1.3860000000000001,-0.865
2022-03-13 20:02:06,-1.112,-0.999
2022-03-13 20:02:07,-0.92,-0.844
2022-03-13 20:02:09,-1.175,-0.874
2022-03-13 20:02:11,-1.012,-0.9390000000000001
2022-03-13 20:02:12,-1.1260000000000001,-0.93
2022-03-13 20:02:14,-1.186,-0.753
2022-03-13 20:02:16,-0.9440000000000001,-1.291
2022-03-13 20:02:18,-0.87,-1.008
2022-03-13 20:02:19,-1.364,-0.985
2022-03-13 20:02:21,-0.838,-1.216
2022-03-13 20:02:23,-0.963,-0.965
2022-03-13 20:02:25,-1.206,-0.883
2022-03-13 20:02:26,-0.802,-1.1360000000000001
2022-03-13 20:02:28,-0.9550000000000001,-0.921
2022-03-13 20:02:30,-1.122,-0.789
2022-03-13 20:02:31,-1.121,-1.185
2022-03-13 20:02:33,-0.972,-1.053
2022-03-13 20:02:35,-1.184,-0.751
2022-03-13 20:02:37,-1.18,-0.974
2022-03-13 20:02:38,-0.937,-0.932
2022-03-13 20:02:40,-1.165,-0.8150000000000001
2022-03-13 20:02:42,-1.188,-0.9560000000000001
2022-03-13 20:02:44,-0.9380000000000001,-0.9510000000000001
2022-03-13 20:02:45,-1.2730000000000001,-0.8310000000000001
2022-03-13 20:02:47,-1.124,-1.072
2022-03-13 20:02:49,-1.067,-0.9430000000000001
2022-03-13 20:02:50,-1.209,-0.791
2022-03-13 20:02:52,-1.195,-0.997
2022-03-13 20:02:54,-0.96,-1.082
2022-03-13 20:02:56,-1.283,-0.909
2022-03-13 20:02:57,-0.921,-1.167
2022-03-13 20:02:59,-0.999,-1.158
2022-03-13 20:03:01,-1.133,-0.982
2022-03-13 20:03:03,-0.922,-1.2690000000000001
2022-03-13 20:03:04,-1.08,-0.803
2022-03-13 20:03:06,-1.215,-1.062
2022-03-13 20:03:08,-0.861,-0.922
2022-03-13 20:03:09,-0.961,-0.8320000000000001
2022-03-13 20:03:11,-1.172,-1.031
2022-03-13 20:03:13,-0.901,-0.9550000000000001
2022-03-13 20:03:15,-1.22,-0.912
2022-03-13 20:03:16,-1.099,-0.927
2022-03-13 20:03:18,-1.03,-1.033
2022-03-13 20:03:20,-1.266,-0.854
2022-03-13 20:03:22,-1.153,-0.9440000000000001
2022-03-13 20:03:23,-0.987,-0.902
2022-03-13 20:03:25,-1.2550000000000001,-0.762
2022-03-13 20:03:27,-1.295,-0.924
2022-03-13 20:03:28,-0.925,-0.961
2022-03-13 20:03:30,-1.173,-0.854
2022-03-13 20:03:32,-0.887,-1.112
2022-03-13 20:03:34,-0.97,-1.099
2022-03-13 20:03:35,-1.194,-1.0210000000000001
2022-03-13 20:03:37,-0.964,-1.162
2022-03-13 20:03:39,-0.984,-1.064
2022-03-13 20:03:41,-1.156,-1.008
2022-03-13 20:03:42,-0.845,-1.179
2022-03-13 20:03:44,-0.846,-0.992
2022-03-13 20:03:46,-1.214,-0.664
2022-03-13 20:03:47,-1.29,-0.9540000000000001
2022-03-13 20:03:49,-1.063,-1.09
2022-03-13 20:03:51,-1.276,-0.835
2022-03-13 20:03:53,-1.069,-0.9460000000000001
2022-03-13 20:03:54,-0.963,-0.968
2022-03-13 20:03:56,-0.926,-0.6890000000000001
2022-03-13 20:03:58,-1.19,-0.999
2022-03-13 20:04:00,-0.968,-1.242
2022-03-13 20:04:01,-1.033,-1.097
2022-03-13 20:04:03,-1.095,-1.0030000000000001
2022-03-13 20:04:05,-0.837,-1.159
2022-03-13 20:04:06,-0.993,-0.9520000000000001
2022-03-13 20:04:08,-1.178,-1.066
2022-03-13 20:04:10,-0.8220000000000001,-1.221
2022-03-13 20:04:12,-0.904,-1.028
2022-03-13 20:04:13,-1.233,-0.807
2022-03-13 20:04:15,-1.113,-0.771
2022-03-13 20:04:17,-0.912,-0.9520000000000001
2022-03-13 20:04:19,-1.174,-1.123
2022-03-13 20:04:20,-0.868,-1.161
2022-03-13 20:04:22,-1.006,-0.859
2022-03-13 20:04:24,-1.2530000000000001,-1.088
2022-03-13 20:04:25,-0.85,-1.165
2022-03-13 20:04:27,-0.918,-0.9590000000000001
2022-03-13 20:04:29,-1.1440000000000001,-1.036
2022-03-13 20:04:31,-0.924,-0.9420000000000001
2022-03-13 20:04:32,-0.935,-0.8300000000000001
2022-03-13 20:04:34,-1.1480000000000001,-1.014
2022-03-13 20:04:36,-0.994,-1.0030000000000001
2022-03-13 20:04:38,-1.201,-0.8220000000000001
2022-03-13 20:04:39,-1.186,-0.9500000000000001
2022-03-13 20:04:41,-0.935,-0.934
2022-03-13 20:04:43,-1.197,-0.853
2022-03-13 20:04:44,-1.118,-0.917
2022-03-13 20:04:46,-1.02,-0.991
2022-03-13 20:04:48,-1.228,-0.735
2022-03-13 20:04:50,-1.139,-1.004
2022-03-13 20:04:51,-0.928,-0.976
2022-03-13 20:04:53,-1.188,-0.748
2022-03-13 20:04:55,-1.145,-0.9560000000000001
2022-03-13 20:04:57,-0.914,-0.9
2022-03-13 20:04:58,-1.219,-0.74
2022-03-13 20:05:00,-0.896,-1.186
2022-03-13 20:05:02,-1.01,-1.065
2022-03-13 20:05:03,-1.232,-1.026
2022-03-13 20:05:05,-0.841,-0.884
2022-03-13 20:05:07,-1.286,-0.878
2022-03-13 20:05:09,-1.185,-0.905
2022-03-13 20:05:10,-1.052,-1.0210000000000001
2022-03-13 20:05:12,-1.155,-0.8200000000000001
2022-03-13 20:05:14,-1.206,-1.069
2022-03-13 20:05:16,-0.921,-0.9420000000000001
2022-03-13 20:05:17,-1.347,-0.978
2022-03-13 20:05:19,-0.847,-1.191
2022-03-13 20:05:21,-0.899,-0.972
2022-03-13 20:05:22,-1.139,-0.991
2022-03-13 20:05:24,-0.9530000000000001,-1.165
2022-03-13 20:05:26,-0.996,-1.097
2022-03-13 20:05:28,-1.112,-0.919
2022-03-13 20:05:29,-0.9390000000000001,-1.302
2022-03-13 20:05:31,-1.0130000000000001,-0.836
2022-03-13 20:05:33,-1.1300000000000001,-1.0010000000000001
2022-03-13 20:05:35,-0.8220000000000001,-1.031
2022-03-13 20:05:36,-0.918,-0.8300000000000001
2022-03-13 20:05:38,-1.191,-0.9580000000000001
2022-03-13 20:05:40,-0.8280000000000001,-0.9400000000000001
2022-03-13 20:05:41,-0.933,-0.795
2022-03-13 20:05:43,-1.201,-0.909
2022-03-13 20:05:45,-0.9510000000000001,-1.309
2022-03-13 20:05:47,-0.855,-0.762
2022-03-13 20:05:48,-1.223,-1.008
2022-03-13 20:05:50,-0.904,-1.048
2022-03-13 20:05:52,-1.307,-0.925
2022-03-13 20:05:54,-1.189,-1.044
2022-03-13 20:05:55,-0.9520000000000001,-0.973
2022-03-13 20:05:57,-1.2650000000000001,-0.772
2022-03-13 20:05:59,-0.88,-1.2590000000000001
2022-03-13 20:06:00,-0.916,-0.9520000000000001
2022-03-13 20:06:02,-1.252,-0.834
2022-03-13 20:06:04,-0.844,-1.188
2022-03-13 20:06:06,-1.0050000000000001,-0.98
2022-03-13 20:06:07,-1.172,-1.069
2022-03-13 20:06:09,-0.908,-1.083
2022-03-13 20:06:11,-0.978,-0.792
2022-03-13 20:06:13,-1.178,-1.1340000000000001
2022-03-13 20:06:14,-0.931,-0.9560000000000001
2022-03-13 20:06:16,-1.17,-0.8260000000000001
2022-03-13 20:06:18,-1.285,-1.022
2022-03-13 20:06:19,-1.066,-1.057
2022-03-13 20:06:21,-1.244,-0.769
2022-03-13 20:06:23,-1.222,-1.093
2022-03-13 20:06:25,-0.85,-0.981
2022-03-13 20:06:26,-1.218,-1.112
2022-03-13 20:06:28,-0.872,-1.206
2022-03-13 20:06:30,-0.969,-0.9440000000000001
2022-03-13 20:06:32,-1.187,-0.999
2022-03-13 20:06:33,-0.893,-1.2690000000000001
2022-03-13 20:06:35,-0.889,-0.861
2022-03-13 20:06:37,-1.181,-0.978
2022-03-13 20:06:38,-0.849,-0.9540000000000001
2022-03-13 20:06:40,-1.173,-0.989
2022-03-13 20:06:42,-1.167,-0.972
2022-03-13 20:06:44,-1.01,-1.094
2022-03-13 20:06:45,-1.166,-0.77
2022-03-13 20:06:47,-0.8170000000000001,-1.123
2022-03-13 20:06:49,-0.9560000000000001,-0.803
2022-03-13 20:06:50,-1.086,-1.026
2022-03-13 20:06:52,-0.9,-0.9430000000000001
2022-03-13 20:06:54,-1.295,-0.9510000000000001
2022-03-13 20:06:56,-0.789,-1.208
2022-03-13 20:06:57,-1.0050000000000001,-1.08
2022-03-13 20:06:59,-1.181,-0.903
2022-03-13 20:07:01,-0.9540000000000001,-0.877
2022-03-13 20:07:03,-1.306,-0.9490000000000001
2022-03-13 20:07:04,-1.185,-0.988
2022-03-13 20:07:06,-0.9440000000000001,-1.0030000000000001
2022-03-13 20:07:08,-1.2650000000000001,-0.775
2022-03-13 20:07:09,-0.904,-1.292
2022-03-13 20:07:11,-1.056,-1.031
2022-03-13 20:07:13,-1.122,-1.0090000000000001
2022-03-13 20:07:15,-0.838,-1.0130000000000001
2022-03-13 20:07:16,-1.183,-0.801
2022-03-13 20:07:18,-1.154,-1.173
2022-03-13 20:07:20,-0.901,-0.911
2022-03-13 20:07:22,-1.313,-0.894
2022-03-13 20:07:23,-0.899,-1.099
2022-03-13 20:07:25,-0.976,-1.05
2022-03-13 20:07:27,-1.127,-0.98
2022-03-13 20:07:28,-1.054,-1.053
2022-03-13 20:07:30,-1.155,-0.8160000000000001
2022-03-13 20:07:32,-0.928,-1.341
2022-03-13 20:07:34,-0.9550000000000001,-0.92
2022-03-13 20:07:35,-1.18,-1.1380000000000001
2022-03-13 20:07:37,-0.9490000000000001,-1.208
2022-03-13 20:07:39,-0.993,-0.769
2022-03-13 20:07:41,-1.046,-1.048
2022-03-13 20:07:42,-0.8320000000000001,-0.887
2022-03-13 20:07:44,-1.162,-0.812
2022-03-13 20:07:46,-0.8240000000000001,-1.198
2022-03-13 20:07:47,-0.965,-0.784
2022-03-13 20:07:49,-1.1500000000000001,-1.027
2022-03-13 20:07:51,-0.966,-1.051
2022-03-13 20:07:53,-1.254,-0.81
2022-03-13 20:07:54,-0.934,-1.157
2022-03-13 20:07:56,-0.886,-1.069
2022-03-13 20:07:58,-1.167,-1.159
2022-03-13 20:08:00,-0.8310000000000001,-1.215
2022-03-13 20:08:01,-0.921,-1.108
2022-03-13 20:08:03,-1.1520000000000001,-1.0170000000000001
2022-03-13 20:08:05,-0.901,-0.972
2022-03-13 20:08:06,-1.19,-0.874
2022-03-13 20:08:08,-1.122,-0.9380000000000001
2022-03-13 20:08:10,-1.039,-1.033
2022-03-13 20:08:12,-1.244,-0.742
2022-03-13 20:08:13,-0.997,-1.101
2022-03-13 20:08:15,-0.865,-0.874
2022-03-13 20:08:17,-1.221,-1.082
2022-03-13 20:08:19,-0.8300000000000001,-1.058
2022-03-13 20:08:20,-1.076,-0.801
2022-03-13 20:08:22,-1.114,-0.967
2022-03-13 20:08:24,-1.155,-0.869
2022-03-13 20:08:25,-1.19,-0.919
2022-03-13 20:08:27,-1.094,-0.995
2022-03-13 20:08:29,-1.002,-1.123
2022-03-13 20:08:31,-1.246,-0.879
2022-03-13 20:08:32,-1.209,-1.02
2022-03-13 20:08:34,-1.079,-0.992
2022-03-13 20:08:36,-1.272,-0.9460000000000001
2022-03-13 20:08:38,-1.141,-1.072
2022-03-13 20:08:39,-1.18,-1.014
2022-03-13 20:08:41,-1.2650000000000001,-0.799
2022-03-13 20:08:43,-1.052,-1.056
2022-03-13 20:08:44,-0.8270000000000001,-1.0190000000000001
2022-03-13 20:08:46,-1.205,-1.117
2022-03-13 20:08:48,-0.9540000000000001,-1.159
2022-03-13 20:08:50,-1.059,-1.1
2022-03-13 20:08:51,-1.143,-0.987
2022-03-13 20:08:53,-0.988,-1.327
2022-03-13 20:08:55,-1.097,-0.753
2022-03-13 20:08:57,-1.236,-1.057
2022-03-13 20:08:58,-1.099,-0.933
2022-03-13 20:09:00,-1.2,-0.81
2022-03-13 20:09:02,-0.723,-0.972
2022-03-13 20:09:03,-0.895,-1.0110000000000001
2022-03-13 20:09:05,-1.243,-0.74
2022-03-13 20:09:07,-1.049,-1.294
2022-03-13 20:09:09,-0.899,-1.0070000000000001
2022-03-13 20:09:10,-1.064,-0.99
2022-03-13 20:09:12,-0.992,-1.079
2022-03-13 20:09:14,-0.893,-1.012
2022-03-13 20:09:16,-1.262,-1.077
2022-03-13 20:09:17,-1.105,-0.985
2022-03-13 20:09:19,-1.187,-0.762
2022-03-13 20:09:21,-1.053,-1.231
2022-03-13 20:09:22,-1.01,-1.033
2022-03-13 20:09:24,-1.236,-1.129
2022-03-13 20:09:26,-0.997,-0.901
2022-03-13 20:09:28,-1.1380000000000001,-0.797
2022-03-13 20:09:29,-1.167,-0.996
2022-03-13 20:09:31,-0.973,-0.902
2022-03-13 20:09:33,-1.217,-0.9510000000000001
2022-03-13 20:09:35,-0.8270000000000001,-0.988
2022-03-13 20:09:36,-1.212,-0.776
2022-03-13 20:09:38,-1.08,-1.231
2022-03-13 20:09:40,-0.9380000000000001,-0.861
2022-03-13 20:09:41,-1.178,-1.143
2022-03-13 20:09:43,-0.908,-1.094
2022-03-13 20:09:45,-0.976,-0.92
2022-03-13 20:09:47,-1.16,-1.004
2022-03-13 20:09:48,-1.038,-0.881
2022-03-13 20:09:50,-1.089,-0.8180000000000001
2022-03-13 20:09:52,-0.856,-1.237
2022-03-13 20:09:54,-0.935,-1.11
2022-03-13 20:09:55,-1.122,-1.153
2022-03-13 20:09:57,-0.901,-0.966
2022-03-13 20:09:59,-1.236,-0.791
2022-03-13 20:10:00,-1.154,-0.963
2022-03-13 20:10:02,-0.776,-0.935
2022-03-13 20:10:04,-1.241,-0.999
2022-03-13 20:10:06,-1.104,-1.0170000000000001
2022-03-13 20:10:07,-0.905,-0.9400000000000001
2022-03-13 20:10:09,-1.0010000000000001,-0.788
2022-03-13 20:10:11,-1.1340000000000001,-1.094
2022-03-13 20:10:13,-0.883,-1.242
2022-03-13 20:10:14,-1.0070000000000001,-1.098
2022-03-13 20:10:16,-1.185,-1.0170000000000001
2022-03-13 20:10:18,-0.851,-1.26
2022-03-13 20:10:19,-0.987,-1.121
2022-03-13 20:10:21,-1.202,-0.992
2022-03-13 20:10:23,-0.919,-1.23
2022-03-13 20:10:25,-0.904,-0.803
2022-03-13 20:10:26,-1.166,-1.049
2022-03-13 20:10:28,-0.8300000000000001,-1.2730000000000001
2022-03-13 20:10:30,-0.981,-0.8180000000000001
2022-03-13 20:10:32,-1.2,-1.012
2022-03-13 20:10:33,-0.84,-1.204
2022-03-13 20:10:35,-0.977,-0.795
2022-03-13 20:10:37,-1.264,-0.972
2022-03-13 20:10:38,-0.916,-0.9580000000000001
2022-03-13 20:10:40,-0.97,-0.796
2022-03-13 20:10:42,-1.106,-0.963
2022-03-13 20:10:44,-0.869,-1.041
2022-03-13 20:10:45,-1.221,-0.802
2022-03-13 20:10:47,-1.07,-1.067
2022-03-13 20:10:49,-0.9390000000000001,-0.9420000000000001
2022-03-13 20:10:51,-1.316,-0.9540000000000001
2022-03-13 20:10:52,-1.112,-1.002
2022-03-13 20:10:54,-1.027,-0.963
2022-03-13 20:10:56,-1.16,-0.8190000000000001
2022-03-13 20:10:57,-1.058,-0.995
2022-03-13 20:10:59,-1.056,-0.9470000000000001
2022-03-13 20:11:01,-1.202,-0.837
2022-03-13 20:11:03,-0.862,-1.234
2022-03-13 20:11:04,-0.913,-0.9590000000000001
2022-03-13 20:11:06,-1.301,-0.834
2022-03-13 20:11:08,-0.872,-1.1260000000000001
2022-03-13 20:11:10,-0.881,-1.0010000000000001
2022-03-13 20:11:11,-1.118,-1.232
2022-03-13 20:11:13,-0.892,-1.111
2022-03-13 20:11:15,-0.997,-0.996
2022-03-13 20:11:16,-1.169,-0.97
2022-03-13 20:11:18,-0.927,-0.9570000000000001
2022-03-13 20:11:20,-1.299,-0.932
2022-03-13 20:11:22,-1.1,-1.008
2022-03-13 20:11:23,-1.082,-1.04
2022-03-13 20:11:25,-1.124,-0.87
2022-03-13 20:11:27,-1.115,-0.926
2022-03-13 20:11:29,-1.004,-1.031
2022-03-13 20:11:30,-1.284,-0.8190000000000001
2022-03-13 20:11:32,-1.123,-1.204
2022-03-13 20:11:34,-0.974,-0.977
2022-03-13 20:11:35,-1.1360000000000001,-1.178
2022-03-13 20:11:37,-0.89,-1.158
2022-03-13 20:11:39,-0.903,-1.091
2022-03-13 20:11:41,-1.052,-1.016
2022-03-13 20:11:42,-0.802,-0.989
2022-03-13 20:11:44,-1.147,-0.743
2022-03-13 20:11:46,-1.166,-0.9590000000000001
2022-03-13 20:11:48,-0.9510000000000001,-0.9520000000000001
2022-03-13 20:11:49,-1.101,-1.11
2022-03-13 20:11:51,-0.906,-1.171
2022-03-13 20:11:53,-0.983,-0.756
2022-03-13 20:11:54,-1.199,-1.074
2022-03-13 20:11:56,-0.874,-0.893
2022-03-13 20:11:58,-1.193,-0.764
2022-03-13 20:12:00,-0.84,-1.154
2022-03-13 20:12:01,-0.966,-1.158
2022-03-13 20:12:03,-1.12,-0.997
2022-03-13 20:12:05,-1.014,-1.2750000000000001
2022-03-13 20:12:07,-0.918,-0.739
2022-03-13 20:12:08,-1.091,-1.064
2022-03-13 20:12:10,-0.861,-1.0
2022-03-13 20:12:12,-1.32,-0.8200000000000001
2022-03-13 20:12:13,-1.163,-0.98
2022-03-13 20:12:15,-1.025,-1.129
2022-03-13 20:12:17,-1.2610000000000001,-0.792
2022-03-13 20:12:19,-1.2570000000000001,-1.171
2022-03-13 20:12:20,-0.987,-0.936
2022-03-13 20:12:22,-1.256,-1.107
2022-03-13 20:12:24,-0.853,-1.17
2022-03-13 20:12:26,-0.904,-1.111
2022-03-13 20:12:27,-1.171,-0.965
2022-03-13 20:12:29,-0.903,-1.169
2022-03-13 20:12:31,-1.106,-1.075
2022-03-13 20:12:32,-1.178,-1.086
2022-03-13 20:12:34,-0.976,-1.31
2022-03-13 20:12:36,-0.9530000000000001,-1.0150000000000001
2022-03-13 20:12:38,-1.171,-1.2
2022-03-13 20:12:39,-0.976,-1.115
2022-03-13 20:12:41,-0.903,-0.983
2022-03-13 20:12:43,-1.122,-0.985
2022-03-13 20:12:45,-0.8280000000000001,-1.184
2022-03-13 20:12:46,-0.964,-0.864
2022-03-13 20:12:48,-1.1380000000000001,-1.083
2022-03-13 20:12:50,-0.8200000000000001,-1.002
2022-03-13 20:12:51,-1.2710000000000001,-0.859
2022-03-13 20:12:53,-1.226,-0.983
2022-03-13 20:12:55,-1.004,-1.035
2022-03-13 20:12:57,-1.113,-1.184
2022-03-13 20:12:58,-0.9500000000000001,-1.212
2022-03-13 20:13:00,-0.963,-1.22
2022-03-13 20:13:02,-1.153,-0.97
2022-03-13 20:13:04,-0.835,-0.99
2022-03-13 20:13:05,-1.281,-0.923
2022-03-13 20:13:07,-1.201,-0.966
2022-03-13 20:13:09,-1.046,-1.042
2022-03-13 20:13:10,-1.183,-0.8320000000000001
2022-03-13 20:13:12,-1.177,-0.979
2022-03-13 20:13:14,-0.961,-1.002
2022-03-13 20:13:16,-1.234,-0.751
2022-03-13 20:13:17,-0.887,-1.123
2022-03-13 20:13:19,-0.925,-1.033
2022-03-13 20:13:21,-1.108,-1.215
2022-03-13 20:13:23,-0.9510000000000001,-1.154
2022-03-13 20:13:24,-0.997,-1.068
2022-03-13 20:13:26,-1.163,-1.0190000000000001
2022-03-13 20:13:28,-0.894,-1.323
2022-03-13 20:13:29,-1.02,-0.8180000000000001
2022-03-13 20:13:31,-1.077,-1.087
2022-03-13 20:13:33,-0.853,-0.93
2022-03-13 20:13:35,-1.24,-0.8180000000000001
2022-03-13 20:13:36,-1.223,-1.1440000000000001
2022-03-13 20:13:38,-0.885,-0.904
2022-03-13 20:13:40,-1.361,-0.905
2022-03-13 20:13:42,-1.104,-1.028
2022-03-13 20:13:43,-0.79,-0.91
2022-03-13 20:13:45,-1.292,-0.967
2022-03-13 20:13:47,-1.113,-1.119
2022-03-13 20:13:48,-0.84,-0.9530000000000001
2022-03-13 20:13:50,-0.997,-0.8130000000000001
2022-03-13 20:13:52,-1.241,-1.008
2022-03-13 20:13:54,-0.897,-0.9440000000000001
2022-03-13 20:13:55,-0.937,-0.782
2022-03-13 20:13:57,-1.193,-1.174
2022-03-13 20:13:59,-0.853,-0.963
2022-03-13 20:14:01,-1.23,-0.775
2022-03-13 20:14:02,-1.049,-1.046
2022-03-13 20:14:04,-0.9480000000000001,-0.935
2022-03-13 20:14:06,-1.176,-0.893
2022-03-13 20:14:07,-0.906,-0.918
2022-03-13 20:14:09,-1.224,-0.911
2022-03-13 20:14:11,-1.1380000000000001,-1.02
2022-03-13 20:14:13,-1.025,-0.89
2022-03-13 20:14:14,-1.278,-0.937
2022-03-13 20:14:16,-1.2690000000000001,-1.047
2022-03-13 20:14:18,-0.916,-0.974
2022-03-13 20:14:20,-1.113,-1.185
2022-03-13 20:14:21,-0.974,-1.181
2022-03-13 20:14:23,-1.076,-1.056
2022-03-13 20:14:25,-1.163,-1.042
2022-03-13 20:14:26,-0.91,-1.327
2022-03-13 20:14:28,-0.902,-1.0010000000000001
2022-03-13 20:14:30,-1.201,-0.896
2022-03-13 20:14:32,-0.903,-1.171
2022-03-13 20:14:33,-1.0150000000000001,-1.124
2022-03-13 20:14:35,-1.1500000000000001,-0.991
2022-03-13 20:14:37,-1.034,-1.34
2022-03-13 20:14:39,-0.857,-0.965
2022-03-13 20:14:40,-1.206,-0.976
2022-03-13 20:14:42,-0.927,-1.102
2022-03-13 20:14:44,-0.9530000000000001,-1.135
2022-03-13 20:14:45,-1.203,-1.125
2022-03-13 20:14:47,-0.868,-1.224
2022-03-13 20:14:49,-0.92,-0.98
2022-03-13 20:14:51,-1.29,-0.8180000000000001
2022-03-13 20:14:52,-1.323,-1.0110000000000001
2022-03-13 20:14:54,-0.884,-1.0010000000000001
2022-03-13 20:14:56,-1.165,-0.844
2022-03-13 20:14:57,-0.839,-1.145
2022-03-13 20:14:59,-0.98,-0.963
2022-03-13 20:15:01,-1.104,-1.0150000000000001
2022-03-13 20:15:03,-0.857,-1.028
2022-03-13 20:15:04,-1.254,-0.906
2022-03-13 20:15:06,-1.189,-1.067
2022-03-13 20:15:08,-0.9500000000000001,-1.031
2022-03-13 20:15:10,-1.311,-0.796
2022-03-13 20:15:11,-1.117,-0.9570000000000001
2022-03-13 20:15:13,-0.858,-0.973
2022-03-13 20:15:15,-0.986,-0.757
2022-03-13 20:15:16,-1.236,-0.9580000000000001
2022-03-13 20:15:18,-0.912,-1.178
2022-03-13 20:15:20,-0.895,-0.853
2022-03-13 20:15:22,-1.101,-0.9420000000000001
2022-03-13 20:15:23,-0.867,-1.2710000000000001
2022-03-13 20:15:25,-0.9500000000000001,-1.1260000000000001
2022-03-13 20:15:27,-1.197,-0.967
2022-03-13 20:15:29,-0.909,-1.2690000000000001
2022-03-13 20:15:30,-0.932,-0.99
2022-03-13 20:15:32,-1.314,-0.805
2022-03-13 20:15:34,-0.893,-1.211
2022-03-13 20:15:35,-0.994,-1.135
2022-03-13 20:15:37,-1.236,-0.747
2022-03-13 20:15:39,-1.212,-0.991
2022-03-13 20:15:41,-1.038,-0.981
2022-03-13 20:15:42,-1.231,-0.862
2022-03-13 20:15:44,-1.114,-1.06
2022-03-13 20:15:46,-1.063,-1.1280000000000001
2022-03-13 20:15:48,-1.27,-0.8140000000000001
2022-03-13 20:15:49,-1.1260000000000001,-1.067
2022-03-13 20:15:51,-0.9590000000000001,-1.027
2022-03-13 20:15:53,-1.182,-0.89
2022-03-13 20:15:54,-1.2510000000000001,-1.026
2022-03-13 20:15:56,-1.0210000000000001,-1.014
2022-03-13 20:15:58,-1.236,-0.858
2022-03-13 20:16:00,-1.169,-1.0
2022-03-13 20:16:01,-0.996,-0.998
2022-03-13 20:16:03,-1.218,-0.762
2022-03-13 20:16:05,-1.01,-1.29
2022-03-13 20:16:07,-0.9,-1.038
2022-03-13 20:16:08,-1.049,-0.9530000000000001
2022-03-13 20:16:10,-0.892,-0.961
2022-03-13 20:16:12,-1.272,-0.8180000000000001
2022-03-13 20:16:13,-1.18,-1.109
2022-03-13 20:16:15,-0.921,-0.932
2022-03-13 20:16:17,-1.2770000000000001,-0.9
2022-03-13 20:16:19,-1.209,-0.934
2022-03-13 20:16:20,-1.018,-1.1420000000000001
2022-03-13 20:16:22,-1.242,-0.8130000000000001
2022-03-13 20:16:24,-1.186,-0.999
2022-03-13 20:16:26,-0.98,-1.046
2022-03-13 20:16:27,-1.25,-0.8250000000000001
2022-03-13 20:16:29,-1.262,-1.042
2022-03-13 20:16:31,-1.002,-0.895
2022-03-13 20:16:32,-1.213,-1.076
2022-03-13 20:16:34,-0.911,-1.147
2022-03-13 20:16:36,-1.105,-1.083
2022-03-13 20:16:38,-1.115,-1.049
2022-03-13 20:16:39,-0.9,-1.321
2022-03-13 20:16:41,-0.9540000000000001,-0.842
2022-03-13 20:16:43,-1.2790000000000001,-1.061
2022-03-13 20:16:45,-0.971,-0.967
2022-03-13 20:16:46,-1.059,-0.741
2022-03-13 20:16:48,-1.112,-1.084
2022-03-13 20:16:50,-0.983,-0.982
2022-03-13 20:16:51,-1.22,-0.808
2022-03-13 20:16:53,-1.027,-1.293
2022-03-13 20:16:55,-1.043,-0.9400000000000001
2022-03-13 20:16:57,-1.165,-1.115
2022-03-13 20:16:58,-0.841,-1.17
2022-03-13 20:17:00,-1.0030000000000001,-0.987
2022-03-13 20:17:02,-1.154,-0.994
2022-03-13 20:17:04,-0.979,-1.172
2022-03-13 20:17:05,-0.922,-0.897
2022-03-13 20:17:07,-1.1,-1.016
2022-03-13 20:17:09,-0.916,-1.321
2022-03-13 20:17:10,-0.931,-0.797
2022-03-13 20:17:12,-1.1300000000000001,-0.978
2022-03-13 20:17:14,-0.84,-0.9460000000000001
2022-03-13 20:17:16,-0.986,-0.787
2022-03-13 20:17:17,-1.169,-1.0230000000000001
2022-03-13 20:17:19,-0.961,-1.344
2022-03-13 20:17:21,-0.9520000000000001,-1.0
2022-03-13 20:17:23,-1.1320000000000001,-1.029
2022-03-13 20:17:24,-0.902,-1.232
2022-03-13 20:17:26,-0.969,-0.97
2022-03-13 20:17:28,-1.117,-1.043
2022-03-13 20:17:29,-0.8240000000000001,-1.115
2022-03-13 20:17:31,-0.887,-1.104
2022-03-13 20:17:33,-1.1,-1.046
2022-03-13 20:17:35,-0.963,-1.083
2022-03-13 20:17:36,-1.055,-0.811
2022-03-13 20:17:38,-1.1520000000000001,-1.0130000000000001
2022-03-13 20:17:40,-0.903,-1.107
2022-03-13 20:17:42,-0.9550000000000001,-0.919
2022-03-13 20:17:43,-1.133,-1.0010000000000001
2022-03-13 20:17:45,-0.982,-1.294
2022-03-13 20:17:47,-0.927,-1.112
2022-03-13 20:17:48,-1.164,-1.006
2022-03-13 20:17:50,-0.797,-1.018
2022-03-13 20:17:52,-1.0050000000000001,-0.857
2022-03-13 20:17:54,-1.158,-1.004
2022-03-13 20:17:55,-0.9430000000000001,-1.0070000000000001
2022-03-13 20:17:57,-1.295,-0.8180000000000001
2022-03-13 20:17:59,-0.859,-1.236
2022-03-13 20:18:01,-0.921,-0.812
2022-03-13 20:18:02,-1.276,-1.103
2022-03-13 20:18:04,-0.871,-0.9580000000000001
2022-03-13 20:18:06,-1.315,-0.885
2022-03-13 20:18:07,-1.114,-0.968
2022-03-13 20:18:09,-1.073,-0.981
2022-03-13 20:18:11,-1.216,-0.756
2022-03-13 20:18:13,-1.156,-1.189
2022-03-13 20:18:14,-1.027,-0.968
2022-03-13 20:18:16,-1.105,-1.077
2022-03-13 20:18:18,-0.9460000000000001,-1.116
2022-03-13 20:18:20,-0.96,-0.833
2022-03-13 20:18:21,-1.188,-1.141
2022-03-13 20:18:23,-0.8200000000000001,-1.028
2022-03-13 20:18:25,-1.173,-0.774
2022-03-13 20:18:26,-1.18,-1.239
2022-03-13 20:18:28,-0.9580000000000001,-0.915
2022-03-13 20:18:30,-1.107,-1.058
2022-03-13 20:18:32,-0.966,-1.176
2022-03-13 20:18:33,-1.049,-0.791
2022-03-13 20:18:35,-1.17,-1.055
2022-03-13 20:18:37,-0.999,-0.9440000000000001
2022-03-13 20:18:39,-1.18,-0.8320000000000001
2022-03-13 20:18:40,-0.842,-1.215
2022-03-13 20:18:42,-1.053,-1.117
2022-03-13 20:18:44,-1.289,-1.1
2022-03-13 20:18:45,-0.85,-0.963
2022-03-13 20:18:47,-1.242,-0.987
2022-03-13 20:18:49,-1.198,-1.022
2022-03-13 20:18:51,-0.922,-1.0210000000000001
2022-03-13 20:18:52,-1.1520000000000001,-1.037
2022-03-13 20:18:54,-0.9440000000000001,-1.32
2022-03-13 20:18:56,-0.911,-0.81
2022-03-13 20:18:58,-1.115,-1.151
2022-03-13 20:18:59,-1.047,-0.973
2022-03-13 20:19:01,-1.2,-0.837
2022-03-13 20:19:03,-0.93,-1.204
2022-03-13 20:19:04,-1.073,-1.06
2022-03-13 20:19:06,-1.227,-0.989
2022-03-13 20:19:08,-0.967,-1.026
2022-03-13 20:19:10,-0.964,-0.741
2022-03-13 20:19:11,-1.167,-1.0150000000000001
2022-03-13 20:19:13,-1.02,-1.041
2022-03-13 20:19:15,-1.206,-0.837
2022-03-13 20:19:17,-1.185,-1.1320000000000001
2022-03-13 20:19:18,-0.867,-0.967
2022-03-13 20:19:20,-1.196,-0.992
2022-03-13 20:19:22,-0.912,-1.1340000000000001
2022-03-13 20:19:23,-0.869,-0.867
2022-03-13 20:19:25,-1.155,-1.045
2022-03-13 20:19:27,-1.073,-1.059
2022-03-13 20:19:29,-1.174,-0.739
2022-03-13 20:19:30,-0.965,-1.162
2022-03-13 20:19:32,-0.976,-0.992
2022-03-13 20:19:34,-1.2610000000000001,-1.004
2022-03-13 20:19:36,-0.914,-0.963
2022-03-13 20:19:37,-1.252,-0.8210000000000001
2022-03-13 20:19:39,-0.914,-1.137
2022-03-13 20:19:41,-1.0090000000000001,-0.913
2022-03-13 20:19:42,-1.08,-1.09
2022-03-13 20:19:44,-0.852,-1.116
2022-03-13 20:19:46,-1.347,-0.905
2022-03-13 20:19:48,-1.149,-1.075
2022-03-13 20:19:49,-0.877,-0.961
2022-03-13 20:19:51,-1.149,-1.075
2022-03-13 20:19:53,-0.985,-1.278
2022-03-13 20:19:55,-1.01,-0.781
2022-03-13 20:19:56,-1.175,-1.045
2022-03-13 20:19:58,-0.985,-1.129
2022-03-13 20:20:00,-1.075,-1.029
2022-03-13 20:20:01,-0.962,-1.027
2022-03-13 20:20:03,0.017,-0.964
2022-03-13 20:20:05,-0.869,-0.961
2022-03-13 20:20:07,-1.08,-0.674
2022-03-13 20:20:08,-0.617,-1.085
2022-03-13 20:20:10,-0.8250000000000001,-1.178
2022-03-13 20:20:12,-1.069,-0.892
2022-03-13 20:20:14,-0.6890000000000001,-0.886
2022-03-13 20:20:15,-1.012,-0.765
2022-03-13 20:20:17,-0.748,-1.085
2022-03-13 20:20:19,-0.8140000000000001,-0.796
2022-03-13 20:20:20,-0.916,-0.898
2022-03-13 20:20:22,-0.812,-0.987
2022-03-13 20:20:24,-0.929,-0.9560000000000001
2022-03-13 20:20:26,-0.8300000000000001,-1.2630000000000001
2022-03-13 20:20:27,-0.845,-0.8180000000000001
2022-03-13 20:20:29,-0.987,-0.98
2022-03-13 20:20:31,-0.858,-0.847
2022-03-13 20:20:33,-0.969,-0.737
2022-03-13 20:20:34,-0.719,-1.17
2022-03-13 20:20:36,-0.724,-0.9470000000000001
2022-03-13 20:20:38,-1.101,-0.912
2022-03-13 20:20:39,-0.868,-0.879
2022-03-13 20:20:41,-1.039,-0.744
2022-03-13 20:20:43,-0.725,-1.149
2022-03-13 20:20:45,-0.9500000000000001,-1.0090000000000001
2022-03-13 20:20:46,-1.03,-0.982
2022-03-13 20:20:48,-0.914,-1.004
2022-03-13 20:20:50,-0.868,-1.039
2022-03-13 20:20:52,-0.534,-1.025
2022-03-13 20:20:53,-0.755,-0.786
2022-03-13 20:20:55,-0.992,-1.014
2022-03-13 20:20:57,-0.646,-0.873
2022-03-13 20:20:58,-1.025,-0.782
2022-03-13 20:21:00,-0.9390000000000001,-0.994
2022-03-13 20:21:02,-0.745,-0.857
2022-03-13 20:21:04,-1.099,-0.9570000000000001
2022-03-13 20:21:05,-0.767,-1.074
2022-03-13 20:21:07,-0.752,-0.6890000000000001
2022-03-13 20:21:09,-0.9480000000000001,-1.051
2022-03-13 20:21:11,-0.75,-0.8260000000000001
2022-03-13 20:21:12,-1.045,-0.765
2022-03-13 20:21:14,-0.9420000000000001,-1.076
2022-03-13 20:21:16,-0.8,-0.994
2022-03-13 20:21:17,-0.9510000000000001,-0.987
2022-03-13 20:21:19,-0.783,-1.102
2022-03-13 20:21:21,-0.789,-0.781
2022-03-13 20:21:23,-0.971,-0.9420000000000001
2022-03-13 20:21:24,-0.887,-0.986
2022-03-13 20:21:26,-1.038,-0.6970000000000001
2022-03-13 20:21:28,-0.735,-1.222
2022-03-13 20:21:30,-0.855,-0.767
2022-03-13 20:21:31,-0.92,-0.883
2022-03-13 20:21:33,-0.736,-0.842
2022-03-13 20:21:35,-0.908,-0.68
2022-03-13 20:21:36,-0.918,-0.854
2022-03-13 20:21:38,-0.8130000000000001,-0.923
2022-03-13 20:21:40,-0.93,-1.014
2022-03-13 20:21:42,-0.67,-1.127
2022-03-13 20:21:43,-0.835,-1.006
2022-03-13 20:21:45,-0.9500000000000001,-0.9390000000000001
2022-03-13 20:21:47,-0.786,-0.848
2022-03-13 20:21:49,-0.9580000000000001,-0.671
2022-03-13 20:21:50,-0.873,-0.914
2022-03-13 20:21:52,-0.759,-0.877
2022-03-13 20:21:54,-0.973,-0.6900000000000001
2022-03-13 20:21:55,-0.604,-1.122
2022-03-13 20:21:57,-0.841,-0.847
2022-03-13 20:21:59,-0.911,-0.9
2022-03-13 20:22:01,-0.765,-1.0150000000000001
2022-03-13 20:22:02,-0.85,-0.719
2022-03-13 20:22:04,-0.932,-0.9480000000000001
2022-03-13 20:22:06,-0.736,-0.846
2022-03-13 20:22:07,-1.185,-0.84
2022-03-13 20:22:09,-0.991,-0.9490000000000001
2022-03-13 20:22:11,-0.798,-0.846
2022-03-13 20:22:13,-1.0190000000000001,-0.9590000000000001
2022-03-13 20:22:14,-0.639,-1.095
2022-03-13 20:22:16,-0.936,-0.713
2022-03-13 20:22:18,-0.9550000000000001,-0.9460000000000001
2022-03-13 20:22:20,-0.73,-0.833
2022-03-13 20:22:21,-0.988,-0.93
2022-03-13 20:22:23,-0.668,-0.865
2022-03-13 20:22:25,-1.153,-0.738
2022-03-13 20:22:26,-0.8310000000000001,-1.214
2022-03-13 20:22:28,-1.113,-0.784
2022-03-13 20:22:30,-0.6990000000000001,-1.155
2022-03-13 20:22:32,-0.723,-0.809
2022-03-13 20:22:33,-0.994,-0.9390000000000001
2022-03-13 20:22:35,-0.8230000000000001,-0.887
2022-03-13 20:22:37,-0.966,-0.997
2022-03-13 20:22:39,-0.762,-0.878
2022-03-13 20:22:40,-1.062,-0.767
2022-03-13 20:22:42,-0.756,-1.101
2022-03-13 20:22:44,-0.902,-0.734
2022-03-13 20:22:45,-0.932,-0.9550000000000001
2022-03-13 20:22:47,-0.934,-0.9430000000000001
2022-03-13 20:22:49,-0.9530000000000001,-0.9560000000000001
2022-03-13 20:22:51,-0.869,-1.061
2022-03-13 20:22:52,-1.016,-1.0210000000000001
2022-03-13 20:22:54,-0.644,-1.0170000000000001
2022-03-13 20:22:56,-1.109,-0.784
2022-03-13 20:22:58,-0.811,-1.294
2022-03-13 20:22:59,-0.9380000000000001,-1.102
2022-03-13 20:23:01,-0.9560000000000001,-0.981
2022-03-13 20:23:03,-0.87,-1.159
2022-03-13 20:23:04,-0.87,-1.114
2022-03-13 20:23:06,-0.845,-1.295
2022-03-13 20:23:08,-0.995,-0.932
2022-03-13 20:23:10,-0.772,-1.178
2022-03-13 20:23:11,-0.844,-0.859
2022-03-13 20:23:13,-1.0050000000000001,-1.097
2022-03-13 20:23:15,-0.791,-1.034
2022-03-13 20:23:17,-0.907,-1.1260000000000001
2022-03-13 20:23:18,-0.765,-0.962
2022-03-13 20:23:20,-1.094,-1.0050000000000001
2022-03-13 20:23:22,-1.066,-1.194
2022-03-13 20:23:23,-0.893,-1.26
2022-03-13 20:23:25,-1.067,-1.125
2022-03-13 20:23:27,-0.928,-1.1440000000000001
2022-03-13 20:23:29,-1.108,-1.317
2022-03-13 20:23:30,-0.793,-1.218
2022-03-13 20:23:32,-1.164,-1.089
2022-03-13 20:23:34,-0.7000000000000001,-1.37
2022-03-13 20:23:36,-1.088,-1.1480000000000001
2022-03-13 20:23:37,-0.738,-1.375
2022-03-13 20:23:39,-0.909,-1.254
2022-03-13 20:23:41,-0.9400000000000001,-1.2730000000000001
2022-03-13 20:23:42,-0.789,-1.198
2022-03-13 20:23:44,-0.9550000000000001,-1.324
2022-03-13 20:23:46,-0.987,-1.345
2022-03-13 20:23:48,-1.195,-1.288
2022-03-13 20:23:49,-0.794,-1.51
2022-03-13 20:23:51,-1.233,-1.293
2022-03-13 20:23:53,-0.676,-1.44
2022-03-13 20:23:55,-0.785,-1.26
2022-03-13 20:23:56,-1.034,-1.426
2022-03-13 20:23:58,-0.8260000000000001,-1.309
2022-03-13 20:24:00,-1.061,-1.456
2022-03-13 20:24:01,-0.744,-1.3880000000000001
2022-03-13 20:24:03,-1.101,-1.341
2022-03-13 20:24:05,-1.045,-1.695
2022-03-13 20:24:07,-0.888,-1.373
2022-03-13 20:24:08,-1.03,-1.58
2022-03-13 20:24:10,-0.807,-1.486
2022-03-13 20:24:12,-1.0050000000000001,-1.621
2022-03-13 20:24:14,-0.739,-1.764
2022-03-13 20:24:15,-1.1480000000000001,-1.506
2022-03-13 20:24:17,-1.0150000000000001,-1.699
2022-03-13 20:24:19,-0.776,-1.618
2022-03-13 20:24:20,-0.9390000000000001,-1.717
2022-03-13 20:24:22,-0.712,-1.571
2022-03-13 20:24:24,-0.973,-1.57
2022-03-13 20:24:26,-0.73,-1.7630000000000001
2022-03-13 20:24:27,-0.857,-1.603
2022-03-13 20:24:29,-0.9410000000000001,-1.6640000000000001
2022-03-13 20:24:31,-0.833,-1.645
2022-03-13 20:24:33,-0.9480000000000001,-1.7890000000000001
2022-03-13 20:24:34,-0.671,-1.709
2022-03-13 20:24:36,-1.0110000000000001,-1.6620000000000001
2022-03-13 20:24:38,-0.733,-1.8940000000000001
2022-03-13 20:24:39,-0.835,-1.847
2022-03-13 20:24:41,-1.0010000000000001,-1.9120000000000001
2022-03-13 20:24:43,-0.68,-1.7590000000000001
2022-03-13 20:24:45,-1.1380000000000001,-1.833
2022-03-13 20:24:46,-1.066,-1.982
2022-03-13 20:24:48,-0.993,-1.861
2022-03-13 20:24:50,-1.057,-2.092
2022-03-13 20:24:52,-0.921,-1.971
2022-03-13 20:24:53,-1.1260000000000001,-1.849
2022-03-13 20:24:55,-0.8130000000000001,-2.036
2022-03-13 20:24:57,-0.764,-1.942
2022-03-13 20:24:58,-0.975,-2.013
2022-03-13 20:25:00,-0.802,-1.911
2022-03-13 20:25:02,-1.0110000000000001,-2.1430000000000002
2022-03-13 20:25:04,-0.677,-1.921
2022-03-13 20:25:05,-1.186,-2.0060000000000002
2022-03-13 20:25:07,-0.996,-2.072
2022-03-13 20:25:09,-0.77,-1.95
2022-03-13 20:25:11,-0.9550000000000001,-2.1270000000000002
2022-03-13 20:25:12,-0.836,-2.1670000000000003
2022-03-13 20:25:14,-1.232,-2.051
2022-03-13 20:25:16,-1.044,-2.097
2022-03-13 20:25:17,-0.891,-1.955
2022-03-13 20:25:19,-0.9470000000000001,-2.073
2022-03-13 20:25:21,-0.767,-2.02
2022-03-13 20:25:23,-1.151,-1.994
2022-03-13 20:25:24,-0.728,-2.116
2022-03-13 20:25:26,-0.761,-2.02
2022-03-13 20:25:28,-0.978,-2.137
2022-03-13 20:25:30,-0.781,-1.976
2022-03-13 20:25:31,-0.986,-2.156
2022-03-13 20:25:33,-0.847,-2.029
2022-03-13 20:25:35,-1.107,-2.061
2022-03-13 20:25:36,-0.685,-2.1470000000000002
2022-03-13 20:25:38,-0.763,-1.99
2022-03-13 20:25:40,-1.0170000000000001,-2.145
2022-03-13 20:25:42,-0.923,-2.08
2022-03-13 20:25:43,-1.1280000000000001,-2.15
2022-03-13 20:25:45,-0.714,-2.112
2022-03-13 20:25:47,-0.772,-2.051
2022-03-13 20:25:49,-0.857,-2.231
2022-03-13 20:25:50,-0.868,-2.095
2022-03-13 20:25:52,-0.9590000000000001,-2.129
2022-03-13 20:25:54,-0.789,-2.049
2022-03-13 20:25:55,-0.987,-2.128
2022-03-13 20:25:57,-0.8200000000000001,-2.203
2022-03-13 20:25:59,-1.176,-2.08
2022-03-13 20:26:01,-0.677,-2.162
2022-03-13 20:26:02,-0.765,-2.043
2022-03-13 20:26:04,-1.027,-2.166
2022-03-13 20:26:06,-0.8310000000000001,-2.043
2022-03-13 20:26:08,-0.983,-2.186
2022-03-13 20:26:09,-0.6950000000000001,-2.1270000000000002
2022-03-13 20:26:11,-0.762,-2.045
2022-03-13 20:26:13,-0.9580000000000001,-2.2
2022-03-13 20:26:15,-0.8180000000000001,-2.04
2022-03-13 20:26:16,-0.989,-2.1470000000000002
2022-03-13 20:26:18,-0.781,-2.004
2022-03-13 20:26:20,-1.182,-2.1750000000000003
2022-03-13 20:26:21,-0.872,-2.194
2022-03-13 20:26:23,-0.778,-1.97
2022-03-13 20:26:25,-0.981,-2.165
2022-03-13 20:26:27,-0.755,-2.016
2022-03-13 20:26:28,-0.997,-2.172
2022-03-13 20:26:30,-0.734,-2.043
2022-03-13 20:26:32,-1.101,-2.089
2022-03-13 20:26:34,-0.6950000000000001,-2.196
2022-03-13 20:26:35,-0.792,-2.078
2022-03-13 20:26:37,-1.043,-2.291
2022-03-13 20:26:39,-0.871,-2.05
2022-03-13 20:26:40,-0.977,-2.165
2022-03-13 20:26:42,-0.753,-2.04
2022-03-13 20:26:44,-0.9570000000000001,-2.242
2022-03-13 20:26:46,-0.724,-2.059
2022-03-13 20:26:47,-1.121,-2.11
2022-03-13 20:26:49,-0.787,-2.184
2022-03-13 20:26:51,-0.844,-2.12
2022-03-13 20:26:53,-1.0030000000000001,-2.225
2022-03-13 20:26:54,-0.752,-2.085
2022-03-13 20:26:56,-1.006,-2.198
2022-03-13 20:26:58,-0.725,-2.048
2022-03-13 20:26:59,-1.171,-2.125
2022-03-13 20:27:01,-0.676,-2.183
2022-03-13 20:27:03,-0.975,-2.096
2022-03-13 20:27:05,-0.682,-2.178
2022-03-13 20:27:06,-0.849,-2.105
2022-03-13 20:27:08,-1.059,-2.265
2022-03-13 20:27:10,-0.997,-2.104
2022-03-13 20:27:12,-1.143,-2.102
2022-03-13 20:27:13,-0.725,-2.104
2022-03-13 20:27:15,-1.106,-2.122
2022-03-13 20:27:17,-0.671,-2.196
2022-03-13 20:27:18,-0.77,-2.121
2022-03-13 20:27:20,-1.111,-2.2600000000000002
2022-03-13 20:27:22,-0.81,-2.141
2022-03-13 20:27:24,-1.1440000000000001,-2.235
2022-03-13 20:27:25,-0.851,-2.206
2022-03-13 20:27:27,-1.254,-2.183
2022-03-13 20:27:29,-0.965,-2.2840000000000003
2022-03-13 20:27:31,-0.917,-2.182
2022-03-13 20:27:32,-1.025,-2.218
2022-03-13 20:27:34,-0.842,-2.082
2022-03-13 20:27:36,-0.99,-2.231
2022-03-13 20:27:37,-0.811,-2.21
2022-03-13 20:27:39,-1.151,-2.197
2022-03-13 20:27:41,-1.062,-2.257
2022-03-13 20:27:43,-0.753,-2.121
2022-03-13 20:27:44,-0.989,-2.259
2022-03-13 20:27:46,-0.764,-2.104
2022-03-13 20:27:48,-1.0210000000000001,-2.242
2022-03-13 20:27:50,-0.732,-2.102
2022-03-13 20:27:51,-1.105,-2.106
2022-03-13 20:27:53,-0.708,-2.222
2022-03-13 20:27:55,-0.866,-2.164
2022-03-13 20:27:56,-0.9550000000000001,-2.228
2022-03-13 20:27:58,-0.834,-2.185
2022-03-13 20:28:00,-1.0190000000000001,-2.183
2022-03-13 20:28:02,-0.753,-2.236
2022-03-13 20:28:03,-0.795,-2.133
2022-03-13 20:28:05,-1.089,-2.247
2022-03-13 20:28:07,-0.743,-2.146
2022-03-13 20:28:09,-1.123,-2.195
2022-03-13 20:28:10,-0.744,-2.243
2022-03-13 20:28:12,-0.8160000000000001,-2.133
2022-03-13 20:28:14,-0.9400000000000001,-2.233
2022-03-13 20:28:15,-0.742,-2.146
2022-03-13 20:28:17,-1.121,-2.327
2022-03-13 20:28:19,-0.93,-2.168
2022-03-13 20:28:21,-1.068,-2.215
2022-03-13 20:28:22,-0.737,-2.274
2022-03-13 20:28:24,-0.802,-2.1750000000000003
2022-03-13 20:28:26,-1.082,-2.33
2022-03-13 20:28:28,-0.916,-2.169
2022-03-13 20:28:29,-1.085,-2.2760000000000002
2022-03-13 20:28:31,-0.866,-2.132
2022-03-13 20:28:33,-1.004,-2.317
2022-03-13 20:28:34,-0.68,-2.2720000000000002
2022-03-13 20:28:36,-1.112,-2.177
2022-03-13 20:28:38,-0.963,-2.346
2022-03-13 20:28:40,-0.9590000000000001,-2.194
2022-03-13 20:28:41,-1.051,-2.289
2022-03-13 20:28:43,-0.718,-2.128
2022-03-13 20:28:45,-1.047,-2.245
2022-03-13 20:28:47,-0.875,-2.169
2022-03-13 20:28:48,-0.989,-2.283
2022-03-13 20:28:50,-0.741,-2.1470000000000002
2022-03-13 20:28:52,-1.086,-2.238
2022-03-13 20:28:53,-0.756,-2.278
2022-03-13 20:28:55,-1.035,-2.193
2022-03-13 20:28:57,-0.974,-2.294
2022-03-13 20:28:59,-0.783,-2.142
2022-03-13 20:29:00,-1.201,-2.192
2022-03-13 20:29:02,-0.655,-2.261
2022-03-13 20:29:04,-1.066,-2.198
2022-03-13 20:29:06,-0.983,-2.263
2022-03-13 20:29:07,-0.8220000000000001,-2.1390000000000002
2022-03-13 20:29:09,-1.042,-2.352
2022-03-13 20:29:11,-1.026,-2.213
2022-03-13 20:29:12,-1.122,-2.2880000000000003
2022-03-13 20:29:14,-0.742,-2.257
2022-03-13 20:29:16,-0.89,-2.191
2022-03-13 20:29:18,-1.1480000000000001,-2.293
2022-03-13 20:29:19,-0.854,-2.161
2022-03-13 20:29:21,-0.911,-2.305
2022-03-13 20:29:23,-0.642,-2.145
2022-03-13 20:29:25,-1.17,-2.196
2022-03-13 20:29:26,-0.746,-2.259
2022-03-13 20:29:28,-0.842,-2.204
2022-03-13 20:29:30,-0.909,-2.324
2022-03-13 20:29:31,-0.865,-2.183
2022-03-13 20:29:33,-1.016,-2.305
2022-03-13 20:29:35,-0.712,-2.123
2022-03-13 20:29:37,-1.0170000000000001,-2.205
2022-03-13 20:29:38,-0.6890000000000001,-2.258
2022-03-13 20:29:40,-0.791,-2.158
2022-03-13 20:29:42,-0.997,-2.312
2022-03-13 20:29:44,-0.8200000000000001,-2.17
2022-03-13 20:29:45,-1.053,-2.191
2022-03-13 20:29:47,-0.655,-2.291
2022-03-13 20:29:49,-0.8180000000000001,-2.232
2022-03-13 20:29:50,-1.042,-2.356
2022-03-13 20:29:52,-0.761,-2.195
2022-03-13 20:29:54,-0.997,-2.2760000000000002
2022-03-13 20:29:56,-0.68,-2.172
2022-03-13 20:29:57,-1.083,-2.213
2022-03-13 20:29:59,-0.683,-2.237
2022-03-13 20:30:01,-0.811,-2.219
2022-03-13 20:30:03,-0.887,-2.301
2022-03-13 20:30:04,-1.0230000000000001,-2.244
2022-03-13 20:30:06,-1.061,-2.351
2022-03-13 20:30:08,-0.901,-2.314
2022-03-13 20:30:09,-1.225,-2.253
2022-03-13 20:30:11,-1.008,-2.279
2022-03-13 20:30:13,-0.999,-2.174
2022-03-13 20:30:15,-1.212,-2.153
2022-03-13 20:30:16,-0.867,-2.215
2022-03-13 20:30:18,-1.002,-2.192
2022-03-13 20:30:20,-1.049,-2.29
2022-03-13 20:30:22,-0.833,-2.207
2022-03-13 20:30:23,-0.901,-2.102
2022-03-13 20:30:25,-1.182,-2.23
2022-03-13 20:30:27,-0.8180000000000001,-2.066
2022-03-13 20:30:28,-1.27,-2.134
2022-03-13 20:30:30,-1.184,-2.215
2022-03-13 20:30:32,-0.988,-2.043
2022-03-13 20:30:34,-1.234,-2.043
2022-03-13 20:30:35,-1.208,-2.1670000000000003
2022-03-13 20:30:37,-0.846,-2.019
2022-03-13 20:30:39,-1.238,-2.091
2022-03-13 20:30:41,-1.016,-2.1310000000000002
2022-03-13 20:30:42,-0.933,-1.976
2022-03-13 20:30:44,-1.225,-2.0020000000000002
2022-03-13 20:30:46,-0.8130000000000001,-2.059
2022-03-13 20:30:47,-0.865,-2.009
2022-03-13 20:30:49,-1.073,-2.056
2022-03-13 20:30:51,-0.8150000000000001,-1.94
2022-03-13 20:30:53,-0.911,-1.837
2022-03-13 20:30:54,-1.048,-2.0220000000000002
2022-03-13 20:30:56,-0.767,-2.036
2022-03-13 20:30:58,-0.88,-1.831
2022-03-13 20:31:00,-1.061,-1.956
2022-03-13 20:31:01,-0.892,-1.795
2022-03-13 20:31:03,-0.908,-1.848
2022-03-13 20:31:05,-1.1500000000000001,-1.932
2022-03-13 20:31:06,-1.069,-1.7890000000000001
2022-03-13 20:31:08,-1.1360000000000001,-1.7690000000000001
2022-03-13 20:31:10,-0.926,-2.003
2022-03-13 20:31:12,-0.9590000000000001,-1.85
2022-03-13 20:31:13,-1.048,-1.919
2022-03-13 20:31:15,-0.762,-1.895
2022-03-13 20:31:17,-1.272,-1.804
2022-03-13 20:31:19,-1.28,-1.887
2022-03-13 20:31:20,-0.9390000000000001,-1.748
2022-03-13 20:31:22,-1.1260000000000001,-1.821
2022-03-13 20:31:24,-1.0,-1.887
2022-03-13 20:31:25,-1.234,-1.637
2022-03-13 20:31:27,-1.095,-1.797
2022-03-13 20:31:29,-0.897,-1.718
2022-03-13 20:31:31,-1.291,-1.7890000000000001
2022-03-13 20:31:32,-1.137,-1.827
2022-03-13 20:31:34,-1.0050000000000001,-1.78
2022-03-13 20:31:36,-1.1260000000000001,-1.6640000000000001
2022-03-13 20:31:38,-0.975,-1.903
2022-03-13 20:31:39,-1.0130000000000001,-1.647
2022-03-13 20:31:41,-1.124,-1.831
2022-03-13 20:31:43,-0.852,-1.829
2022-03-13 20:31:44,-0.896,-1.625
2022-03-13 20:31:46,-1.1340000000000001,-1.746
2022-03-13 20:31:48,-0.923,-1.855
2022-03-13 20:31:50,-0.91,-1.552
2022-03-13 20:31:51,-1.2510000000000001,-1.756
2022-03-13 20:31:53,-0.874,-1.59
2022-03-13 20:31:55,-1.355,-1.649
2022-03-13 20:31:57,-1.083,-1.723
2022-03-13 20:31:58,-0.802,-1.629
2022-03-13 20:32:00,-1.221,-1.599
2022-03-13 20:32:02,-1.1380000000000001,-1.673
2022-03-13 20:32:03,-1.041,-1.617
2022-03-13 20:32:05,-1.2550000000000001,-1.537
2022-03-13 20:32:07,-1.18,-1.665
2022-03-13 20:32:09,-0.998,-1.661
2022-03-13 20:32:10,-1.202,-1.5230000000000001
2022-03-13 20:32:12,-1.174,-1.676
2022-03-13 20:32:14,-1.047,-1.591
2022-03-13 20:32:16,-1.168,-1.474
2022-03-13 20:32:17,-0.898,-1.718
2022-03-13 20:32:19,-0.917,-1.578
2022-03-13 20:32:21,-1.23,-1.786
2022-03-13 20:32:22,-0.894,-1.691
2022-03-13 20:32:24,-0.9580000000000001,-1.471
2022-03-13 20:32:26,-1.2630000000000001,-1.721
2022-03-13 20:32:28,-0.9540000000000001,-1.5330000000000001
2022-03-13 20:32:29,-1.226,-1.492
2022-03-13 20:32:31,-1.2,-1.737
2022-03-13 20:32:33,-0.9570000000000001,-1.493
2022-03-13 20:32:35,-1.282,-1.44
2022-03-13 20:32:36,-0.923,-1.6600000000000001
2022-03-13 20:32:38,-0.9570000000000001,-1.663
2022-03-13 20:32:40,-1.059,-1.629
2022-03-13 20:32:41,-0.886,-1.559
2022-03-13 20:32:43,-1.227,-1.419
2022-03-13 20:32:45,-0.8180000000000001,-1.67
2022-03-13 20:32:47,-0.988,-1.6360000000000001
2022-03-13 20:32:48,-1.297,-1.6440000000000001
2022-03-13 20:32:50,-0.882,-1.5090000000000001
2022-03-13 20:32:52,-1.21,-1.424
2022-03-13 20:32:54,-1.2630000000000001,-1.552
2022-03-13 20:32:55,-0.9480000000000001,-1.504
2022-03-13 20:32:57,-1.22,-1.609
2022-03-13 20:32:59,-0.867,-1.522
2022-03-13 20:33:00,-1.199,-1.442
2022-03-13 20:33:02,-1.187,-1.7830000000000001
2022-03-13 20:33:04,-0.988,-1.568
2022-03-13 20:33:06,-1.252,-1.704
2022-03-13 20:33:07,-0.892,-1.473
2022-03-13 20:33:09,-1.249,-1.459
2022-03-13 20:33:11,-1.163,-1.5250000000000001
2022-03-13 20:33:13,-0.978,-1.487
2022-03-13 20:33:14,-1.179,-1.686
2022-03-13 20:33:16,-1.024,-1.604
2022-03-13 20:33:18,-0.922,-1.401
2022-03-13 20:33:19,-1.2650000000000001,-1.552
2022-03-13 20:33:21,-0.92,-1.473
2022-03-13 20:33:23,-1.162,-1.56
2022-03-13 20:33:25,-0.9560000000000001,-1.716
2022-03-13 20:33:26,-0.933,-1.385
2022-03-13 20:33:28,-1.1280000000000001,-1.55
2022-03-13 20:33:30,-1.0190000000000001,-1.473
2022-03-13 20:33:32,-1.192,-1.586
2022-03-13 20:33:33,-0.886,-1.604
2022-03-13 20:33:35,-0.906,-1.537
2022-03-13 20:33:37,-1.2,-1.546
2022-03-13 20:33:38,-0.8300000000000001,-1.437
2022-03-13 20:33:40,-1.238,-1.387
2022-03-13 20:33:42,-0.93,-1.604
2022-03-13 20:33:44,-0.9500000000000001,-1.572
2022-03-13 20:33:45,-1.156,-1.587
2022-03-13 20:33:47,-0.916,-1.426
2022-03-13 20:33:49,-1.2770000000000001,-1.305
2022-03-13 20:33:51,-1.239,-1.548
2022-03-13 20:33:52,-0.921,-1.493
2022-03-13 20:33:54,-1.16,-1.532
2022-03-13 20:33:56,-0.889,-1.438
2022-03-13 20:33:57,-1.1420000000000001,-1.288
2022-03-13 20:33:59,-1.123,-1.547
2022-03-13 20:34:01,-0.932,-1.441
2022-03-13 20:34:03,-1.107,-1.621
2022-03-13 20:34:04,-1.034,-1.624
2022-03-13 20:34:06,-0.974,-1.223
2022-03-13 20:34:08,-1.129,-1.485
2022-03-13 20:34:10,-1.0230000000000001,-1.431
2022-03-13 20:34:11,-1.289,-1.431
2022-03-13 20:34:13,-1.214,-1.484
2022-03-13 20:34:15,-0.975,-1.432
2022-03-13 20:34:16,-1.249,-1.5290000000000001
2022-03-13 20:34:18,-0.852,-1.555
2022-03-13 20:34:20,-0.974,-1.5170000000000001
2022-03-13 20:34:22,-1.141,-1.5070000000000001
2022-03-13 20:34:23,-0.808,-1.366
2022-03-13 20:34:25,-0.921,-1.334
2022-03-13 20:34:27,-1.106,-1.49
2022-03-13 20:34:29,-1.066,-1.455
2022-03-13 20:34:30,-1.247,-1.336
2022-03-13 20:34:32,-0.908,-1.578
2022-03-13 20:34:34,-0.912,-1.374
2022-03-13 20:34:35,-1.1360000000000001,-1.449
2022-03-13 20:34:37,-0.983,-1.678
2022-03-13 20:34:39,-0.935,-1.217
2022-03-13 20:34:41,-1.154,-1.451
2022-03-13 20:34:42,-1.081,-1.335
2022-03-13 20:34:44,-1.25,-1.233
2022-03-13 20:34:46,-1.227,-1.468
2022-03-13 20:34:48,-0.891,-1.383
2022-03-13 20:34:49,-1.057,-1.541
2022-03-13 20:34:51,-0.849,-1.584
2022-03-13 20:34:53,-0.911,-1.297
2022-03-13 20:34:54,-1.218,-1.455
2022-03-13 20:34:56,-0.896,-1.423
2022-03-13 20:34:58,-1.2630000000000001,-1.434
2022-03-13 20:35:00,-1.219,-1.574
2022-03-13 20:35:01,-0.936,-1.408
2022-03-13 20:35:03,-1.117,-1.561
2022-03-13 20:35:05,-0.865,-1.555
2022-03-13 20:35:07,-0.984,-1.278
2022-03-13 20:35:08,-1.156,-1.417
2022-03-13 20:35:10,-0.8260000000000001,-1.538
2022-03-13 20:35:12,-0.879,-1.325
2022-03-13 20:35:14,-1.127,-1.495
2022-03-13 20:35:15,-0.991,-1.387
2022-03-13 20:35:17,-1.2530000000000001,-1.3760000000000001
2022-03-13 20:35:19,-1.081,-1.439
2022-03-13 20:35:20,-1.048,-1.4060000000000001
2022-03-13 20:35:22,-1.01,-1.206
2022-03-13 20:35:24,-0.874,-1.582
2022-03-13 20:35:26,-1.006,-1.416
2022-03-13 20:35:27,-1.147,-1.447
2022-03-13 20:35:29,-0.849,-1.455
2022-03-13 20:35:31,-1.192,-1.321
2022-03-13 20:35:33,-1.039,-1.674
2022-03-13 20:35:34,-0.934,-1.438
2022-03-13 20:35:36,-1.254,-1.476
2022-03-13 20:35:38,-0.908,-1.612
2022-03-13 20:35:39,-0.908,-1.356
2022-03-13 20:35:41,-1.1400000000000001,-1.4000000000000001
2022-03-13 20:35:43,-0.983,-1.483
2022-03-13 20:35:45,-1.236,-1.296
2022-03-13 20:35:46,-0.856,-1.573
2022-03-13 20:35:48,-0.964,-1.506
2022-03-13 20:35:50,-1.21,-1.5170000000000001
2022-03-13 20:35:52,-1.04,-1.4020000000000001
2022-03-13 20:35:53,-1.208,-1.233
2022-03-13 20:35:55,-0.925,-1.695
2022-03-13 20:35:57,-1.0110000000000001,-1.532
2022-03-13 20:35:58,-1.114,-1.461
2022-03-13 20:36:00,-0.849,-1.37
2022-03-13 20:36:02,-1.222,-1.403
2022-03-13 20:36:04,-1.284,-1.488
2022-03-13 20:36:05,-0.936,-1.442
2022-03-13 20:36:07,-1.116,-1.473
2022-03-13 20:36:09,-0.929,-1.403
2022-03-13 20:36:11,-1.205,-1.244
2022-03-13 20:36:12,-0.965,-1.676
2022-03-13 20:36:14,-0.9380000000000001,-1.418
2022-03-13 20:36:16,-1.135,-1.532
2022-03-13 20:36:17,-0.847,-1.585
2022-03-13 20:36:19,-1.0190000000000001,-1.295
2022-03-13 20:36:21,-1.125,-1.438
2022-03-13 20:36:23,-0.834,-1.347
2022-03-13 20:36:24,-1.292,-1.307
2022-03-13 20:36:26,-1.202,-1.5230000000000001
2022-03-13 20:36:28,-1.076,-1.354
2022-03-13 20:36:30,-1.188,-1.254
2022-03-13 20:36:31,-1.192,-1.591
2022-03-13 20:36:33,-0.9410000000000001,-1.393
2022-03-13 20:36:35,-1.208,-1.481
2022-03-13 20:36:36,-1.004,-1.492
2022-03-13 20:36:38,-0.932,-1.341
2022-03-13 20:36:40,-1.217,-1.412
2022-03-13 20:36:42,-0.839,-1.3760000000000001
2022-03-13 20:36:43,-1.268,-1.301
2022-03-13 20:36:45,-1.175,-1.379
2022-03-13 20:36:47,-0.894,-1.325
2022-03-13 20:36:49,-1.315,-1.486
2022-03-13 20:36:50,-0.906,-1.47
2022-03-13 20:36:52,-1.022,-1.434
2022-03-13 20:36:54,-1.129,-1.458
2022-03-13 20:36:55,-0.931,-1.55
2022-03-13 20:36:57,-1.042,-1.2610000000000001
2022-03-13 20:36:59,-1.184,-1.369
2022-03-13 20:37:01,-1.098,-1.4020000000000001
2022-03-13 20:37:02,-1.205,-1.226
2022-03-13 20:37:04,-1.102,-1.426
2022-03-13 20:37:06,-1.109,-1.322
2022-03-13 20:37:08,-1.2670000000000001,-1.2770000000000001
2022-03-13 20:37:09,-1.229,-1.423
2022-03-13 20:37:11,-0.865,-1.315
2022-03-13 20:37:13,-1.334,-1.2710000000000001
2022-03-13 20:37:14,-1.188,-1.401
2022-03-13 20:37:16,-1.012,-1.338
2022-03-13 20:37:18,-1.292,-1.309
2022-03-13 20:37:20,-1.1260000000000001,-1.431
2022-03-13 20:37:21,-0.964,-1.368
2022-03-13 20:37:23,-1.295,-1.463
2022-03-13 20:37:25,-0.8260000000000001,-1.481
2022-03-13 20:37:27,-0.9430000000000001,-1.213
2022-03-13 20:37:28,-1.185,-1.3980000000000001
2022-03-13 20:37:30,-0.903,-1.589
2022-03-13 20:37:32,-0.933,-1.235
2022-03-13 20:37:33,-1.238,-1.357
2022-03-13 20:37:35,-0.878,-1.354
2022-03-13 20:37:37,-1.284,-1.323
2022-03-13 20:37:39,-1.223,-1.368
2022-03-13 20:37:40,-0.911,-1.35
2022-03-13 20:37:42,-1.2770000000000001,-1.172
2022-03-13 20:37:44,-0.89,-1.49
2022-03-13 20:37:46,-0.9450000000000001,-1.294
2022-03-13 20:37:47,-1.143,-1.42
2022-03-13 20:37:49,-0.922,-1.293
2022-03-13 20:37:51,-1.324,-1.285
2022-03-13 20:37:52,-1.179,-1.337
2022-03-13 20:37:54,-0.962,-1.371
2022-03-13 20:37:56,-1.357,-1.432
2022-03-13 20:37:58,-0.879,-1.524
2022-03-13 20:37:59,-1.066,-1.298
2022-03-13 20:38:01,-1.1320000000000001,-1.374
2022-03-13 20:38:03,-0.9430000000000001,-1.488
2022-03-13 20:38:05,-1.125,-1.19
2022-03-13 20:38:06,-1.221,-1.413
2022-03-13 20:38:08,-0.9570000000000001,-1.306
2022-03-13 20:38:10,-1.168,-1.333
2022-03-13 20:38:11,-0.849,-1.348
2022-03-13 20:38:13,-1.264,-1.196
2022-03-13 20:38:15,-1.297,-1.459
2022-03-13 20:38:17,-0.904,-1.341
2022-03-13 20:38:18,-1.2550000000000001,-1.21
2022-03-13 20:38:20,-0.835,-1.51
2022-03-13 20:38:22,-1.063,-1.433
2022-03-13 20:38:24,-1.19,-1.353
2022-03-13 20:38:25,-0.916,-1.5270000000000001
2022-03-13 20:38:27,-0.96,-1.221
2022-03-13 20:38:29,-1.325,-1.47
2022-03-13 20:38:30,-1.1260000000000001,-1.344
2022-03-13 20:38:32,-1.197,-1.302
2022-03-13 20:38:34,-1.18,-1.48
2022-03-13 20:38:36,-1.086,-1.447
2022-03-13 20:38:37,-1.25,-1.239
2022-03-13 20:38:39,-1.194,-1.631
2022-03-13 20:38:41,-0.9430000000000001,-1.334
2022-03-13 20:38:43,-1.153,-1.422
2022-03-13 20:38:44,-0.875,-1.474
2022-03-13 20:38:46,-0.996,-1.446
2022-03-13 20:38:48,-1.149,-1.422
2022-03-13 20:38:49,-1.046,-1.393
2022-03-13 20:38:51,-1.243,-1.2610000000000001
2022-03-13 20:38:53,-1.373,-1.359
2022-03-13 20:38:55,-0.9430000000000001,-1.2650000000000001
2022-03-13 20:38:56,-1.113,-1.5190000000000001
2022-03-13 20:38:58,-0.897,-1.528
2022-03-13 20:39:00,-0.978,-1.17
2022-03-13 20:39:02,-1.055,-1.4040000000000001
2022-03-13 20:39:03,-0.999,-1.288
2022-03-13 20:39:05,-1.338,-1.186
2022-03-13 20:39:07,-0.908,-1.478
2022-03-13 20:39:08,-0.924,-1.395
2022-03-13 20:39:10,-1.231,-1.5030000000000001
2022-03-13 20:39:12,-0.898,-1.369
2022-03-13 20:39:14,-1.059,-1.143
2022-03-13 20:39:15,-1.143,-1.357
2022-03-13 20:39:17,-0.799,-1.498
2022-03-13 20:39:19,-0.9540000000000001,-1.191
2022-03-13 20:39:21,-1.104,-1.358
2022-03-13 20:39:22,-0.812,-1.484
2022-03-13 20:39:24,-0.98,-1.307
2022-03-13 20:39:26,-1.293,-1.183
2022-03-13 20:39:27,-1.176,-1.545
2022-03-13 20:39:29,-0.915,-1.312
2022-03-13 20:39:31,-1.23,-1.164
2022-03-13 20:39:33,-0.874,-1.474
2022-03-13 20:39:34,-1.057,-1.4040000000000001
2022-03-13 20:39:36,-1.163,-1.286
2022-03-13 20:39:38,-0.986,-1.584
2022-03-13 20:39:40,-0.929,-1.215
2022-03-13 20:39:41,-1.245,-1.48
2022-03-13 20:39:43,-0.972,-1.451
2022-03-13 20:39:45,-1.16,-1.212
2022-03-13 20:39:46,-1.046,-1.547
2022-03-13 20:39:48,-0.936,-1.2550000000000001
2022-03-13 20:39:50,-1.214,-1.419
2022-03-13 20:39:52,-0.897,-1.491
2022-03-13 20:39:53,-0.906,-1.2790000000000001
2022-03-13 20:39:55,-1.102,-1.487
2022-03-13 20:39:57,-0.861,-1.454
2022-03-13 20:39:59,-0.981,-1.162
2022-03-13 20:40:00,-1.1300000000000001,-1.423
2022-03-13 20:40:02,-0.922,-1.326
2022-03-13 20:40:04,-1.1480000000000001,-1.199
2022-03-13 20:40:05,-0.858,-1.514
2022-03-13 20:40:07,-0.926,-1.381
2022-03-13 20:40:09,-1.245,-1.464
2022-03-13 20:40:11,-0.9430000000000001,-1.241
2022-03-13 20:40:12,-1.358,-1.292
2022-03-13 20:40:14,-1.1340000000000001,-1.363
2022-03-13 20:40:16,-1.004,-1.292
2022-03-13 20:40:18,-1.196,-1.238
2022-03-13 20:40:19,-1.145,-1.3840000000000001
2022-03-13 20:40:21,-0.961,-1.326
2022-03-13 20:40:23,-1.29,-1.153
2022-03-13 20:40:24,-0.921,-1.414
2022-03-13 20:40:26,-0.909,-1.447
2022-03-13 20:40:28,-1.174,-1.307
2022-03-13 20:40:30,-0.867,-1.268
2022-03-13 20:40:31,-1.124,-1.229
2022-03-13 20:40:33,-1.159,-1.356
2022-03-13 20:40:35,-1.025,-1.2790000000000001
2022-03-13 20:40:37,-1.227,-1.157
2022-03-13 20:40:38,-1.27,-1.3780000000000001
2022-03-13 20:40:40,-1.008,-1.3880000000000001
2022-03-13 20:40:42,-1.238,-1.17
2022-03-13 20:40:43,-0.862,-1.478
2022-03-13 20:40:45,-1.061,-1.416
2022-03-13 20:40:47,-1.188,-1.377
2022-03-13 20:40:49,-0.903,-1.562
2022-03-13 20:40:50,-1.276,-1.191
2022-03-13 20:40:52,-1.097,-1.373
2022-03-13 20:40:54,-0.977,-1.371
2022-03-13 20:40:56,-1.186,-1.077
2022-03-13 20:40:57,-0.906,-1.604
2022-03-13 20:40:59,-1.022,-1.083
2022-03-13 20:41:01,-1.143,-1.41
2022-03-13 20:41:02,-0.854,-1.429
2022-03-13 20:41:04,-0.907,-1.22
2022-03-13 20:41:06,-1.172,-1.293
2022-03-13 20:41:08,-0.9410000000000001,-1.29
2022-03-13 20:41:09,-1.232,-1.31
2022-03-13 20:41:11,-0.854,-1.42
2022-03-13 20:41:13,-0.9520000000000001,-1.425
2022-03-13 20:41:15,-1.161,-1.3980000000000001
2022-03-13 20:41:16,-0.833,-1.307
2022-03-13 20:41:18,-1.129,-1.2570000000000001
2022-03-13 20:41:20,-1.21,-1.336
2022-03-13 20:41:21,-0.874,-1.317
2022-03-13 20:41:23,-1.209,-1.416
2022-03-13 20:41:25,-0.936,-1.604
2022-03-13 20:41:27,-0.89,-1.23
2022-03-13 20:41:28,-1.22,-1.447
2022-03-13 20:41:30,-0.8240000000000001,-1.293
2022-03-13 20:41:32,-1.27,-1.241
2022-03-13 20:41:33,-1.185,-1.3900000000000001
2022-03-13 20:41:35,-0.9440000000000001,-1.295
2022-03-13 20:41:37,-1.083,-1.334
2022-03-13 20:41:39,-0.9420000000000001,-1.595
2022-03-13 20:41:40,-0.903,-1.185
2022-03-13 20:41:42,-1.172,-1.352
2022-03-13 20:41:44,-0.99,-1.364
2022-03-13 20:41:46,-1.195,-1.208
2022-03-13 20:41:47,-0.878,-1.475
2022-03-13 20:41:49,-1.042,-1.393
2022-03-13 20:41:51,-1.197,-1.416
2022-03-13 20:41:52,-1.086,-1.441
2022-03-13 20:41:54,-1.242,-1.413
2022-03-13 20:41:56,-0.869,-1.291
2022-03-13 20:41:58,-1.188,-1.287
2022-03-13 20:41:59,-0.9460000000000001,-1.512
2022-03-13 20:42:01,-1.105,-1.383
2022-03-13 20:42:03,-1.133,-1.335
2022-03-13 20:42:05,-0.927,-1.293
2022-03-13 20:42:06,-1.31,-1.331
2022-03-13 20:42:08,-0.914,-1.591
2022-03-13 20:42:10,-1.006,-1.332
2022-03-13 20:42:11,-1.097,-1.336
2022-03-13 20:42:13,-0.752,-1.306
2022-03-13 20:42:15,-1.133,-1.218
2022-03-13 20:42:17,-1.006,-1.605
2022-03-13 20:42:18,-0.8220000000000001,-1.365
2022-03-13 20:42:20,-1.127,-1.397
2022-03-13 20:42:22,-0.9520000000000001,-1.443
2022-03-13 20:42:24,-1.22,-1.222
2022-03-13 20:42:25,-0.79,-1.465
2022-03-13 20:42:27,-0.901,-1.194
2022-03-13 20:42:29,-1.156,-1.35
2022-03-13 20:42:30,-1.014,-1.318
2022-03-13 20:42:32,-1.234,-1.158
2022-03-13 20:42:34,-0.803,-1.47
2022-03-13 20:42:36,-0.935,-1.1520000000000001
2022-03-13 20:42:37,-1.119,-1.369
2022-03-13 20:42:39,-1.092,-1.335
2022-03-13 20:42:41,-1.185,-1.159
2022-03-13 20:42:43,-0.8140000000000001,-1.479
2022-03-13 20:42:44,-1.0010000000000001,-1.395
2022-03-13 20:42:46,-1.124,-1.373
2022-03-13 20:42:48,-0.8130000000000001,-1.358
2022-03-13 20:42:49,-0.9460000000000001,-1.237
2022-03-13 20:42:51,-1.112,-1.349
2022-03-13 20:42:53,-0.919,-1.288
2022-03-13 20:42:55,-1.093,-1.3900000000000001
2022-03-13 20:42:56,-0.799,-1.426
2022-03-13 20:42:58,-1.27,-1.2690000000000001
2022-03-13 20:43:00,-1.107,-1.32
2022-03-13 20:43:02,-0.971,-1.2610000000000001
2022-03-13 20:43:03,-1.278,-1.166
2022-03-13 20:43:05,-0.8310000000000001,-1.432
2022-03-13 20:43:07,-0.921,-1.369
2022-03-13 20:43:08,-1.1380000000000001,-1.298
2022-03-13 20:43:10,-0.805,-1.252
2022-03-13 20:43:12,-1.161,-1.169
2022-03-13 20:43:14,-1.137,-1.317
2022-03-13 20:43:15,-0.872,-1.231
2022-03-13 20:43:17,-1.181,-1.286
2022-03-13 20:43:19,-0.838,-1.217
2022-03-13 20:43:21,-1.1440000000000001,-1.1320000000000001
2022-03-13 20:43:22,-1.048,-1.52
2022-03-13 20:43:24,-0.863,-1.287
2022-03-13 20:43:26,-1.12,-1.339
2022-03-13 20:43:27,-0.793,-1.46
2022-03-13 20:43:29,-0.893,-1.123
2022-03-13 20:43:31,-1.058,-1.321
2022-03-13 20:43:33,-0.922,-1.34
2022-03-13 20:43:34,-1.198,-1.102
2022-03-13 20:43:36,-1.154,-1.299
2022-03-13 20:43:38,-0.965,-1.18
2022-03-13 20:43:40,-1.0130000000000001,-1.296
2022-03-13 20:43:41,-0.926,-1.418
2022-03-13 20:43:43,-0.912,-1.117
2022-03-13 20:43:45,-1.153,-1.216
2022-03-13 20:43:46,-0.851,-1.22
2022-03-13 20:43:48,-1.004,-1.1360000000000001
2022-03-13 20:43:50,-1.096,-1.254
2022-03-13 20:43:52,-1.038,-1.364
2022-03-13 20:43:53,-1.182,-1.087
2022-03-13 20:43:55,-0.84,-1.369
2022-03-13 20:43:57,-0.906,-1.28
2022-03-13 20:43:59,-1.238,-1.362
2022-03-13 20:44:00,-0.932,-1.168
2022-03-13 20:44:02,-1.1300000000000001,-1.081
2022-03-13 20:44:04,-1.137,-1.419
2022-03-13 20:44:05,-0.961,-1.1400000000000001
2022-03-13 20:44:07,-1.1480000000000001,-1.2590000000000001
2022-03-13 20:44:09,-0.812,-1.377
2022-03-13 20:44:11,-0.894,-1.109
2022-03-13 20:44:12,-1.102,-1.233
2022-03-13 20:44:14,-0.85,-1.366
2022-03-13 20:44:16,-0.916,-1.083
2022-03-13 20:44:18,-1.104,-1.237
2022-03-13 20:44:19,-0.8220000000000001,-1.191
2022-03-13 20:44:21,-1.097,-1.05
2022-03-13 20:44:23,-1.158,-1.196
2022-03-13 20:44:24,-0.983,-1.286
2022-03-13 20:44:26,-1.155,-1.353
2022-03-13 20:44:28,-0.895,-1.314
2022-03-13 20:44:30,-0.891,-1.053
2022-03-13 20:44:31,-1.102,-1.258
2022-03-13 20:44:33,-1.034,-1.147
2022-03-13 20:44:35,-1.151,-0.96
2022-03-13 20:44:37,-0.745,-1.318
2022-03-13 20:44:38,-0.9430000000000001,-1.2510000000000001
2022-03-13 20:44:40,-1.092,-1.076
2022-03-13 20:44:42,-0.9420000000000001,-1.435
2022-03-13 20:44:43,-0.9440000000000001,-1.004
2022-03-13 20:44:45,-1.096,-1.178
2022-03-13 20:44:47,-0.721,-1.209
2022-03-13 20:44:49,-0.858,-0.936
2022-03-13 20:44:50,-1.178,-1.2530000000000001
2022-03-13 20:44:52,-0.774,-1.09
2022-03-13 20:44:54,-1.165,-0.973
2022-03-13 20:44:56,-0.88,-1.379
2022-03-13 20:44:57,-0.87,-1.166
2022-03-13 20:44:59,-1.11,-1.2730000000000001
2022-03-13 20:45:01,-0.98,-1.3860000000000001
2022-03-13 20:45:02,-0.903,-0.9530000000000001
2022-03-13 20:45:04,-1.095,-1.17
2022-03-13 20:45:06,-0.854,-1.073
2022-03-13 20:45:08,-1.095,-0.962
2022-03-13 20:45:09,-1.181,-1.338
2022-03-13 20:45:11,-0.907,-1.088
2022-03-13 20:45:13,-1.174,-1.2590000000000001
2022-03-13 20:45:15,-0.876,-1.329
2022-03-13 20:45:16,-0.9530000000000001,-1.189
2022-03-13 20:45:18,-1.109,-1.151
2022-03-13 20:45:20,-0.849,-1.29
2022-03-13 20:45:21,-0.997,-1.211
2022-03-13 20:45:23,-1.045,-1.219
2022-03-13 20:45:25,-0.853,-1.298
2022-03-13 20:45:27,-0.977,-1.21
2022-03-13 20:45:28,-1.078,-1.087
2022-03-13 20:45:30,-0.882,-1.153
2022-03-13 20:45:32,-0.97,-0.9580000000000001
2022-03-13 20:45:34,-1.168,-1.125
2022-03-13 20:45:35,-0.801,-1.113
2022-03-13 20:45:37,-1.225,-0.903
2022-03-13 20:45:39,-1.107,-1.098
2022-03-13 20:45:40,-0.8150000000000001,-1.1260000000000001
2022-03-13 20:45:42,-0.921,-0.961
2022-03-13 20:45:44,-1.233,-1.198
2022-03-13 20:45:46,-0.894,-1.083
2022-03-13 20:45:47,-1.2630000000000001,-1.044
2022-03-13 20:45:49,-1.143,-1.114
2022-03-13 20:45:51,-1.119,-1.114
2022-03-13 20:45:53,-1.187,-0.878
2022-03-13 20:45:54,-0.834,-1.283
2022-03-13 20:45:56,-0.885,-0.99
2022-03-13 20:45:58,-1.18,-1.1480000000000001
2022-03-13 20:45:59,-1.038,-1.047
2022-03-13 20:46:01,-1.227,-0.937
2022-03-13 20:46:03,-1.159,-1.154
2022-03-13 20:46:05,-0.887,-1.077
2022-03-13 20:46:06,-1.121,-1.282
2022-03-13 20:46:08,-0.866,-1.313
2022-03-13 20:46:10,-1.068,-1.165
2022-03-13 20:46:12,-0.799,-1.135
2022-03-13 20:46:13,-0.962,-1.285
2022-03-13 20:46:15,-0.913,-0.898
2022-03-13 20:46:17,-1.198,-1.319
2022-03-13 20:46:18,-0.863,-1.051
2022-03-13 20:46:20,-1.097,-0.923
2022-03-13 20:46:22,-1.053,-1.125
2022-03-13 20:46:24,-0.987,-1.193
2022-03-13 20:46:25,-1.224,-0.9450000000000001
2022-03-13 20:46:27,-0.865,-1.242
2022-03-13 20:46:29,-0.986,-1.116
2022-03-13 20:46:31,-1.213,-1.197
2022-03-13 20:46:32,-0.835,-1.24
2022-03-13 20:46:34,-0.928,-1.211
2022-03-13 20:46:36,-1.087,-1.119
2022-03-13 20:46:37,-0.964,-1.323
2022-03-13 20:46:39,-0.998,-0.9420000000000001
2022-03-13 20:46:41,-1.191,-1.098
2022-03-13 20:46:43,-1.002,-1.029
2022-03-13 20:46:44,-1.197,-0.898
2022-03-13 20:46:46,-1.215,-1.184
2022-03-13 20:46:48,-0.9470000000000001,-1.034
2022-03-13 20:46:50,-1.209,-1.172
2022-03-13 20:46:51,-0.8320000000000001,-1.264
2022-03-13 20:46:53,-0.992,-1.109
2022-03-13 20:46:55,-1.08,-1.112
2022-03-13 20:46:56,-0.936,-1.323
2022-03-13 20:46:58,-1.091,-0.835
2022-03-13 20:47:00,-1.075,-1.1420000000000001
2022-03-13 20:47:02,-0.875,-1.02
2022-03-13 20:47:03,-1.2,-0.857
2022-03-13 20:47:05,-0.901,-1.395
2022-03-13 20:47:07,-0.861,-1.07
2022-03-13 20:47:09,-1.2,-1.143
2022-03-13 20:47:10,-0.8290000000000001,-1.278
2022-03-13 20:47:12,-0.926,-0.869
2022-03-13 20:47:14,-1.109,-1.116
2022-03-13 20:47:15,-0.869,-1.06
2022-03-13 20:47:17,-1.2,-0.931
2022-03-13 20:47:19,-1.1400000000000001,-1.118
2022-03-13 20:47:21,-0.928,-1.0010000000000001
2022-03-13 20:47:22,-1.085,-1.137
2022-03-13 20:47:24,-0.834,-1.307
2022-03-13 20:47:26,-0.865,-0.8
2022-03-13 20:47:28,-1.194,-1.17
2022-03-13 20:47:29,-0.801,-1.046
2022-03-13 20:47:31,-1.284,-0.923
2022-03-13 20:47:33,-1.035,-1.073
2022-03-13 20:47:34,-0.8310000000000001,-1.048
2022-03-13 20:47:36,-1.099,-1.074
2022-03-13 20:47:38,-0.805,-1.077
2022-03-13 20:47:40,-1.1340000000000001,-0.9390000000000001
2022-03-13 20:47:41,-1.158,-1.199
2022-03-13 20:47:43,-0.794,-1.04
2022-03-13 20:47:45,-1.165,-1.173
2022-03-13 20:47:47,-0.848,-1.167
2022-03-13 20:47:48,-0.895,-1.022
2022-03-13 20:47:50,-1.036,-1.118
2022-03-13 20:47:52,-0.872,-1.321
2022-03-13 20:47:53,-1.076,-0.882
2022-03-13 20:47:55,-1.044,-1.065
2022-03-13 20:47:57,-0.911,-0.963
2022-03-13 20:47:59,-1.179,-0.88
2022-03-13 20:48:00,-0.8140000000000001,-1.165
2022-03-13 20:48:02,-0.909,-1.191
2022-03-13 20:48:04,-1.123,-1.061
2022-03-13 20:48:06,-0.857,-1.086
2022-03-13 20:48:07,-0.961,-0.882
2022-03-13 20:48:09,-1.101,-1.083
2022-03-13 20:48:11,-0.962,-1.166
2022-03-13 20:48:12,-1.1440000000000001,-0.849
2022-03-13 20:48:14,-1.086,-1.35
2022-03-13 20:48:16,-0.877,-0.9550000000000001
2022-03-13 20:48:18,-1.07,-1.216
2022-03-13 20:48:19,-0.8320000000000001,-1.305
2022-03-13 20:48:21,-0.915,-1.2570000000000001
2022-03-13 20:48:23,-1.081,-1.02
2022-03-13 20:48:25,-0.8320000000000001,-1.2570000000000001
2022-03-13 20:48:26,-1.029,-1.1320000000000001
2022-03-13 20:48:28,-1.033,-1.075
2022-03-13 20:48:30,-0.8,-1.229
2022-03-13 20:48:31,-0.856,-1.054
2022-03-13 20:48:33,-1.192,-0.882
2022-03-13 20:48:35,-1.1280000000000001,-1.064
2022-03-13 20:48:37,-0.9550000000000001,-1.0050000000000001
2022-03-13 20:48:38,-1.11,-0.887
2022-03-13 20:48:40,-1.11,-1.107
2022-03-13 20:48:42,-1.029,-1.024
2022-03-13 20:48:44,-1.165,-0.975
2022-03-13 20:48:45,-1.108,-1.034
2022-03-13 20:48:47,-0.865,-1.1460000000000001
2022-03-13 20:48:49,-1.162,-0.9410000000000001
2022-03-13 20:48:50,-1.0090000000000001,-0.995
2022-03-13 20:48:52,-0.9430000000000001,-1.066
2022-03-13 20:48:54,-1.1380000000000001,-0.96
2022-03-13 20:48:56,-1.155,-1.071
2022-03-13 20:48:57,-0.9460000000000001,-1.0170000000000001
2022-03-13 20:48:59,-1.119,-0.913
2022-03-13 20:49:01,-1.097,-1.044
2022-03-13 20:49:03,-0.834,-0.986
2022-03-13 20:49:04,-1.266,-0.904
2022-03-13 20:49:06,-1.119,-1.084
2022-03-13 20:49:08,-0.74,-0.962
2022-03-13 20:49:09,-1.2790000000000001,-0.963
2022-03-13 20:49:11,-1.068,-1.068
2022-03-13 20:49:13,-0.9470000000000001,-1.161
2022-03-13 20:49:15,-1.216,-0.8260000000000001
2022-03-13 20:49:16,-1.16,-1.0210000000000001
2022-03-13 20:49:18,-0.883,-0.978
2022-03-13 20:49:20,-1.231,-1.088
2022-03-13 20:49:22,-0.765,-1.221
2022-03-13 20:49:23,-0.882,-1.038
2022-03-13 20:49:25,-1.083,-1.047
2022-03-13 20:49:27,-0.857,-1.162
2022-03-13 20:49:28,-0.997,-1.123
2022-03-13 20:49:30,-1.086,-1.05
2022-03-13 20:49:32,-0.888,-1.298
2022-03-13 20:49:34,-1.026,-0.8140000000000001
2022-03-13 20:49:35,-0.877,-1.212
2022-03-13 20:49:37,-0.896,-1.117
2022-03-13 20:49:39,-1.066,-0.995
2022-03-13 20:49:41,-0.901,-1.355
2022-03-13 20:49:42,-0.927,-0.882
2022-03-13 20:49:44,-1.219,-1.147
2022-03-13 20:49:46,-0.872,-1.1420000000000001
2022-03-13 20:49:47,-1.161,-0.838
2022-03-13 20:49:49,-0.838,-1.1340000000000001
2022-03-13 20:49:51,-0.843,-0.891
2022-03-13 20:49:53,-1.129,-1.182
2022-03-13 20:49:54,-0.786,-1.054
2022-03-13 20:49:56,-1.245,-0.903
2022-03-13 20:49:58,-1.127,-0.998
2022-03-13 20:50:00,-0.841,-1.05
2022-03-13 20:50:01,-1.1500000000000001,-1.12
2022-03-13 20:50:03,-0.8310000000000001,-1.21
2022-03-13 20:50:05,-0.9400000000000001,-1.169
2022-03-13 20:50:06,-1.049,-1.037
2022-03-13 20:50:08,-0.8240000000000001,-1.23
2022-03-13 20:50:10,-1.043,-0.8130000000000001
2022-03-13 20:50:12,-1.029,-1.0010000000000001
2022-03-13 20:50:13,-1.064,-0.9580000000000001
2022-03-13 20:50:15,-1.127,-0.8190000000000001
2022-03-13 20:50:17,-1.0230000000000001,-1.043
2022-03-13 20:50:18,-0.929,-1.116
2022-03-13 20:50:20,-1.2570000000000001,-0.872
2022-03-13 20:50:22,-0.777,-1.219
2022-03-13 20:50:24,-1.006,-1.156
2022-03-13 20:50:25,-1.094,-1.041
2022-03-13 20:50:27,-0.766,-1.234
2022-03-13 20:50:29,-0.888,-0.861
2022-03-13 20:50:31,-1.173,-1.084
2022-03-13 20:50:32,-0.796,-0.99
2022-03-13 20:50:34,-1.2,-0.866
2022-03-13 20:50:36,-1.073,-1.075
2022-03-13 20:50:37,-0.9410000000000001,-0.9530000000000001
2022-03-13 20:50:39,-1.189,-0.8240000000000001
2022-03-13 20:50:41,-1.069,-1.348
2022-03-13 20:50:43,-0.907,-1.052
2022-03-13 20:50:44,-1.19,-0.876
2022-03-13 20:50:46,-0.807,-1.224
2022-03-13 20:50:48,-0.911,-1.221
2022-03-13 20:50:50,-1.038,-1.07
2022-03-13 20:50:51,-0.803,-1.211
2022-03-13 20:50:53,-0.891,-0.835
2022-03-13 20:50:55,-1.082,-0.982
2022-03-13 20:50:56,-1.026,-1.104
2022-03-13 20:50:58,-1.303,-1.06
2022-03-13 20:51:00,-0.724,-1.159
2022-03-13 20:51:02,-0.911,-1.098
2022-03-13 20:51:03,-1.071,-0.9530000000000001
2022-03-13 20:51:05,-0.935,-1.2550000000000001
2022-03-13 20:51:07,-1.216,-0.901
2022-03-13 20:51:09,-1.067,-1.052
2022-03-13 20:51:10,-0.965,-1.049
2022-03-13 20:51:12,-1.236,-0.901
2022-03-13 20:51:14,-0.791,-1.164
2022-03-13 20:51:15,-0.846,-0.876
2022-03-13 20:51:17,-1.233,-0.996
2022-03-13 20:51:19,-0.989,-0.9440000000000001
2022-03-13 20:51:21,-1.124,-0.8
2022-03-13 20:51:22,-0.886,-1.361
2022-03-13 20:51:24,-0.863,-0.972
2022-03-13 20:51:26,-1.097,-1.074
2022-03-13 20:51:28,-0.928,-1.298
2022-03-13 20:51:29,-1.0010000000000001,-0.759
2022-03-13 20:51:31,-1.084,-1.057
2022-03-13 20:51:33,-0.8310000000000001,-1.104
2022-03-13 20:51:34,-1.199,-0.8210000000000001
2022-03-13 20:51:36,-1.312,-1.044
2022-03-13 20:51:38,-0.9410000000000001,-0.9540000000000001
2022-03-13 20:51:40,-1.2650000000000001,-0.8280000000000001
2022-03-13 20:51:41,-0.732,-1.205
2022-03-13 20:51:43,-0.908,-0.898
2022-03-13 20:51:45,-1.067,-1.057
2022-03-13 20:51:47,-0.927,-1.307
2022-03-13 20:51:48,-0.923,-0.862
2022-03-13 20:51:50,-1.168,-1.1480000000000001
2022-03-13 20:51:52,-0.802,-0.997
2022-03-13 20:51:53,-1.242,-0.833
2022-03-13 20:51:55,-0.89,-1.333
2022-03-13 20:51:57,-0.983,-1.119
2022-03-13 20:51:59,-1.076,-1.076
2022-03-13 20:52:00,-0.749,-0.998
2022-03-13 20:52:02,-1.254,-0.974
2022-03-13 20:52:04,-1.117,-1.016
2022-03-13 20:52:06,-0.902,-0.995
2022-03-13 20:52:07,-1.084,-0.998
2022-03-13 20:52:09,-0.876,-1.29
2022-03-13 20:52:11,-0.841,-0.896
2022-03-13 20:52:12,-1.214,-1.034
2022-03-13 20:52:14,-0.921,-1.048
2022-03-13 20:52:16,-1.24,-0.812
2022-03-13 20:52:18,-1.197,-1.193
2022-03-13 20:52:19,-0.895,-1.041
2022-03-13 20:52:21,-1.102,-1.228
2022-03-13 20:52:23,-0.896,-1.209
2022-03-13 20:52:25,-0.9520000000000001,-0.861
2022-03-13 20:52:26,-1.079,-1.03
2022-03-13 20:52:28,-0.797,-0.989
2022-03-13 20:52:30,-0.928,-0.8220000000000001
2022-03-13 20:52:31,-1.066,-0.99
2022-03-13 20:52:33,-0.969,-0.9560000000000001
2022-03-13 20:52:35,-1.1400000000000001,-0.872
2022-03-13 20:52:37,-0.9530000000000001,-1.313
2022-03-13 20:52:38,-0.873,-0.966
2022-03-13 20:52:40,-1.097,-1.127
2022-03-13 20:52:42,-0.762,-1.176
2022-03-13 20:52:44,-0.8260000000000001,-1.0110000000000001
2022-03-13 20:52:45,-1.03,-1.0210000000000001
2022-03-13 20:52:47,-0.876,-1.322
2022-03-13 20:52:49,-1.215,-0.855
2022-03-13 20:52:50,-1.066,-1.0130000000000001
2022-03-13 20:52:52,-0.9380000000000001,-0.991
2022-03-13 20:52:54,-0.9510000000000001,-0.8240000000000001
2022-03-13 20:52:56,-1.096,-1.236
2022-03-13 20:52:57,-0.904,-0.913
2022-03-13 20:52:59,-1.098,-1.106
2022-03-13 20:53:01,-0.906,-1.293
2022-03-13 20:53:03,-0.935,-0.862
2022-03-13 20:53:04,-1.123,-1.107
2022-03-13 20:53:06,-0.835,-1.025
2022-03-13 20:53:08,-1.19,-0.873
2022-03-13 20:53:09,-0.732,-1.217
2022-03-13 20:53:11,-0.9540000000000001,-0.961
2022-03-13 20:53:13,-1.06,-1.024
2022-03-13 20:53:15,-0.802,-1.0030000000000001
2022-03-13 20:53:16,-0.922,-0.839
2022-03-13 20:53:18,-1.117,-0.996
2022-03-13 20:53:20,-1.01,-1.104
2022-03-13 20:53:22,-1.1420000000000001,-0.9480000000000001
2022-03-13 20:53:23,-1.169,-1.211
2022-03-13 20:53:25,-0.836,-1.07
2022-03-13 20:53:27,-1.202,-0.908
2022-03-13 20:53:28,-0.855,-1.345
2022-03-13 20:53:30,-0.8170000000000001,-1.006
2022-03-13 20:53:32,-1.248,-0.916
2022-03-13 20:53:34,-0.788,-1.222
2022-03-13 20:53:35,-0.934,-0.986
2022-03-13 20:53:37,-1.105,-1.056
2022-03-13 20:53:39,-0.801,-1.206
2022-03-13 20:53:41,-0.926,-1.03
2022-03-13 20:53:42,-1.081,-0.983
2022-03-13 20:53:44,-0.8280000000000001,-1.185
2022-03-13 20:53:46,-0.9,-0.8230000000000001
2022-03-13 20:53:47,-1.25,-0.989
2022-03-13 20:53:49,-0.746,-1.075
2022-03-13 20:53:51,-0.8180000000000001,-0.929
2022-03-13 20:53:53,-1.1340000000000001,-1.063
2022-03-13 20:53:54,-0.989,-0.926
2022-03-13 20:53:56,-1.141,-0.8140000000000001
2022-03-13 20:53:58,-0.734,-1.193
2022-03-13 20:54:00,-0.877,-1.195
2022-03-13 20:54:01,-1.0130000000000001,-1.11
2022-03-13 20:54:03,-0.742,-0.9380000000000001
2022-03-13 20:54:05,-1.102,-0.8180000000000001
2022-03-13 20:54:06,-0.915,-1.29
2022-03-13 20:54:08,-0.877,-1.046
2022-03-13 20:54:10,-1.113,-1.092
2022-03-13 20:54:12,-0.798,-1.328
2022-03-13 20:54:13,-1.074,-0.931
2022-03-13 20:54:15,-1.077,-1.055
2022-03-13 20:54:17,-1.004,-1.12
2022-03-13 20:54:19,-1.037,-0.808
2022-03-13 20:54:20,-1.102,-1.032
2022-03-13 20:54:22,-0.885,-1.008
2022-03-13 20:54:24,-1.2670000000000001,-1.0030000000000001
2022-03-13 20:54:25,-0.719,-1.204
2022-03-13 20:54:27,-1.004,-0.978
2022-03-13 20:54:29,-0.974,-1.067
2022-03-13 20:54:31,-0.801,-1.0
2022-03-13 20:54:32,-1.264,-0.984
2022-03-13 20:54:34,-1.103,-1.027
2022-03-13 20:54:36,-0.812,-1.058
2022-03-13 20:54:38,-1.086,-1.086
2022-03-13 20:54:39,-0.883,-1.316
2022-03-13 20:54:41,-0.861,-0.915
2022-03-13 20:54:43,-1.176,-1.027
2022-03-13 20:54:44,-0.8270000000000001,-1.043
2022-03-13 20:54:46,-1.025,-1.1280000000000001
2022-03-13 20:54:48,-0.759,-1.016
2022-03-13 20:54:50,-1.135,-0.937
2022-03-13 20:54:51,-1.059,-1.045
2022-03-13 20:54:53,-0.847,-1.043
2022-03-13 20:54:55,-1.179,-1.153
2022-03-13 20:54:57,-0.749,-1.175
2022-03-13 20:54:58,-0.88,-1.186
2022-03-13 20:55:00,-1.06,-0.995
2022-03-13 20:55:02,-0.908,-0.924
2022-03-13 20:55:03,-1.1300000000000001,-0.867
2022-03-13 20:55:05,-1.168,-1.03
2022-03-13 20:55:07,-0.896,-1.0150000000000001
2022-03-13 20:55:09,-1.102,-1.195
2022-03-13 20:55:10,-0.8180000000000001,-1.335
2022-03-13 20:55:12,-1.0090000000000001,-0.886
2022-03-13 20:55:14,-1.198,-1.01
2022-03-13 20:55:16,-0.874,-1.328
2022-03-13 20:55:17,-0.868,-0.882
2022-03-13 20:55:19,-1.097,-1.075
2022-03-13 20:55:21,-1.046,-1.046
2022-03-13 20:55:22,-1.1260000000000001,-0.862
2022-03-13 20:55:24,-0.8180000000000001,-1.193
2022-03-13 20:55:26,-1.113,-1.072
2022-03-13 20:55:28,-1.08,-0.983
2022-03-13 20:55:29,-0.858,-1.349
2022-03-13 20:55:31,-1.072,-0.88
2022-03-13 20:55:33,-1.057,-1.002
2022-03-13 20:55:35,-0.921,-1.201
2022-03-13 20:55:36,-1.187,-0.91
2022-03-13 20:55:38,-0.724,-1.211
2022-03-13 20:55:40,-0.9430000000000001,-1.066
2022-03-13 20:55:41,-1.022,-0.968
2022-03-13 20:55:43,-0.843,-1.229
2022-03-13 20:55:45,-1.084,-0.894
2022-03-13 20:55:47,-1.059,-1.0090000000000001
2022-03-13 20:55:48,-0.921,-1.174
2022-03-13 20:55:50,-1.159,-0.8130000000000001
2022-03-13 20:55:52,-0.835,-1.233
2022-03-13 20:55:54,-0.881,-0.795
2022-03-13 20:55:55,-1.264,-1.121
2022-03-13 20:55:57,-1.065,-0.963
2022-03-13 20:55:59,-1.066,-0.898
2022-03-13 20:56:00,-0.756,-1.192
2022-03-13 20:56:02,-0.881,-0.8200000000000001
2022-03-13 20:56:04,-1.082,-0.98
2022-03-13 20:56:06,-0.891,-0.966
2022-03-13 20:56:07,-1.043,-1.045
2022-03-13 20:56:09,-0.866,-1.115
2022-03-13 20:56:11,-0.883,-0.763
2022-03-13 20:56:13,-1.0110000000000001,-1.0090000000000001
2022-03-13 20:56:14,-0.887,-0.971
2022-03-13 20:56:16,-1.1260000000000001,-0.804
2022-03-13 20:56:18,-0.811,-1.159
2022-03-13 20:56:19,-0.991,-1.174
2022-03-13 20:56:21,-1.135,-1.096
2022-03-13 20:56:23,-0.968,-1.037
2022-03-13 20:56:25,-1.147,-0.857
2022-03-13 20:56:26,-1.258,-0.974
2022-03-13 20:56:28,-0.859,-0.9540000000000001
2022-03-13 20:56:30,-1.094,-1.03
2022-03-13 20:56:32,-0.902,-1.178
2022-03-13 20:56:33,-0.9470000000000001,-0.8240000000000001
2022-03-13 20:56:35,-1.184,-1.175
2022-03-13 20:56:37,-0.924,-1.099
2022-03-13 20:56:38,-1.1500000000000001,-0.808
2022-03-13 20:56:40,-1.301,-1.05
2022-03-13 20:56:42,-0.9440000000000001,-0.985
2022-03-13 20:56:44,-1.097,-1.008
2022-03-13 20:56:45,-0.924,-0.979
2022-03-13 20:56:47,-1.1380000000000001,-0.86
2022-03-13 20:56:49,-0.869,-1.201
2022-03-13 20:56:51,-0.98,-0.8130000000000001
2022-03-13 20:56:52,-1.082,-0.994
2022-03-13 20:56:54,-0.835,-1.018
2022-03-13 20:56:56,-1.266,-0.9500000000000001
2022-03-13 20:56:57,-0.881,-1.208
2022-03-13 20:56:59,-0.9570000000000001,-1.117
2022-03-13 20:57:01,-1.024,-1.108
2022-03-13 20:57:03,-0.808,-0.96
2022-03-13 20:57:04,-1.248,-0.856
2022-03-13 20:57:06,-1.119,-1.046
2022-03-13 20:57:08,-0.9500000000000001,-0.9420000000000001
2022-03-13 20:57:10,-1.171,-0.895
2022-03-13 20:57:11,-1.131,-1.187
2022-03-13 20:57:13,-0.879,-0.9400000000000001
2022-03-13 20:57:15,-1.24,-1.145
2022-03-13 20:57:16,-0.89,-1.197
2022-03-13 20:57:18,-0.881,-0.893
2022-03-13 20:57:20,-1.28,-1.092
2022-03-13 20:57:22,-0.914,-0.988
2022-03-13 20:57:23,-1.207,-0.851
2022-03-13 20:57:25,-1.09,-1.0090000000000001
2022-03-13 20:57:27,-0.774,-0.985
2022-03-13 20:57:29,-1.165,-0.936
2022-03-13 20:57:30,-0.86,-1.214
2022-03-13 20:57:32,-1.049,-0.9390000000000001
2022-03-13 20:57:34,-1.048,-1.119
2022-03-13 20:57:35,-0.8190000000000001,-1.1360000000000001
2022-03-13 20:57:37,-0.872,-0.935
2022-03-13 20:57:39,-1.172,-1.221
2022-03-13 20:57:41,-0.761,-0.9540000000000001
2022-03-13 20:57:42,-1.199,-0.862
2022-03-13 20:57:44,-1.0110000000000001,-1.0110000000000001
2022-03-13 20:57:46,-0.886,-1.035
2022-03-13 20:57:48,-1.208,-1.091
2022-03-13 20:57:49,-0.775,-1.238
2022-03-13 20:57:51,-0.845,-0.866
2022-03-13 20:57:53,-1.1280000000000001,-0.968
2022-03-13 20:57:54,-0.8300000000000001,-0.962
2022-03-13 20:57:56,-0.867,-0.89
2022-03-13 20:57:58,-1.062,-1.069
2022-03-13 20:58:00,-0.963,-0.979
2022-03-13 20:58:01,-1.149,-0.896
2022-03-13 20:58:03,-1.066,-1.048
2022-03-13 20:58:05,-0.963,-1.058
2022-03-13 20:58:06,-1.232,-0.837
2022-03-13 20:58:08,-1.076,-1.26
2022-03-13 20:58:10,-0.921,-0.9520000000000001
2022-03-13 20:58:12,-1.292,-0.8130000000000001
2022-03-13 20:58:13,-0.859,-1.184
2022-03-13 20:58:15,-0.9560000000000001,-1.004
2022-03-13 20:58:17,-1.2710000000000001,-0.9500000000000001
2022-03-13 20:58:19,-0.878,-1.232
2022-03-13 20:58:20,-0.9400000000000001,-1.0170000000000001
2022-03-13 20:58:22,-1.238,-0.8150000000000001
2022-03-13 20:58:24,-1.1380000000000001,-1.025
2022-03-13 20:58:25,-0.874,-0.968
2022-03-13 20:58:27,-1.308,-1.008
2022-03-13 20:58:29,-1.054,-1.272
2022-03-13 20:58:31,-0.937,-1.022
2022-03-13 20:58:32,-1.2590000000000001,-0.8210000000000001
2022-03-13 20:58:34,-1.165,-1.065
2022-03-13 20:58:36,-0.91,-1.1300000000000001
2022-03-13 20:58:38,-1.129,-0.892
2022-03-13 20:58:39,-1.296,-1.03
2022-03-13 20:58:41,-0.897,-0.968
2022-03-13 20:58:43,-1.274,-0.855
2022-03-13 20:58:44,-0.8250000000000001,-1.209
2022-03-13 20:58:46,-0.972,-0.888
2022-03-13 20:58:48,-1.089,-0.991
2022-03-13 20:58:50,-0.997,-0.972
2022-03-13 20:58:51,-1.149,-0.923
2022-03-13 20:58:53,-1.0030000000000001,-1.073
2022-03-13 20:58:55,-0.857,-1.0050000000000001
2022-03-13 20:58:57,-1.219,-1.1420000000000001
2022-03-13 20:58:58,-0.867,-1.125
2022-03-13 20:59:00,-1.0210000000000001,-1.117
2022-03-13 20:59:02,-1.21,-1.1480000000000001
2022-03-13 20:59:03,-0.881,-0.964
2022-03-13 20:59:05,-1.069,-0.926
2022-03-13 20:59:07,-1.073,-0.998
2022-03-13 20:59:09,-0.97,-1.19
2022-03-13 20:59:10,-1.199,-1.162
2022-03-13 20:59:12,-0.901,-1.179
2022-03-13 20:59:14,-0.869,-1.034
2022-03-13 20:59:16,-1.239,-0.985
2022-03-13 20:59:17,-0.875,-1.173
2022-03-13 20:59:19,-0.913,-1.01
2022-03-13 20:59:21,-1.1320000000000001,-1.111
2022-03-13 20:59:22,-0.731,-1.098
2022-03-13 20:59:24,-1.046,-0.85
2022-03-13 20:59:26,-1.087,-1.1320000000000001
2022-03-13 20:59:28,-0.794,-1.0070000000000001
2022-03-13 20:59:29,-1.254,-0.9560000000000001
2022-03-13 20:59:31,-1.118,-1.029
2022-03-13 20:59:33,-0.905,-0.992
2022-03-13 20:59:35,-1.1480000000000001,-0.805
2022-03-13 20:59:36,-1.116,-1.274
2022-03-13 20:59:38,-0.924,-0.975
2022-03-13 20:59:40,-1.0010000000000001,-1.024
2022-03-13 20:59:41,-0.891,-1.358
2022-03-13 20:59:43,-1.0090000000000001,-0.8170000000000001
2022-03-13 20:59:45,-1.177,-0.99
2022-03-13 20:59:47,-0.923,-0.991
2022-03-13 20:59:48,-1.247,-0.977
2022-03-13 20:59:50,-1.092,-1.028
2022-03-13 20:59:52,-0.846,-0.996
2022-03-13 20:59:54,-1.2730000000000001,-0.894
2022-03-13 20:59:55,-0.84,-1.2
2022-03-13 20:59:57,-0.878,-0.973
2022-03-13 20:59:59,-1.188,-0.8140000000000001
2022-03-13 21:00:00,-1.101,-1.1320000000000001
2022-03-13 21:00:02,-0.895,-0.973
2022-03-13 21:00:04,-1.282,-0.757
2022-03-13 21:00:06,-0.899,-1.35
2022-03-13 21:00:07,-0.979,-1.049
2022-03-13 21:00:09,-1.215,-0.783
2022-03-13 21:00:11,-1.197,-1.094
2022-03-13 21:00:13,-0.872,-1.091
2022-03-13 21:00:14,-1.2510000000000001,-0.758
2022-03-13 21:00:16,-0.983,-1.228
2022-03-13 21:00:18,-0.981,-0.9570000000000001
2022-03-13 21:00:19,-1.214,-1.064
2022-03-13 21:00:21,-1.26,-1.101
2022-03-13 21:00:23,-0.935,-1.165
2022-03-13 21:00:25,-1.238,-0.9440000000000001
2022-03-13 21:00:26,-1.185,-1.085
2022-03-13 21:00:28,-0.894,-1.228
2022-03-13 21:00:30,-0.974,-0.912
2022-03-13 21:00:32,-1.127,-0.8320000000000001
2022-03-13 21:00:33,-1.166,-1.029
2022-03-13 21:00:35,-0.872,-0.998
2022-03-13 21:00:37,-0.894,-0.794
2022-03-13 21:00:38,-1.089,-1.032
2022-03-13 21:00:40,-0.845,-1.106
2022-03-13 21:00:42,-0.97,-0.968
2022-03-13 21:00:44,-1.217,-0.874
2022-03-13 21:00:45,-1.1,-1.031
2022-03-13 21:00:47,-0.75,-0.992
2022-03-13 21:00:49,-1.027,-0.858
2022-03-13 21:00:51,-1.2670000000000001,-1.056
2022-03-13 21:00:52,-0.8300000000000001,-1.06
2022-03-13 21:00:54,-0.965,-0.796
2022-03-13 21:00:56,-1.094,-1.076
2022-03-13 21:00:57,-0.876,-1.173
2022-03-13 21:00:59,-0.974,-0.982
2022-03-13 21:01:01,-1.291,-1.006
2022-03-13 21:01:03,-1.167,-1.2650000000000001
2022-03-13 21:01:04,-0.986,-1.0090000000000001
2022-03-13 21:01:06,-1.063,-1.012
2022-03-13 21:01:08,-0.8220000000000001,-1.166
2022-03-13 21:01:10,-0.895,-1.078
2022-03-13 21:01:11,-1.228,-0.858
2022-03-13 21:01:13,-1.1300000000000001,-0.988
2022-03-13 21:01:15,-1.038,-0.976
2022-03-13 21:01:16,-0.913,-0.773
2022-03-13 21:01:18,-1.171,-1.008
2022-03-13 21:01:20,-0.8180000000000001,-1.026
2022-03-13 21:01:22,-0.922,-0.842
2022-03-13 21:01:23,-1.162,-1.052
2022-03-13 21:01:25,-0.891,-1.184
2022-03-13 21:01:27,-0.917,-0.931
2022-03-13 21:01:29,-1.182,-0.9480000000000001
2022-03-13 21:01:30,-1.286,-1.079
2022-03-13 21:01:32,-0.9430000000000001,-1.202
2022-03-13 21:01:34,-1.004,-1.127
2022-03-13 21:01:35,-1.141,-1.1360000000000001
2022-03-13 21:01:37,-0.863,-1.296
2022-03-13 21:01:39,-1.024,-1.119
2022-03-13 21:01:41,-1.173,-0.856
2022-03-13 21:01:42,-1.164,-1.121
2022-03-13 21:01:44,-0.926,-1.2790000000000001
2022-03-13 21:01:46,-0.922,-1.061
2022-03-13 21:01:48,-1.115,-1.041
2022-03-13 21:01:49,-0.874,-1.203
2022-03-13 21:01:51,-1.048,-0.965
2022-03-13 21:01:53,-1.203,-0.791
2022-03-13 21:01:54,-1.319,-0.987
2022-03-13 21:01:56,-1.0030000000000001,-1.131
2022-03-13 21:01:58,-1.338,-0.843
2022-03-13 21:02:00,-1.1320000000000001,-1.08
2022-03-13 21:02:01,-0.91,-1.177
2022-03-13 21:02:03,-0.905,-0.845
2022-03-13 21:02:05,-1.175,-1.0030000000000001
2022-03-13 21:02:07,-0.891,-1.274
2022-03-13 21:02:08,-1.044,-0.973
2022-03-13 21:02:10,-1.276,-0.779
2022-03-13 21:02:12,-1.284,-1.081
2022-03-13 21:02:13,-0.968,-1.175
2022-03-13 21:02:15,-1.289,-0.908
2022-03-13 21:02:17,-1.1280000000000001,-0.984
2022-03-13 21:02:19,-1.097,-0.995
2022-03-13 21:02:20,-1.231,-0.906
2022-03-13 21:02:22,-1.162,-1.096
2022-03-13 21:02:24,-0.848,-0.9420000000000001
2022-03-13 21:02:26,-0.9490000000000001,-0.787
2022-03-13 21:02:27,-1.153,-1.014
2022-03-13 21:02:29,-0.859,-1.1520000000000001
2022-03-13 21:02:31,-0.908,-0.9560000000000001
2022-03-13 21:02:32,-1.21,-0.89
2022-03-13 21:02:34,-1.278,-1.121
2022-03-13 21:02:36,-0.839,-1.308
2022-03-13 21:02:38,-0.965,-0.982
2022-03-13 21:02:39,-1.166,-0.904
2022-03-13 21:02:41,-1.106,-1.033
2022-03-13 21:02:43,-0.858,-0.971
2022-03-13 21:02:45,-1.006,-0.8260000000000001
2022-03-13 21:02:46,-1.1300000000000001,-1.029
2022-03-13 21:02:48,-0.805,-1.223
2022-03-13 21:02:50,-0.922,-1.033
2022-03-13 21:02:51,-1.234,-0.722
2022-03-13 21:02:53,-1.149,-0.996
2022-03-13 21:02:55,-0.934,-0.993
2022-03-13 21:02:57,-0.9,-0.9
2022-03-13 21:02:58,-1.1480000000000001,-0.995
2022-03-13 21:03:00,-0.848,-1.203
2022-03-13 21:03:02,-0.906,-1.024
2022-03-13 21:03:04,-1.221,-0.864
2022-03-13 21:03:05,-1.248,-1.161
2022-03-13 21:03:07,-0.9380000000000001,-1.334
2022-03-13 21:03:09,-0.962,-0.987
2022-03-13 21:03:10,-1.094,-1.169
2022-03-13 21:03:12,-1.245,-1.0070000000000001
2022-03-13 21:03:14,-0.836,-0.977
2022-03-13 21:03:16,-0.913,-0.856
2022-03-13 21:03:17,-1.231,-1.157
2022-03-13 21:03:19,-1.293,-1.124
2022-03-13 21:03:21,-1.037,-1.018
2022-03-13 21:03:23,-0.973,-0.811
2022-03-13 21:03:24,-1.171,-0.971
2022-03-13 21:03:26,-0.84,-1.232
2022-03-13 21:03:28,-1.0010000000000001,-1.029
2022-03-13 21:03:29,-1.203,-0.793
2022-03-13 21:03:31,-1.098,-1.064
2022-03-13 21:03:33,-0.886,-1.211
2022-03-13 21:03:35,-0.876,-0.979
2022-03-13 21:03:36,-1.24,-0.9500000000000001
2022-03-13 21:03:38,-1.163,-1.151
2022-03-13 21:03:40,-0.863,-1.226
2022-03-13 21:03:42,-0.892,-0.911
2022-03-13 21:03:43,-1.232,-0.8200000000000001
2022-03-13 21:03:45,-1.184,-1.03
2022-03-13 21:03:47,-0.927,-0.926
2022-03-13 21:03:48,-0.93,-0.726
2022-03-13 21:03:50,-1.177,-1.1300000000000001
2022-03-13 21:03:52,-1.188,-1.191
2022-03-13 21:03:54,-0.964,-0.9560000000000001
2022-03-13 21:03:55,-0.921,-0.791
2022-03-13 21:03:57,-1.171,-1.014
2022-03-13 21:03:59,-0.894,-1.217
2022-03-13 21:04:01,-0.9590000000000001,-1.044
2022-03-13 21:04:02,-1.188,-0.8290000000000001
2022-03-13 21:04:04,-1.1280000000000001,-1.004
2022-03-13 21:04:06,-0.857,-1.0070000000000001
2022-03-13 21:04:07,-0.9400000000000001,-0.836
2022-03-13 21:04:09,-1.116,-1.18
2022-03-13 21:04:11,-1.178,-1.2530000000000001
2022-03-13 21:04:13,-0.92,-1.087
2022-03-13 21:04:14,-1.242,-0.937
2022-03-13 21:04:16,-1.188,-1.236
2022-03-13 21:04:18,-0.919,-1.167
2022-03-13 21:04:20,-1.024,-1.079
2022-03-13 21:04:21,-1.167,-0.978
2022-03-13 21:04:23,-0.9570000000000001,-1.249
2022-03-13 21:04:25,-0.897,-0.917
2022-03-13 21:04:26,-1.1280000000000001,-1.01
2022-03-13 21:04:28,-0.885,-1.185
2022-03-13 21:04:30,-0.968,-1.105
2022-03-13 21:04:32,-1.173,-0.859
2022-03-13 21:04:33,-1.281,-0.966
2022-03-13 21:04:35,-0.9450000000000001,-1.026
2022-03-13 21:04:37,-1.212,-0.744
2022-03-13 21:04:39,-1.095,-1.121
2022-03-13 21:04:40,-0.9590000000000001,-1.313
2022-03-13 21:04:42,-0.966,-0.872
2022-03-13 21:04:44,-1.101,-0.999
2022-03-13 21:04:45,-0.794,-1.145
2022-03-13 21:04:47,-0.991,-0.926
2022-03-13 21:04:49,-1.225,-0.853
2022-03-13 21:04:51,-1.186,-1.055
2022-03-13 21:04:52,-0.9590000000000001,-1.036
2022-03-13 21:04:54,-0.975,-0.77
2022-03-13 21:04:56,-1.184,-0.985
2022-03-13 21:04:57,-0.901,-1.354
2022-03-13 21:04:59,-1.053,-1.1340000000000001
2022-03-13 21:05:01,-1.149,-1.118
2022-03-13 21:05:03,-1.232,-1.174
2022-03-13 21:05:04,-1.083,-0.927
2022-03-13 21:05:06,-1.278,-0.92
2022-03-13 21:05:08,-1.092,-1.118
2022-03-13 21:05:10,-0.918,-1.245
2022-03-13 21:05:11,-0.997,-1.096
2022-03-13 21:05:13,-1.233,-1.09
2022-03-13 21:05:15,-0.9590000000000001,-1.283
2022-03-13 21:05:16,-0.875,-0.988
2022-03-13 21:05:18,-1.242,-0.851
2022-03-13 21:05:20,-1.184,-1.034
2022-03-13 21:05:22,-1.0,-1.046
2022-03-13 21:05:23,-1.28,-0.766
2022-03-13 21:05:25,-1.1460000000000001,-0.996
2022-03-13 21:05:27,-0.9420000000000001,-1.135
2022-03-13 21:05:29,-0.873,-0.997
2022-03-13 21:05:30,-1.192,-0.8220000000000001
2022-03-13 21:05:32,-1.1,-0.916
2022-03-13 21:05:34,-0.97,-1.266
2022-03-13 21:05:35,-0.9440000000000001,-1.056
2022-03-13 21:05:37,-1.133,-0.989
2022-03-13 21:05:39,-0.912,-1.19
2022-03-13 21:05:41,-1.062,-1.122
2022-03-13 21:05:42,-1.328,-0.8310000000000001
2022-03-13 21:05:44,-1.147,-1.01
2022-03-13 21:05:46,-1.044,-0.988
2022-03-13 21:05:48,-0.961,-0.841
2022-03-13 21:05:49,-1.1300000000000001,-1.0130000000000001
2022-03-13 21:05:51,-0.848,-1.158
2022-03-13 21:05:53,-0.998,-0.986
2022-03-13 21:05:54,-1.215,-0.8150000000000001
2022-03-13 21:05:56,-1.1480000000000001,-1.049
2022-03-13 21:05:58,-0.926,-1.238
2022-03-13 21:06:00,-1.039,-1.129
2022-03-13 21:06:01,-1.213,-1.1400000000000001
2022-03-13 21:06:03,-0.915,-1.294
2022-03-13 21:06:05,-0.962,-1.029
2022-03-13 21:06:07,-1.171,-0.901
2022-03-13 21:06:08,-1.258,-0.995
2022-03-13 21:06:10,-0.9450000000000001,-1.171
2022-03-13 21:06:12,-0.914,-0.857
2022-03-13 21:06:13,-1.084,-1.034
2022-03-13 21:06:15,-0.907,-1.173
2022-03-13 21:06:17,-1.028,-0.923
2022-03-13 21:06:19,-1.307,-0.856
2022-03-13 21:06:20,-1.111,-0.99
2022-03-13 21:06:22,-0.88,-0.9560000000000001
2022-03-13 21:06:24,-1.0210000000000001,-0.789
2022-03-13 21:06:26,-1.166,-1.131
2022-03-13 21:06:27,-0.888,-1.1380000000000001
2022-03-13 21:06:29,-1.071,-1.147
2022-03-13 21:06:31,-1.207,-1.143
2022-03-13 21:06:32,-1.242,-1.004
2022-03-13 21:06:34,-0.858,-0.998
2022-03-13 21:06:36,-0.965,-0.8210000000000001
2022-03-13 21:06:38,-1.196,-1.088
2022-03-13 21:06:39,-1.057,-1.25
2022-03-13 21:06:41,-1.04,-1.03
2022-03-13 21:06:43,-1.2,-0.858
2022-03-13 21:06:45,-1.063,-0.983
2022-03-13 21:06:46,-0.904,-0.961
2022-03-13 21:06:48,-0.9470000000000001,-0.807
2022-03-13 21:06:50,-1.247,-0.684
2022-03-13 21:06:51,-0.857,-1.008
2022-03-13 21:06:53,-0.9460000000000001,-0.869
2022-03-13 21:06:55,-1.21,-0.989
2022-03-13 21:06:57,-0.852,-1.161
2022-03-13 21:06:58,-1.0010000000000001,-1.081
2022-03-13 21:07:00,-1.089,-1.1480000000000001
2022-03-13 21:07:02,-0.87,-1.211
2022-03-13 21:07:04,-1.028,-0.971
2022-03-13 21:07:05,-1.26,-0.92
2022-03-13 21:07:07,-0.8260000000000001,-1.214
2022-03-13 21:07:09,-0.965,-0.9410000000000001
2022-03-13 21:07:10,-1.139,-0.798
2022-03-13 21:07:12,-0.844,-1.207
2022-03-13 21:07:14,-0.9590000000000001,-0.961
2022-03-13 21:07:16,-1.143,-1.02
2022-03-13 21:07:17,-0.795,-1.197
2022-03-13 21:07:19,-0.9500000000000001,-0.989
2022-03-13 21:07:21,-1.186,-1.073
2022-03-13 21:07:23,-0.966,-1.191
2022-03-13 21:07:24,-0.994,-1.097
2022-03-13 21:07:26,-1.221,-1.071
2022-03-13 21:07:28,-0.9570000000000001,-1.306
2022-03-13 21:07:29,-0.893,-0.9530000000000001
2022-03-13 21:07:31,-1.1340000000000001,-0.993
2022-03-13 21:07:33,-0.838,-1.12
2022-03-13 21:07:35,-0.905,-1.0190000000000001
2022-03-13 21:07:36,-1.27,-0.8320000000000001
2022-03-13 21:07:38,-1.193,-0.986
2022-03-13 21:07:40,-0.869,-1.0010000000000001
2022-03-13 21:07:42,-1.232,-0.759
2022-03-13 21:07:43,-1.181,-0.975
2022-03-13 21:07:45,-0.891,-1.038
2022-03-13 21:07:47,-1.213,-0.8200000000000001
2022-03-13 21:07:48,-1.222,-0.929
2022-03-13 21:07:50,-0.915,-1.024
2022-03-13 21:07:52,-1.3,-0.903
2022-03-13 21:07:54,-1.088,-1.2650000000000001
2022-03-13 21:07:55,-0.987,-1.006
2022-03-13 21:07:57,-1.19,-1.18
2022-03-13 21:07:59,-0.845,-1.185
2022-03-13 21:08:01,-0.926,-0.9460000000000001
2022-03-13 21:08:02,-1.342,-1.012
2022-03-13 21:08:04,-0.886,-1.119
2022-03-13 21:08:06,-0.92,-0.931
2022-03-13 21:08:07,-1.2690000000000001,-0.8260000000000001
2022-03-13 21:08:09,-1.114,-0.981
2022-03-13 21:08:11,-0.999,-1.095
2022-03-13 21:08:13,-1.2510000000000001,-0.9380000000000001
2022-03-13 21:08:14,-1.155,-0.969
2022-03-13 21:08:16,-1.016,-1.045
2022-03-13 21:08:18,-1.294,-0.905
2022-03-13 21:08:20,-1.17,-1.026
2022-03-13 21:08:21,-0.8280000000000001,-1.032
2022-03-13 21:08:23,-1.227,-1.008
2022-03-13 21:08:25,-1.2630000000000001,-1.1
2022-03-13 21:08:26,-0.887,-0.998
2022-03-13 21:08:28,-0.979,-1.091
2022-03-13 21:08:30,-1.174,-1.055
2022-03-13 21:08:32,-0.889,-1.216
2022-03-13 21:08:33,-0.9550000000000001,-1.044
2022-03-13 21:08:35,-1.311,-0.9550000000000001
2022-03-13 21:08:37,-1.095,-1.207
2022-03-13 21:08:39,-1.03,-1.0050000000000001
2022-03-13 21:08:40,-1.197,-0.848
2022-03-13 21:08:42,-1.091,-1.054
2022-03-13 21:08:44,-1.059,-1.085
2022-03-13 21:08:45,-1.355,-0.993
2022-03-13 21:08:47,-1.21,-1.175
2022-03-13 21:08:49,-0.849,-1.216
2022-03-13 21:08:51,-0.961,-1.095
2022-03-13 21:08:52,-1.1320000000000001,-1.129
2022-03-13 21:08:54,-0.811,-1.187
2022-03-13 21:08:56,-0.9430000000000001,-1.027
2022-03-13 21:08:58,-1.266,-0.841
2022-03-13 21:08:59,-0.854,-1.177
2022-03-13 21:09:01,-0.995,-0.987
2022-03-13 21:09:03,-1.129,-1.153
2022-03-13 21:09:04,-0.833,-1.204
2022-03-13 21:09:06,-0.9530000000000001,-0.97
2022-03-13 21:09:08,-1.34,-0.96
2022-03-13 21:09:10,-0.886,-1.171
2022-03-13 21:09:11,-0.928,-1.0010000000000001
2022-03-13 21:09:13,-1.282,-0.767
2022-03-13 21:09:15,-1.0010000000000001,-1.284
2022-03-13 21:09:17,-0.896,-1.16
2022-03-13 21:09:18,-1.143,-0.736
2022-03-13 21:09:20,-1.205,-1.045
2022-03-13 21:09:22,-0.998,-0.975
2022-03-13 21:09:23,-1.166,-0.964
2022-03-13 21:09:25,-0.883,-0.9570000000000001
2022-03-13 21:09:27,-0.998,-0.872
2022-03-13 21:09:29,-1.212,-1.053
2022-03-13 21:09:30,-0.806,-1.0170000000000001
2022-03-13 21:09:32,-1.25,-0.848
2022-03-13 21:09:34,-1.341,-1.032
2022-03-13 21:09:36,-0.979,-0.9580000000000001
2022-03-13 21:09:37,-1.178,-0.791
2022-03-13 21:09:39,-0.899,-1.096
2022-03-13 21:09:41,-1.0170000000000001,-0.965
2022-03-13 21:09:42,-1.086,-1.036
2022-03-13 21:09:44,-0.9,-0.925
2022-03-13 21:09:46,-1.037,-0.788
2022-03-13 21:09:48,-1.129,-0.967
2022-03-13 21:09:49,-0.857,-0.9530000000000001
2022-03-13 21:09:51,-1.322,-0.918
2022-03-13 21:09:53,-0.9410000000000001,-1.156
2022-03-13 21:09:55,-0.916,-0.801
2022-03-13 21:09:56,-1.21,-0.92
2022-03-13 21:09:58,-0.912,-1.058
2022-03-13 21:10:00,-1.158,-0.797
2022-03-13 21:10:01,-1.28,-0.988
2022-03-13 21:10:03,-0.9460000000000001,-0.932
2022-03-13 21:10:05,-1.335,-0.984
2022-03-13 21:10:07,-0.984,-1.203
2022-03-13 21:10:08,-0.9540000000000001,-1.085
2022-03-13 21:10:10,-1.054,-1.112
2022-03-13 21:10:12,-0.893,-1.192
2022-03-13 21:10:14,-0.9510000000000001,-0.989
2022-03-13 21:10:15,-1.26,-1.056
2022-03-13 21:10:17,-1.145,-1.231
2022-03-13 21:10:19,-0.969,-0.978
2022-03-13 21:10:20,-1.224,-0.708
2022-03-13 21:10:22,-1.0210000000000001,-1.2690000000000001
2022-03-13 21:10:24,-0.918,-1.002
2022-03-13 21:10:26,-1.199,-1.1
2022-03-13 21:10:27,-1.1440000000000001,-1.244
2022-03-13 21:10:29,-0.9520000000000001,-0.9570000000000001
2022-03-13 21:10:31,-1.119,-0.885
2022-03-13 21:10:33,-1.181,-1.018
2022-03-13 21:10:34,-0.884,-0.964
2022-03-13 21:10:36,-1.291,-0.866
2022-03-13 21:10:38,-1.141,-1.057
2022-03-13 21:10:39,-0.894,-1.029
2022-03-13 21:10:41,-1.086,-0.725
2022-03-13 21:10:43,-1.107,-1.02
2022-03-13 21:10:45,-0.801,-1.102
2022-03-13 21:10:46,-1.029,-1.139
2022-03-13 21:10:48,-1.274,-0.88
2022-03-13 21:10:50,-1.187,-1.028
2022-03-13 21:10:52,-1.048,-0.9410000000000001
2022-03-13 21:10:53,-1.334,-0.9410000000000001
2022-03-13 21:10:55,-1.199,-0.991
2022-03-13 21:10:57,-0.999,-1.2670000000000001
2022-03-13 21:10:58,-0.961,-0.973
2022-03-13 21:11:00,-1.097,-1.171
2022-03-13 21:11:02,-0.784,-1.223
2022-03-13 21:11:04,-0.87,-0.998
2022-03-13 21:11:05,-1.165,-0.776
2022-03-13 21:11:07,-0.864,-1.258
2022-03-13 21:11:09,-0.922,-0.93
2022-03-13 21:11:11,-1.098,-1.0110000000000001
2022-03-13 21:11:12,-0.912,-1.239
2022-03-13 21:11:14,-0.9560000000000001,-0.838
2022-03-13 21:11:16,-1.102,-1.0150000000000001
2022-03-13 21:11:17,-0.998,-1.313
2022-03-13 21:11:19,-0.973,-1.088
2022-03-13 21:11:21,-1.098,-1.094
2022-03-13 21:11:23,-0.858,-1.088
2022-03-13 21:11:24,-0.993,-1.045
2022-03-13 21:11:26,-1.1320000000000001,-1.121
2022-03-13 21:11:28,-0.926,-1.212
2022-03-13 21:11:30,-0.881,-1.02
2022-03-13 21:11:31,-1.2550000000000001,-0.752
2022-03-13 21:11:33,-1.162,-1.192
2022-03-13 21:11:35,-0.971,-0.933
2022-03-13 21:11:36,-1.179,-0.843
2022-03-13 21:11:38,-1.165,-0.989
2022-03-13 21:11:40,-0.983,-1.1440000000000001
2022-03-13 21:11:42,-1.2550000000000001,-0.772
2022-03-13 21:11:43,-1.166,-0.9550000000000001
2022-03-13 21:11:45,-1.079,-0.997
2022-03-13 21:11:47,-1.166,-0.877
2022-03-13 21:11:49,-1.118,-1.08
2022-03-13 21:11:50,-1.088,-0.9530000000000001
2022-03-13 21:11:52,-1.231,-0.774
2022-03-13 21:11:54,-1.09,-1.093
2022-03-13 21:11:55,-1.004,-0.978
2022-03-13 21:11:57,-1.214,-0.786
2022-03-13 21:11:59,-1.207,-0.988
2022-03-13 21:12:01,-1.0,-0.985
2022-03-13 21:12:02,-1.341,-0.921
2022-03-13 21:12:04,-0.888,-1.1460000000000001
2022-03-13 21:12:06,-1.054,-1.097
2022-03-13 21:12:08,-1.214,-0.987
2022-03-13 21:12:09,-1.031,-1.2790000000000001
2022-03-13 21:12:11,-0.895,-0.92
2022-03-13 21:12:13,-1.213,-0.965
2022-03-13 21:12:14,-0.895,-1.123
2022-03-13 21:12:16,-1.075,-1.002
2022-03-13 21:12:18,-1.099,-1.012
2022-03-13 21:12:20,-0.856,-1.203
2022-03-13 21:12:21,-0.966,-1.065
2022-03-13 21:12:23,-1.216,-0.9470000000000001
2022-03-13 21:12:25,-0.907,-0.935
2022-03-13 21:12:27,-1.228,-0.858
2022-03-13 21:12:28,-1.187,-0.901
2022-03-13 21:12:30,-0.903,-1.022
2022-03-13 21:12:32,-1.27,-1.1360000000000001
2022-03-13 21:12:33,-0.9470000000000001,-1.139
2022-03-13 21:12:35,-0.9540000000000001,-1.098
2022-03-13 21:12:37,-1.218,-1.1420000000000001
2022-03-13 21:12:39,-0.894,-0.865
2022-03-13 21:12:40,-1.225,-0.979
2022-03-13 21:12:42,-1.191,-0.995
2022-03-13 21:12:44,-0.9590000000000001,-0.931
2022-03-13 21:12:46,-1.352,-0.769
2022-03-13 21:12:47,-1.1280000000000001,-1.196
2022-03-13 21:12:49,-1.087,-0.9570000000000001
2022-03-13 21:12:51,-1.302,-0.977
2022-03-13 21:12:52,-0.871,-1.1360000000000001
2022-03-13 21:12:54,-1.033,-1.05
2022-03-13 21:12:56,-1.241,-1.03
2022-03-13 21:12:58,-0.9530000000000001,-0.969
2022-03-13 21:12:59,-1.2690000000000001,-0.8180000000000001
2022-03-13 21:13:01,-0.893,-1.217
2022-03-13 21:13:03,-1.002,-0.9450000000000001
2022-03-13 21:13:04,-1.195,-1.039
2022-03-13 21:13:06,-0.904,-1.264
2022-03-13 21:13:08,-0.98,-0.765
2022-03-13 21:13:10,-1.188,-0.979
2022-03-13 21:13:11,-0.971,-0.976
2022-03-13 21:13:13,-1.236,-0.745
2022-03-13 21:13:15,-0.882,-1.232
2022-03-13 21:13:17,-1.11,-0.98
2022-03-13 21:13:18,-1.127,-1.022
2022-03-13 21:13:20,-0.901,-1.157
2022-03-13 21:13:22,-0.9470000000000001,-0.859
2022-03-13 21:13:23,-1.182,-0.989
2022-03-13 21:13:25,-0.8210000000000001,-0.98
2022-03-13 21:13:27,-1.3900000000000001,-0.886
2022-03-13 21:13:29,-1.266,-1.072
2022-03-13 21:13:30,-0.932,-1.031
2022-03-13 21:13:32,-1.104,-1.081
2022-03-13 21:13:34,-0.802,-0.9560000000000001
2022-03-13 21:13:36,-1.2730000000000001,-0.9420000000000001
2022-03-13 21:13:37,-1.24,-0.991
2022-03-13 21:13:39,-0.891,-1.004
2022-03-13 21:13:41,-1.066,-0.933
2022-03-13 21:13:42,-0.81,-0.9450000000000001
2022-03-13 21:13:44,-1.36,-0.904
2022-03-13 21:13:46,-1.283,-1.06
2022-03-13 21:13:48,-1.012,-0.985
2022-03-13 21:13:49,-1.364,-0.972
2022-03-13 21:13:51,-0.842,-1.192
2022-03-13 21:13:53,-0.9490000000000001,-0.743
2022-03-13 21:13:55,-1.151,-1.049
2022-03-13 21:13:56,-0.869,-0.9410000000000001
2022-03-13 21:13:58,-1.193,-0.871
2022-03-13 21:14:00,-0.98,-1.342
2022-03-13 21:14:01,-1.044,-1.065
2022-03-13 21:14:03,-1.1440000000000001,-0.927
2022-03-13 21:14:05,-0.891,-0.979
2022-03-13 21:14:07,-1.2530000000000001,-0.9460000000000001
2022-03-13 21:14:08,-1.09,-0.9400000000000001
2022-03-13 21:14:10,-0.9420000000000001,-0.895
2022-03-13 21:14:12,-1.162,-0.9470000000000001
2022-03-13 21:14:14,-0.935,-0.9450000000000001
2022-03-13 21:14:15,-1.233,-0.792
2022-03-13 21:14:17,-0.851,-1.197
2022-03-13 21:14:19,-0.915,-0.806
2022-03-13 21:14:20,-1.188,-1.154
2022-03-13 21:14:22,-0.859,-0.9560000000000001
2022-03-13 21:14:24,-1.337,-0.992
2022-03-13 21:14:26,-0.92,-1.137
2022-03-13 21:14:27,-1.07,-1.074
2022-03-13 21:14:29,-1.129,-0.931
2022-03-13 21:14:31,-0.931,-0.9470000000000001
2022-03-13 21:14:33,-1.156,-0.746
2022-03-13 21:14:34,-0.781,-1.137
2022-03-13 21:14:36,-0.9420000000000001,-0.905
2022-03-13 21:14:38,-1.087,-1.036
2022-03-13 21:14:39,-0.922,-1.106
2022-03-13 21:14:41,-1.147,-1.0190000000000001
2022-03-13 21:14:43,-1.072,-1.029
2022-03-13 21:14:45,-1.238,-1.1260000000000001
2022-03-13 21:14:46,-0.897,-1.062
2022-03-13 21:14:48,-1.206,-0.913
2022-03-13 21:14:50,-1.165,-1.083
2022-03-13 21:14:52,-0.985,-1.0
2022-03-13 21:14:53,-1.199,-1.193
2022-03-13 21:14:55,-0.787,-1.066
2022-03-13 21:14:57,-1.254,-0.92
2022-03-13 21:14:58,-0.882,-1.141
2022-03-13 21:15:00,-1.0070000000000001,-0.797
2022-03-13 21:15:02,-1.222,-1.024
2022-03-13 21:15:04,-0.9480000000000001,-0.963
2022-03-13 21:15:05,-1.162,-0.989
2022-03-13 21:15:07,-0.794,-0.989
2022-03-13 21:15:09,-1.176,-0.885
2022-03-13 21:15:11,-0.971,-1.3780000000000001
2022-03-13 21:15:12,-0.859,-0.987
2022-03-13 21:15:14,-1.118,-1.0010000000000001
2022-03-13 21:15:16,-0.897,-0.9510000000000001
2022-03-13 21:15:17,-1.322,-0.998
2022-03-13 21:15:19,-0.937,-1.24
2022-03-13 21:15:21,-1.245,-0.748
2022-03-13 21:15:23,-1.127,-1.029
2022-03-13 21:15:24,-0.9420000000000001,-1.108
2022-03-13 21:15:26,-1.343,-0.855
2022-03-13 21:15:28,-0.804,-1.218
2022-03-13 21:15:30,-0.982,-1.061
2022-03-13 21:15:31,-1.122,-1.05
2022-03-13 21:15:33,-1.0030000000000001,-0.977
2022-03-13 21:15:35,-1.193,-1.044
2022-03-13 21:15:36,-0.986,-1.18
2022-03-13 21:15:38,-0.981,-0.843
2022-03-13 21:15:40,-1.1340000000000001,-1.108
2022-03-13 21:15:42,-1.074,-0.976
2022-03-13 21:15:43,-1.304,-0.802
2022-03-13 21:15:45,-0.905,-1.201
2022-03-13 21:15:47,-0.994,-0.844
2022-03-13 21:15:49,-1.222,-0.998
2022-03-13 21:15:50,-0.867,-0.978
2022-03-13 21:15:52,-1.194,-0.8270000000000001
2022-03-13 21:15:54,-1.164,-1.231
2022-03-13 21:15:55,-0.927,-0.986
2022-03-13 21:15:57,-1.164,-1.065
2022-03-13 21:15:59,-0.971,-1.1420000000000001
2022-03-13 21:16:01,-0.962,-0.8260000000000001
2022-03-13 21:16:02,-1.118,-0.961
2022-03-13 21:16:04,-0.98,-0.989
2022-03-13 21:16:06,-1.167,-1.0130000000000001
2022-03-13 21:16:08,-0.844,-1.0110000000000001
2022-03-13 21:16:09,-1.101,-0.853
2022-03-13 21:16:11,-1.116,-1.0050000000000001
2022-03-13 21:16:13,-0.929,-1.047
2022-03-13 21:16:14,-1.209,-1.147
2022-03-13 21:16:16,-0.877,-1.185
2022-03-13 21:16:18,-0.931,-0.978
2022-03-13 21:16:20,-1.227,-1.093
2022-03-13 21:16:21,-1.0,-1.041
2022-03-13 21:16:23,-1.218,-0.8260000000000001
2022-03-13 21:16:25,-1.145,-1.221
2022-03-13 21:16:27,-0.985,-0.9380000000000001
2022-03-13 21:16:28,-1.191,-0.997
2022-03-13 21:16:30,-0.864,-1.217
2022-03-13 21:16:32,-0.913,-0.979
2022-03-13 21:16:33,-1.216,-1.012
2022-03-13 21:16:35,-0.8320000000000001,-1.054
2022-03-13 21:16:37,-1.2570000000000001,-0.871
2022-03-13 21:16:39,-1.192,-1.198
2022-03-13 21:16:40,-0.9440000000000001,-0.977
2022-03-13 21:16:42,-1.305,-1.064
2022-03-13 21:16:44,-0.909,-1.112
2022-03-13 21:16:46,-1.0150000000000001,-0.9520000000000001
2022-03-13 21:16:47,-1.108,-1.051
2022-03-13 21:16:49,-0.9380000000000001,-1.35
2022-03-13 21:16:51,-1.059,-0.8200000000000001
2022-03-13 21:16:52,-1.173,-0.983
2022-03-13 21:16:54,-1.0110000000000001,-1.122
2022-03-13 21:16:56,-1.24,-0.905
2022-03-13 21:16:58,-0.922,-1.1340000000000001
2022-03-13 21:16:59,-0.995,-0.9460000000000001
2022-03-13 21:17:01,-1.229,-1.1520000000000001
2022-03-13 21:17:03,-1.094,-0.97
2022-03-13 21:17:05,-1.225,-0.793
2022-03-13 21:17:06,-1.108,-1.335
2022-03-13 21:17:08,-1.0010000000000001,-1.056
2022-03-13 21:17:10,-1.097,-1.018
2022-03-13 21:17:11,-0.973,-1.341
2022-03-13 21:17:13,-0.904,-0.857
2022-03-13 21:17:15,-1.237,-0.9590000000000001
2022-03-13 21:17:17,-0.838,-1.038
2022-03-13 21:17:18,-1.236,-0.812
2022-03-13 21:17:20,-1.149,-0.986
2022-03-13 21:17:22,-1.0,-1.014
2022-03-13 21:17:24,-1.281,-0.9540000000000001
2022-03-13 21:17:25,-1.08,-1.0090000000000001
2022-03-13 21:17:27,-0.921,-0.977
2022-03-13 21:17:29,-1.283,-0.8290000000000001
2022-03-13 21:17:30,-0.896,-1.202
2022-03-13 21:17:32,-1.032,-0.966
2022-03-13 21:17:34,-1.272,-1.101
2022-03-13 21:17:36,-0.839,-1.162
2022-03-13 21:17:37,-1.328,-0.85
2022-03-13 21:17:39,-1.097,-1.037
2022-03-13 21:17:41,-1.027,-1.133
2022-03-13 21:17:43,-1.18,-0.8240000000000001
2022-03-13 21:17:44,-1.227,-1.004
2022-03-13 21:17:46,-0.992,-1.127
2022-03-13 21:17:48,-1.215,-0.808
2022-03-13 21:17:49,-1.068,-1.241
2022-03-13 21:17:51,-0.9390000000000001,-1.014
2022-03-13 21:17:53,-1.162,-1.067
2022-03-13 21:17:55,-0.988,-1.282
2022-03-13 21:17:56,-0.9390000000000001,-0.793
2022-03-13 21:17:58,-1.2790000000000001,-1.191
2022-03-13 21:18:00,-0.969,-0.9
2022-03-13 21:18:02,-1.2610000000000001,-0.97
2022-03-13 21:18:03,-1.2510000000000001,-0.986
2022-03-13 21:18:05,-0.985,-0.965
2022-03-13 21:18:07,-1.336,-1.046
2022-03-13 21:18:08,-0.88,-1.159
2022-03-13 21:18:10,-0.974,-1.121
2022-03-13 21:18:12,-1.08,-1.039
2022-03-13 21:18:14,-0.87,-1.313
2022-03-13 21:18:15,-1.096,-0.848
2022-03-13 21:18:17,-1.151,-1.067
2022-03-13 21:18:19,-0.994,-1.002
2022-03-13 21:18:21,-1.21,-0.835
2022-03-13 21:18:22,-0.885,-1.155
2022-03-13 21:18:24,-0.907,-0.912
2022-03-13 21:18:26,-1.184,-1.0190000000000001
2022-03-13 21:18:27,-0.887,-0.937
2022-03-13 21:18:29,-1.18,-0.874
2022-03-13 21:18:31,-0.874,-1.1280000000000001
2022-03-13 21:18:33,-1.049,-0.9520000000000001
2022-03-13 21:18:34,-1.194,-1.027
2022-03-13 21:18:36,-0.928,-1.082
2022-03-13 21:18:38,-1.014,-1.012
2022-03-13 21:18:40,-1.215,-1.03
2022-03-13 21:18:41,-0.887,-1.159
2022-03-13 21:18:43,-1.026,-1.101
2022-03-13 21:18:45,-1.171,-0.999
2022-03-13 21:18:46,-0.842,-1.033
2022-03-13 21:18:48,-0.991,-0.766
2022-03-13 21:18:50,-1.241,-1.114
2022-03-13 21:18:52,-1.047,-1.039
2022-03-13 21:18:53,-1.313,-1.0190000000000001
2022-03-13 21:18:55,-0.865,-1.091
2022-03-13 21:18:57,-1.23,-0.8140000000000001
2022-03-13 21:18:59,-1.216,-0.988
2022-03-13 21:19:00,-0.9510000000000001,-1.089
2022-03-13 21:19:02,-1.187,-0.8210000000000001
2022-03-13 21:19:04,-1.049,-1.349
2022-03-13 21:19:05,-1.049,-1.093
2022-03-13 21:19:07,-1.159,-0.9540000000000001
2022-03-13 21:19:09,-1.0050000000000001,-1.166
2022-03-13 21:19:11,-1.0,-0.891
2022-03-13 21:19:12,-1.208,-1.1300000000000001
2022-03-13 21:19:14,-0.837,-1.032
2022-03-13 21:19:16,-0.923,-0.8140000000000001
2022-03-13 21:19:18,-1.1440000000000001,-1.049
2022-03-13 21:19:19,-1.0170000000000001,-1.18
2022-03-13 21:19:21,-1.31,-0.8270000000000001
2022-03-13 21:19:23,-1.283,-1.027
2022-03-13 21:19:24,-0.904,-1.028
2022-03-13 21:19:26,-1.049,-1.137
2022-03-13 21:19:28,-0.882,-1.201
2022-03-13 21:19:30,-0.972,-1.0130000000000001
2022-03-13 21:19:31,-1.242,-0.992
2022-03-13 21:19:33,-0.912,-1.168
2022-03-13 21:19:35,-1.0170000000000001,-0.871
2022-03-13 21:19:37,-1.155,-0.976
2022-03-13 21:19:38,-1.054,-1.158
2022-03-13 21:19:40,-1.133,-0.915
2022-03-13 21:19:42,-1.207,-0.937
2022-03-13 21:19:43,-1.0150000000000001,-0.9580000000000001
2022-03-13 21:19:45,-1.198,-1.153
2022-03-13 21:19:47,-0.9590000000000001,-1.311
2022-03-13 21:19:49,-0.9440000000000001,-0.915
2022-03-13 21:19:50,-1.192,-1.0030000000000001
2022-03-13 21:19:52,-0.911,-1.167
2022-03-13 21:19:54,-0.967,-0.8130000000000001
2022-03-13 21:19:56,-1.272,-1.113
2022-03-13 21:19:57,-0.937,-0.9520000000000001
2022-03-13 21:19:59,-1.201,-0.897
2022-03-13 21:20:01,-1.176,-1.2
2022-03-13 21:20:02,-0.9480000000000001,-0.988
2022-03-13 21:20:04,-1.094,-1.002
2022-03-13 21:20:06,-0.851,-0.975
2022-03-13 21:20:08,-1.072,-0.74
2022-03-13 21:20:09,-1.165,-1.0
2022-03-13 21:20:11,-0.991,-1.105
2022-03-13 21:20:13,-1.289,-0.973
2022-03-13 21:20:15,-0.925,-1.098
2022-03-13 21:20:16,-0.997,-1.097
2022-03-13 21:20:18,-1.072,-1.044
2022-03-13 21:20:20,-0.777,-1.254
2022-03-13 21:20:21,-1.311,-0.773
2022-03-13 21:20:23,-1.097,-0.976
2022-03-13 21:20:25,-1.006,-0.997
2022-03-13 21:20:27,-1.314,-0.838
2022-03-13 21:20:28,-0.844,-1.226
2022-03-13 21:20:30,-0.987,-0.762
2022-03-13 21:20:32,-1.124,-1.026
2022-03-13 21:20:34,-1.002,-0.9390000000000001
2022-03-13 21:20:35,-1.342,-1.006
2022-03-13 21:20:37,-0.887,-1.095
2022-03-13 21:20:39,-0.964,-0.773
2022-03-13 21:20:40,-1.09,-1.038
2022-03-13 21:20:42,-0.999,-0.892
2022-03-13 21:20:44,-1.176,-0.971
2022-03-13 21:20:46,-0.936,-1.014
2022-03-13 21:20:47,-1.294,-0.8240000000000001
2022-03-13 21:20:49,-1.125,-1.0170000000000001
2022-03-13 21:20:51,-0.925,-1.032
2022-03-13 21:20:53,-1.249,-1.0010000000000001
2022-03-13 21:20:54,-0.847,-0.981
2022-03-13 21:20:56,-1.288,-0.841
2022-03-13 21:20:58,-1.12,-1.0190000000000001
2022-03-13 21:20:59,-0.983,-0.874
2022-03-13 21:21:01,-1.085,-0.978
2022-03-13 21:21:03,-0.9450000000000001,-0.9390000000000001
2022-03-13 21:21:05,-1.164,-0.786
2022-03-13 21:21:06,-1.325,-1.086
2022-03-13 21:21:08,-0.93,-1.0050000000000001
2022-03-13 21:21:10,-1.205,-1.027
2022-03-13 21:21:12,-0.899,-0.9560000000000001
2022-03-13 21:21:13,-1.113,-0.8240000000000001
2022-03-13 21:21:15,-0.847,-1.216
2022-03-13 21:21:17,-0.872,-0.833
2022-03-13 21:21:18,-1.224,-1.177
2022-03-13 21:21:20,-0.976,-0.9490000000000001
2022-03-13 21:21:22,-1.202,-0.895
2022-03-13 21:21:24,-0.873,-1.211
2022-03-13 21:21:25,-1.002,-0.921
2022-03-13 21:21:27,-1.1400000000000001,-0.926
2022-03-13 21:21:29,-1.058,-0.969
2022-03-13 21:21:31,-1.115,-1.061
2022-03-13 21:21:32,-0.894,-0.963
2022-03-13 21:21:34,-1.362,-0.93
2022-03-13 21:21:36,-1.362,-0.9440000000000001
2022-03-13 21:21:37,-0.9390000000000001,-0.933
2022-03-13 21:21:39,-1.145,-0.994
2022-03-13 21:21:41,-0.995,-1.233
2022-03-13 21:21:43,-0.92,-0.806
2022-03-13 21:21:44,-1.268,-1.1460000000000001
2022-03-13 21:21:46,-1.058,-1.02
2022-03-13 21:21:48,-1.315,-0.8180000000000001
2022-03-13 21:21:49,-0.894,-1.135
2022-03-13 21:21:51,-0.988,-0.9510000000000001
2022-03-13 21:21:53,-1.1300000000000001,-1.056
2022-03-13 21:21:55,-0.918,-1.301
2022-03-13 21:21:56,-0.981,-0.8210000000000001
2022-03-13 21:21:58,-1.112,-1.047
2022-03-13 21:22:00,-0.978,-1.158
2022-03-13 21:22:02,-1.2590000000000001,-0.935
2022-03-13 21:22:03,-0.935,-1.175
2022-03-13 21:22:05,-0.96,-1.094
2022-03-13 21:22:07,-1.1480000000000001,-1.049
2022-03-13 21:22:08,-0.8170000000000001,-1.0230000000000001
2022-03-13 21:22:10,-1.193,-0.878
2022-03-13 21:22:12,-0.87,-1.196
2022-03-13 21:22:14,-1.048,-1.071
2022-03-13 21:22:15,-1.168,-1.01
2022-03-13 21:22:17,-0.895,-0.969
2022-03-13 21:22:19,-1.295,-0.964
2022-03-13 21:22:21,-1.214,-1.1380000000000001
2022-03-13 21:22:22,-0.966,-0.9500000000000001
2022-03-13 21:22:24,-1.165,-1.143
2022-03-13 21:22:26,-0.9380000000000001,-1.178
2022-03-13 21:22:27,-0.866,-0.811
2022-03-13 21:22:29,-1.1380000000000001,-0.986
2022-03-13 21:22:31,-1.0070000000000001,-0.9490000000000001
2022-03-13 21:22:33,-1.294,-0.788
2022-03-13 21:22:34,-1.1520000000000001,-1.2730000000000001
2022-03-13 21:22:36,-1.038,-0.991
2022-03-13 21:22:38,-1.113,-1.078
2022-03-13 21:22:40,-0.978,-0.999
2022-03-13 21:22:41,-1.234,-0.931
2022-03-13 21:22:43,-1.2570000000000001,-0.993
2022-03-13 21:22:45,-1.002,-1.1300000000000001
2022-03-13 21:22:46,-1.317,-1.04
2022-03-13 21:22:48,-0.929,-1.167
2022-03-13 21:22:50,-1.006,-0.921
2022-03-13 21:22:52,-1.283,-1.117
2022-03-13 21:22:53,-0.997,-1.038
2022-03-13 21:22:55,-1.207,-0.863
2022-03-13 21:22:57,-1.2630000000000001,-1.243
2022-03-13 21:22:59,-0.895,-0.928
2022-03-13 21:23:00,-1.204,-1.204
2022-03-13 21:23:02,-0.925,-1.1260000000000001
2022-03-13 21:23:04,-0.979,-1.11
2022-03-13 21:23:05,-1.118,-1.03
2022-03-13 21:23:07,-0.973,-1.29
2022-03-13 21:23:09,-1.268,-0.986
2022-03-13 21:23:11,-1.25,-1.125
2022-03-13 21:23:12,-1.103,-1.111
2022-03-13 21:23:14,-1.1320000000000001,-0.966
2022-03-13 21:23:16,-0.9590000000000001,-1.058
2022-03-13 21:23:18,-1.248,-0.851
2022-03-13 21:23:19,-1.085,-1.313
2022-03-13 21:23:21,-0.9410000000000001,-0.9580000000000001
2022-03-13 21:23:23,-1.223,-0.973
2022-03-13 21:23:24,-0.909,-1.208
2022-03-13 21:23:26,-1.008,-0.743
2022-03-13 21:23:28,-1.159,-0.973
2022-03-13 21:23:30,-1.022,-1.054
2022-03-13 21:23:31,-1.3,-0.966
2022-03-13 21:23:33,-0.853,-1.158
2022-03-13 21:23:35,-0.961,-1.067
2022-03-13 21:23:37,-1.278,-1.0070000000000001
2022-03-13 21:23:38,-0.88,-1.05
2022-03-13 21:23:40,-1.222,-0.859
2022-03-13 21:23:42,-1.073,-1.2770000000000001
2022-03-13 21:23:43,-0.986,-0.983
2022-03-13 21:23:45,-1.175,-0.9470000000000001
2022-03-13 21:23:47,-0.882,-0.996
2022-03-13 21:23:49,-1.208,-0.745
2022-03-13 21:23:50,-0.9470000000000001,-1.183
2022-03-13 21:23:52,-0.9470000000000001,-0.746
2022-03-13 21:23:54,-1.182,-1.069
2022-03-13 21:23:56,-0.974,-0.97
2022-03-13 21:23:57,-1.221,-1.068
2022-03-13 21:23:59,-0.961,-1.161
2022-03-13 21:24:01,-0.9400000000000001,-0.877
2022-03-13 21:24:02,-1.196,-1.127
2022-03-13 21:24:04,-1.0130000000000001,-1.02
2022-03-13 21:24:06,-1.226,-0.743
2022-03-13 21:24:08,-0.882,-1.195
2022-03-13 21:24:09,-0.965,-1.04
2022-03-13 21:24:11,-1.2730000000000001,-1.081
2022-03-13 21:24:13,-0.9520000000000001,-0.962
2022-03-13 21:24:15,-1.238,-0.8140000000000001
2022-03-13 21:24:16,-1.197,-1.014
2022-03-13 21:24:18,-1.036,-0.996
2022-03-13 21:24:20,-1.1300000000000001,-0.9520000000000001
2022-03-13 21:24:21,-1.035,-1.315
2022-03-13 21:24:23,-1.349,-0.893
2022-03-13 21:24:25,-1.1360000000000001,-1.228
2022-03-13 21:24:27,-1.07,-1.0090000000000001
2022-03-13 21:24:28,-1.115,-1.004
2022-03-13 21:24:30,-0.842,-1.232
2022-03-13 21:24:32,-1.071,-0.722
2022-03-13 21:24:34,-1.149,-0.993
2022-03-13 21:24:35,-0.92,-0.975
2022-03-13 21:24:37,-1.119,-1.024
2022-03-13 21:24:39,-0.937,-1.062
2022-03-13 21:24:40,-0.916,-0.875
2022-03-13 21:24:42,-1.264,-1.043
2022-03-13 21:24:44,-0.9500000000000001,-0.923
2022-03-13 21:24:46,-1.325,-1.031
2022-03-13 21:24:47,-1.301,-1.116
2022-03-13 21:24:49,-1.0070000000000001,-0.933
2022-03-13 21:24:51,-1.217,-1.02
2022-03-13 21:24:53,-0.984,-1.297
2022-03-13 21:24:54,-1.0050000000000001,-0.869
2022-03-13 21:24:56,-1.149,-0.983
2022-03-13 21:24:58,-0.932,-1.099
2022-03-13 21:24:59,-1.313,-1.01
2022-03-13 21:25:01,-0.992,-1.071
2022-03-13 21:25:03,-0.929,-1.092
2022-03-13 21:25:05,-1.229,-1.012
2022-03-13 21:25:06,-0.999,-0.914
2022-03-13 21:25:08,-1.288,-0.929
2022-03-13 21:25:10,-1.266,-0.934
2022-03-13 21:25:12,-0.888,-0.987
2022-03-13 21:25:13,-1.224,-1.03
2022-03-13 21:25:15,-0.99,-1.195
2022-03-13 21:25:17,-1.0070000000000001,-0.874
2022-03-13 21:25:18,-1.202,-1.1480000000000001
2022-03-13 21:25:20,-1.039,-0.9430000000000001
2022-03-13 21:25:22,-1.258,-0.8260000000000001
2022-03-13 21:25:24,-1.235,-1.1340000000000001
2022-03-13 21:25:25,-1.064,-1.0030000000000001
2022-03-13 21:25:27,-1.192,-1.075
2022-03-13 21:25:29,-0.907,-1.176
2022-03-13 21:25:31,-0.967,-0.746
2022-03-13 21:25:32,-1.133,-1.034
2022-03-13 21:25:34,-1.016,-1.094
2022-03-13 21:25:36,-1.216,-0.986
2022-03-13 21:25:37,-0.9580000000000001,-0.969
2022-03-13 21:25:39,-1.247,-0.735
2022-03-13 21:25:41,-0.903,-1.201
2022-03-13 21:25:43,-0.981,-1.108
2022-03-13 21:25:44,-1.18,-0.991
2022-03-13 21:25:46,-1.059,-0.924
2022-03-13 21:25:48,-1.2590000000000001,-0.71
2022-03-13 21:25:50,-1.27,-0.991
2022-03-13 21:25:51,-0.9570000000000001,-0.9440000000000001
2022-03-13 21:25:53,-1.173,-1.07
2022-03-13 21:25:55,-0.928,-0.971
2022-03-13 21:25:56,-1.401,-0.865
2022-03-13 21:25:58,-1.202,-0.9540000000000001
2022-03-13 21:26:00,-0.98,-0.9460000000000001
2022-03-13 21:26:02,-1.161,-1.051
2022-03-13 21:26:03,-0.843,-0.935
2022-03-13 21:26:05,-1.256,-0.779
2022-03-13 21:26:07,-1.204,-1.025
2022-03-13 21:26:09,-0.9470000000000001,-0.993
2022-03-13 21:26:10,-1.2590000000000001,-1.1360000000000001
2022-03-13 21:26:12,-1.05,-1.272
2022-03-13 21:26:14,-1.0210000000000001,-0.709
2022-03-13 21:26:15,-1.151,-1.018
2022-03-13 21:26:17,-0.9430000000000001,-0.928
2022-03-13 21:26:19,-1.243,-0.867
2022-03-13 21:26:21,-0.9410000000000001,-1.151
2022-03-13 21:26:22,-1.042,-0.768
2022-03-13 21:26:24,-1.197,-1.018
2022-03-13 21:26:26,-1.0090000000000001,-1.113
2022-03-13 21:26:28,-1.27,-0.775
2022-03-13 21:26:29,-0.835,-1.198
2022-03-13 21:26:31,-0.9480000000000001,-0.8230000000000001
2022-03-13 21:26:33,-1.204,-1.117
2022-03-13 21:26:34,-1.194,-0.937
2022-03-13 21:26:36,-1.2670000000000001,-0.812
2022-03-13 21:26:38,-1.163,-1.012
2022-03-13 21:26:40,-0.899,-0.9560000000000001
2022-03-13 21:26:41,-1.19,-1.043
2022-03-13 21:26:43,-0.982,-1.176
2022-03-13 21:26:45,-0.9560000000000001,-0.8230000000000001
2022-03-13 21:26:47,-1.11,-1.067
2022-03-13 21:26:48,-0.969,-1.106
2022-03-13 21:26:50,-1.303,-0.768
2022-03-13 21:26:52,-1.17,-1.237
2022-03-13 21:26:53,-1.0090000000000001,-0.973
2022-03-13 21:26:55,-1.226,-1.122
2022-03-13 21:26:57,-1.032,-1.093
2022-03-13 21:26:59,-1.01,-0.8320000000000001
2022-03-13 21:27:00,-1.163,-1.18
2022-03-13 21:27:02,-1.1500000000000001,-0.9520000000000001
2022-03-13 21:27:04,-1.244,-0.8190000000000001
2022-03-13 21:27:06,-1.162,-1.214
2022-03-13 21:27:07,-1.034,-0.96
2022-03-13 21:27:09,-1.283,-0.878
2022-03-13 21:27:11,-0.9590000000000001,-1.135
2022-03-13 21:27:12,-1.107,-1.071
2022-03-13 21:27:14,-1.226,-0.9530000000000001
2022-03-13 21:27:16,-0.851,-0.962
2022-03-13 21:27:18,-1.302,-0.78
2022-03-13 21:27:19,-1.252,-1.232
2022-03-13 21:27:21,-1.056,-1.069
2022-03-13 21:27:23,-1.233,-1.095
2022-03-13 21:27:25,-1.096,-0.9530000000000001
2022-03-13 21:27:26,-1.238,-0.8280000000000001
2022-03-13 21:27:28,-0.991,-1.151
2022-03-13 21:27:30,-0.929,-0.7030000000000001
2022-03-13 21:27:31,-1.057,-1.324
2022-03-13 21:27:33,-0.968,-0.9520000000000001
2022-03-13 21:27:35,-1.181,-0.989
2022-03-13 21:27:37,-1.026,-1.2650000000000001
2022-03-13 21:27:38,-1.221,-0.773
2022-03-13 21:27:40,-1.294,-1.0190000000000001
2022-03-13 21:27:42,-1.057,-1.027
2022-03-13 21:27:44,-1.109,-0.973
2022-03-13 21:27:45,-0.929,-0.914
2022-03-13 21:27:47,-1.311,-0.906
2022-03-13 21:27:49,-0.903,-1.23
2022-03-13 21:27:50,-1.025,-0.785
2022-03-13 21:27:52,-1.209,-0.977
2022-03-13 21:27:54,-1.026,-0.965
2022-03-13 21:27:56,-1.312,-0.756
2022-03-13 21:27:57,-0.891,-1.164
2022-03-13 21:27:59,-1.014,-0.834
2022-03-13 21:28:01,-1.286,-1.036
2022-03-13 21:28:03,-0.859,-0.968
2022-03-13 21:28:04,-1.223,-0.966
2022-03-13 21:28:06,-1.185,-0.931
2022-03-13 21:28:08,-1.076,-1.041
2022-03-13 21:28:09,-1.375,-0.765
2022-03-13 21:28:11,-0.977,-1.143
2022-03-13 21:28:13,-0.932,-0.8280000000000001
2022-03-13 21:28:15,-1.26,-0.936
2022-03-13 21:28:16,-0.806,-0.935
2022-03-13 21:28:18,-1.409,-0.881
2022-03-13 21:28:20,-1.172,-0.9490000000000001
2022-03-13 21:28:22,-1.034,-1.089
2022-03-13 21:28:23,-1.238,-0.864
2022-03-13 21:28:25,-1.106,-1.245
2022-03-13 21:28:27,-0.966,-1.056
2022-03-13 21:28:28,-1.237,-0.791
2022-03-13 21:28:30,-0.9520000000000001,-1.135
2022-03-13 21:28:32,-0.9,-0.868
2022-03-13 21:28:34,-1.299,-1.085
2022-03-13 21:28:35,-0.906,-0.996
2022-03-13 21:28:37,-1.165,-0.8280000000000001
2022-03-13 21:28:39,-1.221,-1.096
2022-03-13 21:28:41,-1.091,-0.935
2022-03-13 21:28:42,-1.221,-0.745
2022-03-13 21:28:44,-1.1360000000000001,-1.2750000000000001
2022-03-13 21:28:46,-1.022,-1.111
2022-03-13 21:28:47,-1.1400000000000001,-0.997
2022-03-13 21:28:49,-0.929,-1.176
2022-03-13 21:28:51,-1.0210000000000001,-0.793
2022-03-13 21:28:53,-1.164,-1.058
2022-03-13 21:28:54,-1.162,-0.963
2022-03-13 21:28:56,-1.248,-0.781
2022-03-13 21:28:58,-1.106,-1.213
2022-03-13 21:29:00,-0.978,-1.034
2022-03-13 21:29:01,-1.2,-0.8290000000000001
2022-03-13 21:29:03,-0.8150000000000001,-1.236
2022-03-13 21:29:05,-0.973,-0.998
2022-03-13 21:29:06,-1.332,-1.0010000000000001
2022-03-13 21:29:08,-0.884,-1.221
2022-03-13 21:29:10,-1.014,-0.981
2022-03-13 21:29:12,-1.244,-1.0170000000000001
2022-03-13 21:29:13,-0.977,-1.371
2022-03-13 21:29:15,-0.989,-0.724
2022-03-13 21:29:17,-1.172,-1.072
2022-03-13 21:29:19,-0.882,-0.966
2022-03-13 21:29:20,-1.324,-0.998
2022-03-13 21:29:22,-1.226,-1.055
2022-03-13 21:29:24,-1.118,-0.933
2022-03-13 21:29:25,-1.207,-0.99
2022-03-13 21:29:27,-0.873,-0.966
2022-03-13 21:29:29,-1.018,-0.774
2022-03-13 21:29:31,-1.283,-0.98
2022-03-13 21:29:32,-0.9420000000000001,-1.059
2022-03-13 21:29:34,-1.294,-0.865
2022-03-13 21:29:36,-1.149,-1.053
2022-03-13 21:29:38,-1.064,-1.084
2022-03-13 21:29:39,-1.28,-1.1460000000000001
2022-03-13 21:29:41,-0.9550000000000001,-1.102
2022-03-13 21:29:43,-0.931,-0.8130000000000001
2022-03-13 21:29:44,-1.237,-1.114
2022-03-13 21:29:46,-1.04,-0.913
2022-03-13 21:29:48,-1.2,-0.877
2022-03-13 21:29:50,-0.889,-1.2650000000000001
2022-03-13 21:29:51,-1.008,-1.006
2022-03-13 21:29:53,-1.205,-0.985
2022-03-13 21:29:55,-1.045,-1.225
2022-03-13 21:29:57,-1.0050000000000001,-0.809
2022-03-13 21:29:58,-1.197,-0.9550000000000001
2022-03-13 21:30:00,-0.91,-0.969
2022-03-13 21:30:00,-0.91,-0.969
